location,arabic,type,before,after,method / reason,scholar check (Y/N),note
9:67:2,وَٱلْمُنَٰفِقَٰتُ,grammar case,GEN,NOM,"Coordinated with the subject ٱلْمُنَٰفِقُونَ (مبتدأ) — marfūʿ, ending ـاتُ",,
9:71:2,وَٱلْمُؤْمِنَٰتُ,grammar case,GEN,NOM,"Coordinated with the subject ٱلْمُؤْمِنُونَ — marfūʿ, ending ـاتُ",,
12:43:14,وَأُخَرَ,grammar case,NOM,GEN,"Coordinated with سُنۢبُلَٰتٍ (majrūr) — diptote, majrūr with fatḥa (أُخَرَ)",,
14:37:8,ذِى,grammar case,ACC,GEN,Second term of iḍāfa after غَيْرِ — majrūr; ذِى is the genitive of ذُو,,
16:90:7,ذِى,grammar case,NOM,GEN,Second term of iḍāfa after إِيتَآءِ — majrūr (ذِى),,
18:18:6,ذَاتَ,grammar case,NOM,ACC,Adverb of place (ظرف) — manṣūb (ذَاتَ),,
18:18:8,وَذَاتَ,grammar case,NOM,ACC,Coordinated adverb — manṣūb (ذَاتَ),,
18:46:6,وَٱلْبَٰقِيَٰتُ,grammar case,GEN,NOM,"Subject (مبتدأ) of خَيْرٌ — marfūʿ, ending ـاتُ",,
18:46:7,ٱلصَّٰلِحَٰتُ,grammar case,GEN,NOM,Adjective of the marfūʿ subject — marfūʿ,,
18:49:9,يَٰوَيْلَتَنَا,grammar case,NOM,ACC,Vocative in iḍāfa (منادى مضاف) after يَٰ — manṣūb,,
19:76:6,وَٱلْبَٰقِيَٰتُ,grammar case,GEN,NOM,Subject (مبتدأ) of خَيْرٌ — marfūʿ,,
19:76:7,ٱلصَّٰلِحَٰتُ,grammar case,GEN,NOM,Adjective of the marfūʿ subject — marfūʿ,,
21:46:8,يَٰوَيْلَنَآ,grammar case,NOM,ACC,Vocative in iḍāfa (منادى مضاف) — manṣūb,,
21:97:10,يَٰوَيْلَنَا,grammar case,NOM,ACC,Vocative in iḍāfa (منادى مضاف) — manṣūb,,
26:19:2,فَعْلَتَكَ,grammar case,NOM,ACC,Object (مفعول به) of فَعَلْتَ — manṣūb (فَعْلَتَكَ),,
27:60:13,ذَاتَ,grammar case,NOM,ACC,"Adjective of حَدَآئِقَ (object, manṣūb) — manṣūb (ذَاتَ)",,
33:30:1,يَٰنِسَآءَ,grammar case,NOM,ACC,Vocative in iḍāfa (منادى مضاف) after يَٰ — manṣūb,,
35:1:9,أُو۟لِىٓ,grammar case,NOM,ACC,Adjective of رُسُلًا (manṣūb) — manṣūb (أُو۟لِىٓ),,
36:52:2,يَٰوَيْلَنَا,grammar case,NOM,ACC,Vocative in iḍāfa (منادى مضاف) — manṣūb,,
37:20:2,يَٰوَيْلَنَا,grammar case,NOM,ACC,Vocative in iḍāfa (منادى مضاف) — manṣūb,,
37:48:2,قَٰصِرَٰتُ,grammar case,GEN,NOM,Delayed subject (مبتدأ مؤخر) after وَعِندَهُمْ — marfūʿ,,
38:31:5,ٱلصَّٰفِنَٰتُ,grammar case,GEN,NOM,Deputy doer (نائب فاعل) of عُرِضَ — marfūʿ,,
38:45:6,أُو۟لِى,grammar case,NOM,ACC,Adjective/apposition of عِبَٰدَنَآ (object of ٱذْكُرْ) — manṣūb (أُو۟لِى),,
38:52:2,قَٰصِرَٰتُ,grammar case,GEN,NOM,Delayed subject (مبتدأ مؤخر) after وَعِندَهُمْ — marfūʿ,,
39:28:4,ذِى,grammar case,NOM,GEN,Second term of iḍāfa after غَيْرَ — majrūr (ذِى),,
39:37:11,ذِى,grammar case,NOM,GEN,Adjective of بِعَزِيزٍ (majrūr) — majrūr (ذِى),,
39:38:22,كَٰشِفَٰتُ,grammar case,GEN,NOM,Predicate (خبر) of هُنَّ — marfūʿ,,
39:38:29,مُمْسِكَٰتُ,grammar case,GEN,NOM,Predicate (خبر) of هُنَّ — marfūʿ,,
40:3:7,ذِى,grammar case,NOM,GEN,"Adjective of ٱللَّهِ (40:2), in the genitive chain غَافِرِ … شَدِيدِ … — majrūr (ذِى)",,
46:32:14,أَوْلِيَآءُ,grammar case,ACC,NOM,Delayed noun of لَيْسَ (اسم ليس مؤخر) — marfūʿ (أَوْلِيَآءُ),,
48:16:8,أُو۟لِى,grammar case,NOM,GEN,Adjective of قَوْمٍ (after إِلَىٰ) — majrūr (أُو۟لِى),,
55:33:1,يَٰمَعْشَرَ,grammar case,NOM,ACC,Vocative in iḍāfa (منادى مضاف) after يَٰ — manṣūb,,
55:78:4,ذِى,grammar case,NOM,GEN,"Adjective of رَبِّكَ (majrūr) — majrūr (ذِى); contrast 55:27 ذُو (marfūʿ, for وَجْهُ)",,
57:13:4,وَٱلْمُنَٰفِقَٰتُ,grammar case,GEN,NOM,Coordinated with the doer ٱلْمُنَٰفِقُونَ (فاعل) — marfūʿ,,
4:24:15,ذَٰلِكُمْ,English word meaning,that,That,same word's meaning elsewhere in Quran.com WBW,,
4:24:16,أَن,English word meaning,that,that,same word's meaning elsewhere in Quran.com WBW,,
9:3:2,مِّنَ,English word meaning,from Allah,of,same word's meaning elsewhere in Quran.com WBW,,
9:3:3,ٱللَّهِ,English word meaning,from Allah,Allah,same word's meaning elsewhere in Quran.com WBW,,
9:3:8,ٱلْحَجِّ,English word meaning,(of) the greater Pilgrimage,(of) the Pilgrimage,split by hand from the translator's phrase,,
9:3:9,ٱلْأَكْبَرِ,English word meaning,(of) the greater Pilgrimage,the greater,split by hand from the translator's phrase,,
9:5:3,ٱلْأَشْهُرُ,English word meaning,the sacred months,the months,split by hand from the translator's phrase,,
9:5:4,ٱلْحُرُمُ,English word meaning,the sacred months,the sacred,split by hand from the translator's phrase,,
9:6:9,كَلَٰمَ,English word meaning,(the) Words of Allah,(the) words,same word's meaning elsewhere in Quran.com WBW,,
9:6:10,ٱللَّهِ,English word meaning,(the) Words of Allah,Allah,same word's meaning elsewhere in Quran.com WBW,,
9:6:17,لَّا,English word meaning,(who) do not know,not,same word's meaning elsewhere in Quran.com WBW,,
9:6:18,يَعْلَمُونَ,English word meaning,(who) do not know,know,same word's meaning elsewhere in Quran.com WBW,,
9:8:5,لَا,English word meaning,they do not regard (the ties),not,same word's meaning elsewhere in Quran.com WBW,,
9:8:6,يَرْقُبُوا۟,English word meaning,they do not regard (the ties),they respect (the ties),same word's meaning elsewhere in Quran.com WBW,,
9:9:2,بِـَٔايَٰتِ,English word meaning,[with] the Verses of Allah,[with] (the) Verses,split by hand from the translator's phrase,,
9:9:3,ٱللَّهِ,English word meaning,[with] the Verses of Allah,(of) Allah,split by hand from the translator's phrase,,
9:9:4,ثَمَنًا,English word meaning,(for) a little price,(for) a price,same word's meaning elsewhere in Quran.com WBW,,
9:9:5,قَلِيلًا,English word meaning,(for) a little price,a little,same word's meaning elsewhere in Quran.com WBW,,
9:12:4,مِّنۢ,English word meaning,after,from,split by hand from the translator's phrase,,
9:12:5,بَعْدِ,English word meaning,after,after,split by hand from the translator's phrase,,
9:14:2,يُعَذِّبْهُمُ,English word meaning,Allah will punish them,will punish them,split by hand from the translator's phrase,,
9:14:3,ٱللَّهُ,English word meaning,Allah will punish them,Allah,split by hand from the translator's phrase,,
9:15:4,وَيَتُوبُ,English word meaning,And Allah accepts repentance,and (to) accept repentance,same word's meaning elsewhere in Quran.com WBW,,
9:15:5,ٱللَّهُ,English word meaning,And Allah accepts repentance,Allah,same word's meaning elsewhere in Quran.com WBW,,
9:16:6,يَعْلَمِ,English word meaning,Allah made evident,made evident,split by hand from the translator's phrase,,
9:16:7,ٱللَّهُ,English word meaning,Allah made evident,Allah,split by hand from the translator's phrase,,
9:16:13,مِن,English word meaning,besides Allah,from,split by hand from the translator's phrase,,
9:16:14,دُونِ,English word meaning,besides Allah,besides,split by hand from the translator's phrase,,
9:16:15,ٱللَّهِ,English word meaning,besides Allah,Allah,split by hand from the translator's phrase,,
9:17:1,مَا,English word meaning,(It) is not,Not,split by hand from the translator's phrase,,
9:17:2,كَانَ,English word meaning,(It) is not,(it) is,split by hand from the translator's phrase,,
9:17:6,مَسَٰجِدَ,English word meaning,(the) masajid of Allah,(the) masajid,same word's meaning elsewhere in Quran.com WBW,,
9:17:7,ٱللَّهِ,English word meaning,(the) masajid of Allah,Allah,same word's meaning elsewhere in Quran.com WBW,,
9:18:3,مَسَٰجِدَ,English word meaning,(the) masajid of Allah,(the) masajid,same word's meaning elsewhere in Quran.com WBW,,
9:18:4,ٱللَّهِ,English word meaning,(the) masajid of Allah,Allah,same word's meaning elsewhere in Quran.com WBW,,
9:19:5,ٱلْمَسْجِدِ,English word meaning,(of) Al-Masjid Al-Haraam,Al-Masjid,same word's meaning elsewhere in Quran.com WBW,,
9:19:6,ٱلْحَرَامِ,English word meaning,(of) Al-Masjid Al-Haraam,Al-Haraam,same word's meaning elsewhere in Quran.com WBW,,
9:19:16,لَا,English word meaning,They are not equal,not,same word's meaning elsewhere in Quran.com WBW,,
9:19:17,يَسْتَوُۥنَ,English word meaning,They are not equal,they be equal,same word's meaning elsewhere in Quran.com WBW,,
9:21:1,يُبَشِّرُهُمْ,English word meaning,Their Lord gives them glad tidings,gives them glad tidings,split by hand from the translator's phrase,,
9:21:2,رَبُّهُم,English word meaning,Their Lord gives them glad tidings,their Lord,split by hand from the translator's phrase,,
9:24:26,يَأْتِىَ,English word meaning,Allah brings,brings,split by hand from the translator's phrase,,
9:24:27,ٱللَّهُ,English word meaning,Allah brings,Allah,split by hand from the translator's phrase,,
9:25:2,نَصَرَكُمُ,English word meaning,Allah helped you,helped you,same word's meaning elsewhere in Quran.com WBW,,
9:25:3,ٱللَّهُ,English word meaning,Allah helped you,Allah,same word's meaning elsewhere in Quran.com WBW,,
9:25:19,بِمَا,English word meaning,(in spite) of its vastness,(in spite) of,split by hand from the translator's phrase,,
9:25:20,رَحُبَتْ,English word meaning,(in spite) of its vastness,its vastness,split by hand from the translator's phrase,,
9:26:2,أَنزَلَ,English word meaning,Allah sent down,sent down,split by hand from the translator's phrase,,
9:26:3,ٱللَّهُ,English word meaning,Allah sent down,Allah,split by hand from the translator's phrase,,
9:26:11,لَّمْ,English word meaning,which you did not see,not,same word's meaning elsewhere in Quran.com WBW,,
9:26:12,تَرَوْهَا,English word meaning,which you did not see,you (could) see them,same word's meaning elsewhere in Quran.com WBW,,
9:27:2,يَتُوبُ,English word meaning,Allah accepts repentance,accepts repentance,split by hand from the translator's phrase,,
9:27:3,ٱللَّهُ,English word meaning,Allah accepts repentance,Allah,split by hand from the translator's phrase,,
9:27:4,مِنۢ,English word meaning,after,from,split by hand from the translator's phrase,,
9:27:5,بَعْدِ,English word meaning,after,after,split by hand from the translator's phrase,,
9:28:1,يَٰٓأَيُّهَا,English word meaning,O you who believe,O you,same word's meaning elsewhere in Quran.com WBW,,
9:28:2,ٱلَّذِينَ,English word meaning,O you who believe,those who,same word's meaning elsewhere in Quran.com WBW,,
9:28:3,ءَامَنُوٓا۟,English word meaning,O you who believe,believe,same word's meaning elsewhere in Quran.com WBW,,
9:28:7,فَلَا,English word meaning,so let them not come near,so (let) not,split by hand from the translator's phrase,,
9:28:8,يَقْرَبُوا۟,English word meaning,so let them not come near,them come near,split by hand from the translator's phrase,,
9:28:9,ٱلْمَسْجِدَ,English word meaning,Al-Masjid Al-Haraam,Al-Masjid,split by hand from the translator's phrase,,
9:28:10,ٱلْحَرَامَ,English word meaning,Al-Masjid Al-Haraam,Al-Haraam,split by hand from the translator's phrase,,
9:28:12,عَامِهِمْ,English word meaning,"this, their (final) year",their (final) year,split by hand from the translator's phrase,,
9:28:13,هَٰذَا,English word meaning,"this, their (final) year",this,split by hand from the translator's phrase,,
9:28:18,يُغْنِيكُمُ,English word meaning,Allah will enrich you,will enrich you,split by hand from the translator's phrase,,
9:28:19,ٱللَّهُ,English word meaning,Allah will enrich you,Allah,split by hand from the translator's phrase,,
9:29:12,حَرَّمَ,English word meaning,Allah has made unlawful,has made unlawful,split by hand from the translator's phrase,,
9:29:13,ٱللَّهُ,English word meaning,Allah has made unlawful,Allah,split by hand from the translator's phrase,,
9:29:26,عَن,English word meaning,willingly,from,split by hand from the translator's phrase,,
9:29:27,يَدٍ,English word meaning,willingly,(the) hand (willingly),split by hand from the translator's phrase,,
9:30:18,مِن,English word meaning,before,from,split by hand from the translator's phrase,,
9:30:19,قَبْلُ,English word meaning,before,before,split by hand from the translator's phrase,,
9:30:20,قَٰتَلَهُمُ,English word meaning,(May) Allah destroy them,(May) destroy them,split by hand from the translator's phrase,,
9:30:21,ٱللَّهُ,English word meaning,(May) Allah destroy them,Allah,split by hand from the translator's phrase,,
9:31:5,مِّن,English word meaning,besides,from,split by hand from the translator's phrase,,
9:31:6,دُونِ,English word meaning,besides,besides,split by hand from the translator's phrase,,
9:31:15,إِلَٰهًا,English word meaning,One God,god,same word's meaning elsewhere in Quran.com WBW,,
9:31:16,وَٰحِدًا,English word meaning,One God,one,same word's meaning elsewhere in Quran.com WBW,,
9:32:4,نُورَ,English word meaning,Allah's light,(the) light,split by hand from the translator's phrase,,
9:32:5,ٱللَّهِ,English word meaning,Allah's light,(of) Allah,split by hand from the translator's phrase,,
9:32:7,وَيَأْبَى,English word meaning,but Allah refuses,but refuses,split by hand from the translator's phrase,,
9:32:8,ٱللَّهُ,English word meaning,but Allah refuses,Allah,split by hand from the translator's phrase,,
9:32:14,كَرِهَ,English word meaning,the disbelievers dislike (it),dislike (it),same word's meaning elsewhere in Quran.com WBW,,
9:32:15,ٱلْكَٰفِرُونَ,English word meaning,the disbelievers dislike (it),the disbelievers,same word's meaning elsewhere in Quran.com WBW,,
9:33:10,ٱلدِّينِ,English word meaning,all religions,the religion,same word's meaning elsewhere in Quran.com WBW,,
9:33:11,كُلِّهِۦ,English word meaning,all religions,all of it,same word's meaning elsewhere in Quran.com WBW,,
9:34:1,يَٰٓأَيُّهَا,English word meaning,O you who believe,O you,same word's meaning elsewhere in Quran.com WBW,,
9:34:2,ٱلَّذِينَ,English word meaning,O you who believe,those who,same word's meaning elsewhere in Quran.com WBW,,
9:34:3,ءَامَنُوٓا۟,English word meaning,O you who believe,believe,same word's meaning elsewhere in Quran.com WBW,,
9:35:2,يُحْمَىٰ,English word meaning,it will be heated [on it],it will be heated,split by hand from the translator's phrase,,
9:35:3,عَلَيْهَا,English word meaning,it will be heated [on it],on it,split by hand from the translator's phrase,,
9:36:6,ٱثْنَا,English word meaning,(is) twelve,(is) two,split by hand from the translator's phrase,,
9:36:7,عَشَرَ,English word meaning,(is) twelve,(and) ten,split by hand from the translator's phrase,,
9:37:17,حَرَّمَ,English word meaning,Allah has made unlawful,has made unlawful,split by hand from the translator's phrase,,
9:37:18,ٱللَّهُ,English word meaning,Allah has made unlawful,Allah,split by hand from the translator's phrase,,
9:37:21,حَرَّمَ,English word meaning,Allah has made unlawful,has made unlawful,split by hand from the translator's phrase,,
9:37:22,ٱللَّهُ,English word meaning,Allah has made unlawful,Allah,split by hand from the translator's phrase,,
9:38:1,يَٰٓأَيُّهَا,English word meaning,O you who believe,O you,same word's meaning elsewhere in Quran.com WBW,,
9:38:2,ٱلَّذِينَ,English word meaning,O you who believe,those who,same word's meaning elsewhere in Quran.com WBW,,
9:38:3,ءَامَنُوا۟,English word meaning,O you who believe,believe,same word's meaning elsewhere in Quran.com WBW,,
9:39:4,عَذَابًا,English word meaning,(with) a painful punishment,a punishment,same word's meaning elsewhere in Quran.com WBW,,
9:39:5,أَلِيمًا,English word meaning,(with) a painful punishment,painful,same word's meaning elsewhere in Quran.com WBW,,
9:40:4,نَصَرَهُ,English word meaning,Allah helped him,helped him,split by hand from the translator's phrase,,
9:40:5,ٱللَّهُ,English word meaning,Allah helped him,Allah,split by hand from the translator's phrase,,
9:40:24,فَأَنزَلَ,English word meaning,Then Allah sent down,so He sent down,same word's meaning elsewhere in Quran.com WBW,,
9:40:25,ٱللَّهُ,English word meaning,Then Allah sent down,Allah,same word's meaning elsewhere in Quran.com WBW,,
9:40:30,لَّمْ,English word meaning,which you did not see,not,same word's meaning elsewhere in Quran.com WBW,,
9:40:31,تَرَوْهَا,English word meaning,which you did not see,you (could) see them,same word's meaning elsewhere in Quran.com WBW,,
9:43:1,عَفَا,English word meaning,(May) Allah forgive,(May) forgive,split by hand from the translator's phrase,,
9:43:2,ٱللَّهُ,English word meaning,(May) Allah forgive,Allah,split by hand from the translator's phrase,,
9:44:1,لَا,English word meaning,(Would) not ask your permission,not,same word's meaning elsewhere in Quran.com WBW,,
9:44:2,يَسْتَـْٔذِنُكَ,English word meaning,(Would) not ask your permission,ask your leave,same word's meaning elsewhere in Quran.com WBW,,
9:46:8,كَرِهَ,English word meaning,Allah disliked,disliked,split by hand from the translator's phrase,,
9:46:9,ٱللَّهُ,English word meaning,Allah disliked,Allah,split by hand from the translator's phrase,,
9:48:4,مِن,English word meaning,before,from,split by hand from the translator's phrase,,
9:48:5,قَبْلُ,English word meaning,before,before,split by hand from the translator's phrase,,
9:48:13,أَمْرُ,English word meaning,(the) Order of Allah,(the) Order,split by hand from the translator's phrase,,
9:48:14,ٱللَّهِ,English word meaning,(the) Order of Allah,(of) Allah,split by hand from the translator's phrase,,
9:49:4,ٱئْذَن,English word meaning,Grant me leave,Grant leave,split by hand from the translator's phrase,,
9:49:5,لِّى,English word meaning,Grant me leave,to me,split by hand from the translator's phrase,,
9:50:12,مِن,English word meaning,before,from,split by hand from the translator's phrase,,
9:50:13,قَبْلُ,English word meaning,before,before,split by hand from the translator's phrase,,
9:51:6,كَتَبَ,English word meaning,Allah has decreed,He has decreed,same word's meaning elsewhere in Quran.com WBW,,
9:51:7,ٱللَّهُ,English word meaning,Allah has decreed,Allah,same word's meaning elsewhere in Quran.com WBW,,
9:51:13,فَلْيَتَوَكَّلِ,English word meaning,[so] let the believers put (their) trust,let put (their) trust,same word's meaning elsewhere in Quran.com WBW,,
9:51:14,ٱلْمُؤْمِنُونَ,English word meaning,[so] let the believers put (their) trust,the believers,same word's meaning elsewhere in Quran.com WBW,,
9:52:12,يُصِيبَكُمُ,English word meaning,Allah will afflict you,will afflict you,split by hand from the translator's phrase,,
9:52:13,ٱللَّهُ,English word meaning,Allah will afflict you,Allah,split by hand from the translator's phrase,,
9:55:7,يُرِيدُ,English word meaning,Allah intends,He intends,same word's meaning elsewhere in Quran.com WBW,,
9:55:8,ٱللَّهُ,English word meaning,Allah intends,Allah,same word's meaning elsewhere in Quran.com WBW,,
9:59:5,ءَاتَىٰهُمُ,English word meaning,Allah gave them,(has) given them,same word's meaning elsewhere in Quran.com WBW,,
9:59:6,ٱللَّهُ,English word meaning,Allah gave them,Allah,same word's meaning elsewhere in Quran.com WBW,,
9:59:11,سَيُؤْتِينَا,English word meaning,Allah will give us,will give us,split by hand from the translator's phrase,,
9:59:12,ٱللَّهُ,English word meaning,Allah will give us,Allah,split by hand from the translator's phrase,,
9:60:15,وَٱبْنِ,English word meaning,and the wayfarer ,and (the) son,split by hand from the translator's phrase,,
9:60:16,ٱلسَّبِيلِ,English word meaning,and the wayfarer ,(of) the way,split by hand from the translator's phrase,,
9:68:1,وَعَدَ,English word meaning,Allah has promised,promised,same word's meaning elsewhere in Quran.com WBW,,
9:68:2,ٱللَّهُ,English word meaning,Allah has promised,Allah,same word's meaning elsewhere in Quran.com WBW,,
9:68:12,وَلَعَنَهُمُ,English word meaning,And Allah has cursed them,and He has cursed them,same word's meaning elsewhere in Quran.com WBW,,
9:68:13,ٱللَّهُ,English word meaning,And Allah has cursed them,Allah,same word's meaning elsewhere in Quran.com WBW,,
9:69:2,مِن,English word meaning,before you,from,split by hand from the translator's phrase,,
9:69:3,قَبْلِكُمْ,English word meaning,before you,before you,split by hand from the translator's phrase,,
9:69:18,مِن,English word meaning,before you,from,split by hand from the translator's phrase,,
9:69:19,قَبْلِكُم,English word meaning,before you,before you,split by hand from the translator's phrase,,
9:70:5,مِن,English word meaning,(were) before them,from,split by hand from the translator's phrase,,
9:70:6,قَبْلِهِمْ,English word meaning,(were) before them,before them,split by hand from the translator's phrase,,
9:71:19,سَيَرْحَمُهُمُ,English word meaning,Allah will have mercy on them,will have mercy on them,split by hand from the translator's phrase,,
9:71:20,ٱللَّهُ,English word meaning,Allah will have mercy on them,Allah,split by hand from the translator's phrase,,
9:73:1,يَٰٓأَيُّهَا,English word meaning,O Prophet,O you,same word's meaning elsewhere in Quran.com WBW,,
9:73:2,ٱلنَّبِىُّ,English word meaning,O Prophet,Prophet,same word's meaning elsewhere in Quran.com WBW,,
9:74:3,مَا,English word meaning,(that) they said nothing,not,split by hand from the translator's phrase,,
9:74:4,قَالُوا۟,English word meaning,(that) they said nothing,they said,split by hand from the translator's phrase,,
9:74:20,أَغْنَىٰهُمُ,English word meaning,Allah had enriched them,had enriched them,split by hand from the translator's phrase,,
9:74:21,ٱللَّهُ,English word meaning,Allah had enriched them,Allah,split by hand from the translator's phrase,,
9:74:32,يُعَذِّبْهُمُ,English word meaning,Allah will punish them,will punish them,split by hand from the translator's phrase,,
9:74:33,ٱللَّهُ,English word meaning,Allah will punish them,Allah,split by hand from the translator's phrase,,
9:79:15,سَخِرَ,English word meaning,Allah will ridicule,will ridicule,split by hand from the translator's phrase,,
9:79:16,ٱللَّهُ,English word meaning,Allah will ridicule,Allah,split by hand from the translator's phrase,,
9:80:13,يَغْفِرَ,English word meaning,will Allah forgive,will forgive,same word's meaning elsewhere in Quran.com WBW,,
9:80:14,ٱللَّهُ,English word meaning,will Allah forgive,Allah,same word's meaning elsewhere in Quran.com WBW,,
9:83:2,رَّجَعَكَ,English word meaning,Allah returns you,returns you,split by hand from the translator's phrase,,
9:83:3,ٱللَّهُ,English word meaning,Allah returns you,Allah,split by hand from the translator's phrase,,
9:85:6,يُرِيدُ,English word meaning,Allah intends,He intends,same word's meaning elsewhere in Quran.com WBW,,
9:85:7,ٱللَّهُ,English word meaning,Allah intends,Allah,same word's meaning elsewhere in Quran.com WBW,,
9:89:1,أَعَدَّ,English word meaning,Allah has prepared,has prepared,same word's meaning elsewhere in Quran.com WBW,,
9:89:2,ٱللَّهُ,English word meaning,Allah has prepared,Allah,same word's meaning elsewhere in Quran.com WBW,,
9:92:4,إِذَا,English word meaning,when,when,split by hand from the translator's phrase,,
9:92:5,مَآ,English word meaning,when,[that],split by hand from the translator's phrase,,
9:93:13,وَطَبَعَ,English word meaning,and Allah sealed,and sealed,split by hand from the translator's phrase,,
9:93:14,ٱللَّهُ,English word meaning,and Allah sealed,Allah,split by hand from the translator's phrase,,
9:94:13,نَبَّأَنَا,English word meaning,Allah (has) informed us,(has) informed us,split by hand from the translator's phrase,,
9:94:14,ٱللَّهُ,English word meaning,Allah (has) informed us,Allah,split by hand from the translator's phrase,,
9:94:17,وَسَيَرَى,English word meaning,and Allah will see,and will see,split by hand from the translator's phrase,,
9:94:18,ٱللَّهُ,English word meaning,and Allah will see,Allah,split by hand from the translator's phrase,,
9:96:10,لَا,English word meaning,(is) not pleased,not,split by hand from the translator's phrase,,
9:96:11,يَرْضَىٰ,English word meaning,(is) not pleased,(is) pleased,split by hand from the translator's phrase,,
9:97:10,أَنزَلَ,English word meaning,Allah (has) revealed,has revealed,same word's meaning elsewhere in Quran.com WBW,,
9:97:11,ٱللَّهُ,English word meaning,Allah (has) revealed,Allah,same word's meaning elsewhere in Quran.com WBW,,
9:99:20,سَيُدْخِلُهُمُ,English word meaning,Allah will admit them,will admit them,split by hand from the translator's phrase,,
9:99:21,ٱللَّهُ,English word meaning,Allah will admit them,Allah,split by hand from the translator's phrase,,
9:100:9,رَّضِىَ,English word meaning,Allah is pleased,is pleased,same word's meaning elsewhere in Quran.com WBW,,
9:100:10,ٱللَّهُ,English word meaning,Allah is pleased,Allah,same word's meaning elsewhere in Quran.com WBW,,
9:105:3,فَسَيَرَى,English word meaning,then Allah will see,then will see,split by hand from the translator's phrase,,
9:105:4,ٱللَّهُ,English word meaning,then Allah will see,Allah,split by hand from the translator's phrase,,
9:106:3,لِأَمْرِ,English word meaning,for the Command of Allah ,for the Command,split by hand from the translator's phrase,,
9:106:4,ٱللَّهِ,English word meaning,for the Command of Allah ,(of) Allah,split by hand from the translator's phrase,,
9:107:14,مِن,English word meaning,before,from,split by hand from the translator's phrase,,
9:107:15,قَبْلُ,English word meaning,before,before,split by hand from the translator's phrase,,
9:109:26,ٱلْقَوْمَ,English word meaning,the wrongdoing people,the people,split by hand from the translator's phrase,,
9:109:27,ٱلظَّٰلِمِينَ,English word meaning,the wrongdoing people,the wrongdoing,split by hand from the translator's phrase,,
9:113:11,أُو۟لِى,English word meaning,near of kin,(of),split by hand from the translator's phrase,,
9:113:12,قُرْبَىٰ,English word meaning,near of kin,near of kin,split by hand from the translator's phrase,,
9:113:13,مِنۢ,English word meaning,after,from,split by hand from the translator's phrase,,
9:113:14,بَعْدِ,English word meaning,after,after,split by hand from the translator's phrase,,
9:116:11,مِّن,English word meaning,besides Allah,from,split by hand from the translator's phrase,,
9:116:12,دُونِ,English word meaning,besides Allah,besides,split by hand from the translator's phrase,,
9:116:13,ٱللَّهِ,English word meaning,besides Allah,Allah,split by hand from the translator's phrase,,
9:117:2,تَّابَ,English word meaning,Allah turned (in mercy),turned (in mercy),split by hand from the translator's phrase,,
9:117:3,ٱللَّهُ,English word meaning,Allah turned (in mercy),Allah,split by hand from the translator's phrase,,
9:117:13,مِنۢ,English word meaning,after,from,split by hand from the translator's phrase,,
9:117:14,بَعْدِ,English word meaning,after,after,split by hand from the translator's phrase,,
9:119:1,يَٰٓأَيُّهَا,English word meaning,O you who believe,O you,same word's meaning elsewhere in Quran.com WBW,,
9:119:2,ٱلَّذِينَ,English word meaning,O you who believe,those who,same word's meaning elsewhere in Quran.com WBW,,
9:119:3,ءَامَنُوا۟,English word meaning,O you who believe,believe,same word's meaning elsewhere in Quran.com WBW,,
9:121:13,لِيَجْزِيَهُمُ,English word meaning,that Allah may reward them,that may reward them,split by hand from the translator's phrase,,
9:121:14,ٱللَّهُ,English word meaning,that Allah may reward them,Allah,split by hand from the translator's phrase,,
9:123:1,يَٰٓأَيُّهَا,English word meaning,O you who believe,O you,same word's meaning elsewhere in Quran.com WBW,,
9:123:2,ٱلَّذِينَ,English word meaning,O you who believe,those who,same word's meaning elsewhere in Quran.com WBW,,
9:123:3,ءَامَنُوا۟,English word meaning,O you who believe,believe,same word's meaning elsewhere in Quran.com WBW,,
9:124:1,وَإِذَا,English word meaning,And whenever,And whenever,split by hand from the translator's phrase,,
9:124:2,مَآ,English word meaning,And whenever,[that],split by hand from the translator's phrase,,
9:127:1,وَإِذَا,English word meaning,And whenever,And whenever,split by hand from the translator's phrase,,
9:127:2,مَآ,English word meaning,And whenever,[that],split by hand from the translator's phrase,,
9:127:15,صَرَفَ,English word meaning,Allah has turned away,has turned away,split by hand from the translator's phrase,,
9:127:16,ٱللَّهُ,English word meaning,Allah has turned away,Allah,split by hand from the translator's phrase,,
10:2:17,قَدَمَ,English word meaning,(will be) a respectable position,(will be) a position,split by hand from the translator's phrase,,
10:2:18,صِدْقٍ,English word meaning,(will be) a respectable position,(of) respect,split by hand from the translator's phrase,,
10:3:18,مِن,English word meaning,(is) any intercessor,(is) any,split by hand from the translator's phrase,,
10:3:19,شَفِيعٍ,English word meaning,(is) any intercessor,intercessor,split by hand from the translator's phrase,,
10:3:21,مِنۢ,English word meaning,after,from,split by hand from the translator's phrase,,
10:3:22,بَعْدِ,English word meaning,after,after,split by hand from the translator's phrase,,
10:13:4,مِن,English word meaning,before you,from,split by hand from the translator's phrase,,
10:13:5,قَبْلِكُمْ,English word meaning,before you,before you,split by hand from the translator's phrase,,
10:14:6,مِنۢ,English word meaning,after them,from,split by hand from the translator's phrase,,
10:14:7,بَعْدِهِمْ,English word meaning,after them,after them,split by hand from the translator's phrase,,
10:15:24,تِلْقَآئِ,English word meaning,my own accord,(the) accord,split by hand from the translator's phrase,,
10:15:25,نَفْسِىٓ,English word meaning,my own accord,(of) my own,split by hand from the translator's phrase,,
10:16:9,أَدْرَىٰكُم,English word meaning,He (would) have made it known to you,He (would) have made known to you,split by hand from the translator's phrase,,
10:16:10,بِهِۦ,English word meaning,He (would) have made it known to you,[of] it,split by hand from the translator's phrase,,
10:16:15,مِّن,English word meaning,before it,from,split by hand from the translator's phrase,,
10:16:16,قَبْلِهِۦٓ,English word meaning,before it,before it,split by hand from the translator's phrase,,
10:21:2,أَذَقْنَا,English word meaning,We let [the] mankind taste,We let taste,split by hand from the translator's phrase,,
10:21:3,ٱلنَّاسَ,English word meaning,We let [the] mankind taste,[the] mankind,split by hand from the translator's phrase,,
10:21:5,مِّنۢ,English word meaning,after,from,split by hand from the translator's phrase,,
10:21:6,بَعْدِ,English word meaning,after,after,split by hand from the translator's phrase,,
10:23:10,يَٰٓأَيُّهَا,English word meaning,O mankind,O you,same word's meaning elsewhere in Quran.com WBW,,
10:23:11,ٱلنَّاسُ,English word meaning,O mankind,mankind,same word's meaning elsewhere in Quran.com WBW,,
10:25:10,صِرَٰطٍ,English word meaning,(the) straight path,a path,same word's meaning elsewhere in Quran.com WBW,,
10:25:11,مُّسْتَقِيمٍ,English word meaning,(the) straight path,straight,same word's meaning elsewhere in Quran.com WBW,,
10:27:9,مَّا,English word meaning,They will not have,not,split by hand from the translator's phrase,,
10:27:10,لَهُم,English word meaning,They will not have,they will have,split by hand from the translator's phrase,,
10:27:20,ٱلَّيْلِ,English word meaning,the darkness (of) night,the night,split by hand from the translator's phrase,,
10:27:21,مُظْلِمًا,English word meaning,the darkness (of) night,(in) darkness,split by hand from the translator's phrase,,
10:28:17,إِيَّانَا,English word meaning,worship us,Us,split by hand from the translator's phrase,,
10:28:18,تَعْبُدُونَ,English word meaning,worship us,you worship,split by hand from the translator's phrase,,
10:37:8,دُونِ,English word meaning,other than Allah,other than,split by hand from the translator's phrase,,
10:37:9,ٱللَّهِ,English word meaning,other than Allah,Allah,split by hand from the translator's phrase,,
10:37:13,بَيْنَ,English word meaning,(was) before it,before,split by hand from the translator's phrase,,
10:37:14,يَدَيْهِ,English word meaning,(was) before it,it,split by hand from the translator's phrase,,
10:38:11,مِّن,English word meaning,besides Allah,from,split by hand from the translator's phrase,,
10:38:12,دُونِ,English word meaning,besides Allah,besides,split by hand from the translator's phrase,,
10:38:13,ٱللَّهِ,English word meaning,besides Allah,Allah,split by hand from the translator's phrase,,
10:39:13,مِن,English word meaning,before them,from,split by hand from the translator's phrase,,
10:39:14,قَبْلِهِمْ,English word meaning,before them,before them,split by hand from the translator's phrase,,
10:42:6,تُسْمِعُ,English word meaning,cause the deaf to hear,cause to hear,same word's meaning elsewhere in Quran.com WBW,,
10:42:7,ٱلصُّمَّ,English word meaning,cause the deaf to hear,the deaf,same word's meaning elsewhere in Quran.com WBW,,
10:44:9,أَنفُسَهُمْ,English word meaning,wrong themselves,themselves,same word's meaning elsewhere in Quran.com WBW,,
10:44:10,يَظْلِمُونَ,English word meaning,wrong themselves,doing wrong,same word's meaning elsewhere in Quran.com WBW,,
10:45:4,لَّمْ,English word meaning,they had not remained,not,same word's meaning elsewhere in Quran.com WBW,,
10:45:5,يَلْبَثُوٓا۟,English word meaning,they had not remained,remained,same word's meaning elsewhere in Quran.com WBW,,
10:49:10,شَآءَ,English word meaning,Allah wills,wills,same word's meaning elsewhere in Quran.com WBW,,
10:49:11,ٱللَّهُ,English word meaning,Allah wills,Allah,same word's meaning elsewhere in Quran.com WBW,,
10:50:10,يَسْتَعْجِلُ,English word meaning,of it would (wish to) hasten,would (wish to) hasten,split by hand from the translator's phrase,,
10:50:11,مِنْهُ,English word meaning,of it would (wish to) hasten,of it,split by hand from the translator's phrase,,
10:51:2,إِذَا,English word meaning,when,when,split by hand from the translator's phrase,,
10:51:3,مَا,English word meaning,when,[that],split by hand from the translator's phrase,,
10:51:10,بِهِۦ,English word meaning,seeking to hasten it,it,split by hand from the translator's phrase,,
10:51:11,تَسْتَعْجِلُونَ,English word meaning,seeking to hasten it,seeking to hasten,split by hand from the translator's phrase,,
10:52:8,هَلْ,English word meaning,Are you (being) recompensed,Is,same word's meaning elsewhere in Quran.com WBW,,
10:52:9,تُجْزَوْنَ,English word meaning,Are you (being) recompensed,you will be recompensed,same word's meaning elsewhere in Quran.com WBW,,
10:53:2,أَحَقٌّ,English word meaning,Is it true,Is it true,split by hand from the translator's phrase,,
10:53:3,هُوَ,English word meaning,Is it true,it,split by hand from the translator's phrase,,
10:55:10,وَعْدَ,English word meaning,(the) Promise of Allah,(the) Promise,same word's meaning elsewhere in Quran.com WBW,,
10:55:11,ٱللَّهِ,English word meaning,(the) Promise of Allah,Allah,same word's meaning elsewhere in Quran.com WBW,,
10:57:1,يَٰٓأَيُّهَا,English word meaning,O mankind,O you,same word's meaning elsewhere in Quran.com WBW,,
10:57:2,ٱلنَّاسُ,English word meaning,O mankind,mankind,same word's meaning elsewhere in Quran.com WBW,,
10:60:12,لَذُو,English word meaning,(is) surely Full (of) Bounty,(is) surely Possessor,same word's meaning elsewhere in Quran.com WBW,,
10:60:13,فَضْلٍ,English word meaning,(is) surely Full (of) Bounty,(of) bounty,same word's meaning elsewhere in Quran.com WBW,,
10:66:14,مِن,English word meaning,other than Allah,from,split by hand from the translator's phrase,,
10:66:15,دُونِ,English word meaning,other than Allah,other than,split by hand from the translator's phrase,,
10:66:16,ٱللَّهِ,English word meaning,other than Allah,Allah,split by hand from the translator's phrase,,
10:68:2,ٱتَّخَذَ,English word meaning,Allah has taken,has taken,same word's meaning elsewhere in Quran.com WBW,,
10:68:3,ٱللَّهُ,English word meaning,Allah has taken,Allah,same word's meaning elsewhere in Quran.com WBW,,
10:69:8,لَا,English word meaning,they will not succeed,not,split by hand from the translator's phrase,,
10:69:9,يُفْلِحُونَ,English word meaning,they will not succeed,they will succeed,split by hand from the translator's phrase,,
10:71:15,بِـَٔايَٰتِ,English word meaning,the Signs of Allah,in (the) Signs,same word's meaning elsewhere in Quran.com WBW,,
10:71:16,ٱللَّهِ,English word meaning,the Signs of Allah,Allah,same word's meaning elsewhere in Quran.com WBW,,
10:71:24,لَا,English word meaning,let not be,not,same word's meaning elsewhere in Quran.com WBW,,
10:71:25,يَكُنْ,English word meaning,let not be,is,same word's meaning elsewhere in Quran.com WBW,,
10:74:3,مِنۢ,English word meaning,after him,from,split by hand from the translator's phrase,,
10:74:4,بَعْدِهِۦ,English word meaning,after him,after him,split by hand from the translator's phrase,,
10:74:16,مِن,English word meaning,before,from,split by hand from the translator's phrase,,
10:74:17,قَبْلُ,English word meaning,before,before,split by hand from the translator's phrase,,
10:75:3,مِنۢ,English word meaning,after them,from,split by hand from the translator's phrase,,
10:75:4,بَعْدِهِم,English word meaning,after them,after them,split by hand from the translator's phrase,,
10:76:4,مِنْ,English word meaning,from Us,from,same word's meaning elsewhere in Quran.com WBW,,
10:76:5,عِندِنَا,English word meaning,from Us,Us,same word's meaning elsewhere in Quran.com WBW,,
10:77:1,قَالَ,English word meaning,Musa said,He said,same word's meaning elsewhere in Quran.com WBW,,
10:77:2,مُوسَىٰٓ,English word meaning,Musa said,Musa,same word's meaning elsewhere in Quran.com WBW,,
10:77:7,أَسِحْرٌ,English word meaning,Is this magic,Is (it) magic,split by hand from the translator's phrase,,
10:77:8,هَٰذَا,English word meaning,Is this magic,this,split by hand from the translator's phrase,,
10:78:8,وَتَكُونَ,English word meaning,and you two (may) have,and (may) have,split by hand from the translator's phrase,,
10:78:9,لَكُمَا,English word meaning,and you two (may) have,you two,split by hand from the translator's phrase,,
10:78:13,وَمَا,English word meaning,And we (are) not,And not,same word's meaning elsewhere in Quran.com WBW,,
10:78:14,نَحْنُ,English word meaning,And we (are) not,We,same word's meaning elsewhere in Quran.com WBW,,
10:79:1,وَقَالَ,English word meaning,And Firaun said,And said,same word's meaning elsewhere in Quran.com WBW,,
10:79:2,فِرْعَوْنُ,English word meaning,And Firaun said,Firaun,same word's meaning elsewhere in Quran.com WBW,,
10:81:3,قَالَ,English word meaning,Musa said,He said,same word's meaning elsewhere in Quran.com WBW,,
10:81:4,مُوسَىٰ,English word meaning,Musa said,Musa,same word's meaning elsewhere in Quran.com WBW,,
10:82:1,وَيُحِقُّ,English word meaning,And Allah will establish,And will establish,split by hand from the translator's phrase,,
10:82:2,ٱللَّهُ,English word meaning,And Allah will establish,Allah,split by hand from the translator's phrase,,
10:84:1,وَقَالَ,English word meaning,And Musa said,And said,same word's meaning elsewhere in Quran.com WBW,,
10:84:2,مُوسَىٰ,English word meaning,And Musa said,Musa,same word's meaning elsewhere in Quran.com WBW,,
10:88:1,وَقَالَ,English word meaning,And Musa said,And said,same word's meaning elsewhere in Quran.com WBW,,
10:88:2,مُوسَىٰ,English word meaning,And Musa said,Musa,same word's meaning elsewhere in Quran.com WBW,,
10:90:21,ءَامَنَتْ,English word meaning,in Whom believe,believe,split by hand from the translator's phrase,,
10:90:22,بِهِۦ,English word meaning,in Whom believe,in Whom,split by hand from the translator's phrase,,
10:90:23,بَنُوٓا۟,English word meaning,the Children of Israel,(the) Children,same word's meaning elsewhere in Quran.com WBW,,
10:90:24,إِسْرَٰٓءِيلَ,English word meaning,the Children of Israel,(of) Israel,same word's meaning elsewhere in Quran.com WBW,,
10:94:12,مِن,English word meaning,before you,from,split by hand from the translator's phrase,,
10:94:13,قَبْلِكَ,English word meaning,before you,before you,split by hand from the translator's phrase,,
10:95:6,بِـَٔايَٰتِ,English word meaning,(the) Signs of Allah,in (the) Signs,same word's meaning elsewhere in Quran.com WBW,,
10:95:7,ٱللَّهِ,English word meaning,(the) Signs of Allah,Allah,same word's meaning elsewhere in Quran.com WBW,,
10:102:8,مِن,English word meaning,before them,from,split by hand from the translator's phrase,,
10:102:9,قَبْلِهِمْ,English word meaning,before them,before them,split by hand from the translator's phrase,,
10:104:2,يَٰٓأَيُّهَا,English word meaning,O mankind,O you,same word's meaning elsewhere in Quran.com WBW,,
10:104:3,ٱلنَّاسُ,English word meaning,O mankind,mankind,same word's meaning elsewhere in Quran.com WBW,,
10:104:14,مِن,English word meaning,besides Allah,from,split by hand from the translator's phrase,,
10:104:15,دُونِ,English word meaning,besides Allah,besides,split by hand from the translator's phrase,,
10:104:16,ٱللَّهِ,English word meaning,besides Allah,Allah,split by hand from the translator's phrase,,
10:106:3,مِن,English word meaning,besides Allah,from,split by hand from the translator's phrase,,
10:106:4,دُونِ,English word meaning,besides Allah,besides,split by hand from the translator's phrase,,
10:106:5,ٱللَّهِ,English word meaning,besides Allah,Allah,split by hand from the translator's phrase,,
10:107:2,يَمْسَسْكَ,English word meaning,Allah touches you,touches you,same word's meaning elsewhere in Quran.com WBW,,
10:107:3,ٱللَّهُ,English word meaning,Allah touches you,Allah,same word's meaning elsewhere in Quran.com WBW,,
10:107:16,يُصِيبُ,English word meaning,He causes it to reach,He causes to reach,split by hand from the translator's phrase,,
10:107:17,بِهِۦ,English word meaning,He causes it to reach,it,split by hand from the translator's phrase,,
10:108:2,يَٰٓأَيُّهَا,English word meaning,O mankind,O you,same word's meaning elsewhere in Quran.com WBW,,
10:108:3,ٱلنَّاسُ,English word meaning,O mankind,mankind,same word's meaning elsewhere in Quran.com WBW,,
10:108:19,وَمَآ,English word meaning,And I am not,And not,same word's meaning elsewhere in Quran.com WBW,,
10:108:20,أَنَا۠,English word meaning,And I am not,I am,same word's meaning elsewhere in Quran.com WBW,,
10:109:7,يَحْكُمَ,English word meaning,Allah gives judgment,gives judgment,split by hand from the translator's phrase,,
10:109:8,ٱللَّهُ,English word meaning,Allah gives judgment,Allah,split by hand from the translator's phrase,,
11:1:7,مِن,English word meaning,from (he One Who),from,split by hand from the translator's phrase,,
11:1:8,لَّدُنْ,English word meaning,from (he One Who),(the One Who),split by hand from the translator's phrase,,
11:3:24,يَوْمٍ,English word meaning,(of) a Great Day,(of) a Day,same word's meaning elsewhere in Quran.com WBW,,
11:3:25,كَبِيرٍ,English word meaning,(of) a Great Day,great,same word's meaning elsewhere in Quran.com WBW,,
11:7:9,وَكَانَ,English word meaning,and His throne was,and was,split by hand from the translator's phrase,,
11:7:10,عَرْشُهُۥ,English word meaning,and His throne was,His throne,split by hand from the translator's phrase,,
11:7:21,مِنۢ,English word meaning,after,from,split by hand from the translator's phrase,,
11:7:22,بَعْدِ,English word meaning,after,after,split by hand from the translator's phrase,,
11:7:27,إِنْ,English word meaning,This is not,Not,same word's meaning elsewhere in Quran.com WBW,,
11:7:28,هَٰذَآ,English word meaning,This is not,(is) this,same word's meaning elsewhere in Quran.com WBW,,
11:8:21,بِهِۦ,English word meaning,mock at [it],at it,split by hand from the translator's phrase,,
11:8:22,يَسْتَهْزِءُونَ,English word meaning,mock at [it],mock,split by hand from the translator's phrase,,
11:9:2,أَذَقْنَا,English word meaning,We give man a taste,We cause to taste,same word's meaning elsewhere in Quran.com WBW,,
11:9:3,ٱلْإِنسَٰنَ,English word meaning,We give man a taste,man,same word's meaning elsewhere in Quran.com WBW,,
11:9:4,مِنَّا,English word meaning,(of) Mercy from Us,from Us,same word's meaning elsewhere in Quran.com WBW,,
11:9:5,رَحْمَةً,English word meaning,(of) Mercy from Us,mercy,same word's meaning elsewhere in Quran.com WBW,,
11:13:13,مِّن,English word meaning,besides Allah,from,split by hand from the translator's phrase,,
11:13:14,دُونِ,English word meaning,besides Allah,besides,split by hand from the translator's phrase,,
11:13:15,ٱللَّهِ,English word meaning,besides Allah,Allah,split by hand from the translator's phrase,,
11:14:7,بِعِلْمِ,English word meaning,with the knowledge of Allah,with the knowledge,split by hand from the translator's phrase,,
11:14:8,ٱللَّهِ,English word meaning,with the knowledge of Allah,(of) Allah,split by hand from the translator's phrase,,
11:15:1,مَن,English word meaning,Whoever [is],Whoever,split by hand from the translator's phrase,,
11:15:2,كَانَ,English word meaning,Whoever [is],[is],split by hand from the translator's phrase,,
11:15:13,لَا,English word meaning,will not be lessened,not,split by hand from the translator's phrase,,
11:15:14,يُبْخَسُونَ,English word meaning,will not be lessened,will be lessened,split by hand from the translator's phrase,,
11:17:10,وَمِن,English word meaning,and before it,and from,split by hand from the translator's phrase,,
11:17:11,قَبْلِهِۦ,English word meaning,and before it,before it,split by hand from the translator's phrase,,
11:18:20,لَعْنَةُ,English word meaning,(The) curse of Allah,(is the) curse,same word's meaning elsewhere in Quran.com WBW,,
11:18:21,ٱللَّهِ,English word meaning,(The) curse of Allah,Allah,same word's meaning elsewhere in Quran.com WBW,,
11:20:10,مِّن,English word meaning,besides,from,split by hand from the translator's phrase,,
11:20:11,دُونِ,English word meaning,besides,besides,split by hand from the translator's phrase,,
11:27:19,بَادِىَ,English word meaning,immature in opinion,immature,split by hand from the translator's phrase,,
11:27:20,ٱلرَّأْىِ,English word meaning,immature in opinion,in opinion,split by hand from the translator's phrase,,
11:28:18,لَهَا,English word meaning,averse to it,to it,split by hand from the translator's phrase,,
11:28:19,كَٰرِهُونَ,English word meaning,averse to it,averse,split by hand from the translator's phrase,,
11:31:20,يُؤْتِيَهُمُ,English word meaning,will Allah give them,He will give them,same word's meaning elsewhere in Quran.com WBW,,
11:31:21,ٱللَّهُ,English word meaning,will Allah give them,Allah,same word's meaning elsewhere in Quran.com WBW,,
11:33:3,يَأْتِيكُم,English word meaning,will bring it (on) you,will bring you,split by hand from the translator's phrase,,
11:33:4,بِهِ,English word meaning,will bring it (on) you,it,split by hand from the translator's phrase,,
11:34:10,كَانَ,English word meaning,it was Allah's,was,split by hand from the translator's phrase,,
11:34:11,ٱللَّهُ,English word meaning,it was Allah's,Allah's,split by hand from the translator's phrase,,
11:42:7,وَنَادَىٰ,English word meaning,and Nuh called out,And called out,same word's meaning elsewhere in Quran.com WBW,,
11:42:8,نُوحٌ,English word meaning,and Nuh called out,Nuh,same word's meaning elsewhere in Quran.com WBW,,
11:43:13,أَمْرِ,English word meaning,the Command of Allah,(the) command,same word's meaning elsewhere in Quran.com WBW,,
11:43:14,ٱللَّهِ,English word meaning,the Command of Allah,Allah,same word's meaning elsewhere in Quran.com WBW,,
11:45:1,وَنَادَىٰ,English word meaning,And Nuh called,And called out,same word's meaning elsewhere in Quran.com WBW,,
11:45:2,نُوحٌ,English word meaning,And Nuh called,Nuh,same word's meaning elsewhere in Quran.com WBW,,
11:53:3,مَا,English word meaning,You have not brought us,not,split by hand from the translator's phrase,,
11:53:4,جِئْتَنَا,English word meaning,You have not brought us,you have brought us,split by hand from the translator's phrase,,
11:54:10,أُشْهِدُ,English word meaning,[I] call Allah to witness,[I] call to witness,split by hand from the translator's phrase,,
11:54:11,ٱللَّهَ,English word meaning,[I] call Allah to witness,Allah,split by hand from the translator's phrase,,
11:55:1,مِن,English word meaning,Other than Him,from,split by hand from the translator's phrase,,
11:55:2,دُونِهِۦ,English word meaning,Other than Him,other than Him,split by hand from the translator's phrase,,
11:56:8,مِن,English word meaning,of a moving creature,of,split by hand from the translator's phrase,,
11:56:9,دَآبَّةٍ,English word meaning,of a moving creature,a moving creature,split by hand from the translator's phrase,,
11:57:9,وَيَسْتَخْلِفُ,English word meaning,And my Lord will give succession,and grant succession,same word's meaning elsewhere in Quran.com WBW,,
11:57:10,رَبِّى,English word meaning,And my Lord will give succession,my Lord,same word's meaning elsewhere in Quran.com WBW,,
11:62:13,يَعْبُدُ,English word meaning,our forefathers worshipped,worshipped,split by hand from the translator's phrase,,
11:62:14,ءَابَآؤُنَا,English word meaning,our forefathers worshipped,our forefathers,split by hand from the translator's phrase,,
11:69:10,فَمَا,English word meaning,and not he delayed,and not,split by hand from the translator's phrase,,
11:69:11,لَبِثَ,English word meaning,and not he delayed,he delayed,split by hand from the translator's phrase,,
11:71:6,وَمِن,English word meaning,and after,and from,split by hand from the translator's phrase,,
11:71:7,وَرَآءِ,English word meaning,and after,after,split by hand from the translator's phrase,,
11:73:4,أَمْرِ,English word meaning,(the) decree of Allah,(the) decree,split by hand from the translator's phrase,,
11:73:5,ٱللَّهِ,English word meaning,(the) decree of Allah,(of) Allah,split by hand from the translator's phrase,,
11:73:6,رَحْمَتُ,English word meaning,The Mercy of Allah,(The) Mercy,split by hand from the translator's phrase,,
11:73:7,ٱللَّهِ,English word meaning,The Mercy of Allah,(of) Allah,split by hand from the translator's phrase,,
11:78:5,وَمِن,English word meaning,and before,and from,split by hand from the translator's phrase,,
11:78:6,قَبْلُ,English word meaning,and before,before,split by hand from the translator's phrase,,
11:81:16,مِنكُمْ,English word meaning,anyone of you,of you,split by hand from the translator's phrase,,
11:81:17,أَحَدٌ,English word meaning,anyone of you,anyone,split by hand from the translator's phrase,,
11:88:12,رِزْقًا,English word meaning,a good provision,provision,same word's meaning elsewhere in Quran.com WBW,,
11:88:13,حَسَنًا,English word meaning,a good provision,good,same word's meaning elsewhere in Quran.com WBW,,
11:88:26,مَا,English word meaning,as much as I am able,as much as,split by hand from the translator's phrase,,
11:88:27,ٱسْتَطَعْتُ,English word meaning,as much as I am able,I am able,split by hand from the translator's phrase,,
11:89:2,لَا,English word meaning,(Let) not cause you to sin,(Let) not,split by hand from the translator's phrase,,
11:89:3,يَجْرِمَنَّكُمْ,English word meaning,(Let) not cause you to sin,cause you to sin,split by hand from the translator's phrase,,
11:89:10,قَوْمَ,English word meaning,(the) people of Nuh,a people,same word's meaning elsewhere in Quran.com WBW,,
11:89:11,نُوحٍ,English word meaning,(the) people of Nuh,(of) Nuh,same word's meaning elsewhere in Quran.com WBW,,
11:89:13,قَوْمَ,English word meaning,(the) people of Hud,a people,same word's meaning elsewhere in Quran.com WBW,,
11:89:14,هُودٍ,English word meaning,(the) people of Hud,(of) Hud,same word's meaning elsewhere in Quran.com WBW,,
11:89:16,قَوْمَ,English word meaning,people of Salih,(the) people,split by hand from the translator's phrase,,
11:89:17,صَٰلِحٍ,English word meaning,people of Salih,(of) Salih,split by hand from the translator's phrase,,
11:89:19,قَوْمُ,English word meaning,(are the) people of Lut,(the) people,same word's meaning elsewhere in Quran.com WBW,,
11:89:20,لُوطٍ,English word meaning,(are the) people of Lut,(of) Lut,same word's meaning elsewhere in Quran.com WBW,,
11:91:15,وَمَآ,English word meaning,and you are not,And not,same word's meaning elsewhere in Quran.com WBW,,
11:91:16,أَنتَ,English word meaning,and you are not,you,same word's meaning elsewhere in Quran.com WBW,,
11:97:5,أَمْرَ,English word meaning,(the) command of Firaun,(the) command,same word's meaning elsewhere in Quran.com WBW,,
11:97:6,فِرْعَوْنَ,English word meaning,(the) command of Firaun,(of) Firaun,same word's meaning elsewhere in Quran.com WBW,,
11:97:8,أَمْرُ,English word meaning,(the) command of Firaun,(the) Command,same word's meaning elsewhere in Quran.com WBW,,
11:97:9,فِرْعَوْنَ,English word meaning,(the) command of Firaun,(of) Firaun,same word's meaning elsewhere in Quran.com WBW,,
11:101:12,مِن,English word meaning,other than Allah,from,split by hand from the translator's phrase,,
11:101:13,دُونِ,English word meaning,other than Allah,other than,split by hand from the translator's phrase,,
11:101:14,ٱللَّهِ,English word meaning,other than Allah,Allah,split by hand from the translator's phrase,,
11:101:19,أَمْرُ,English word meaning,(the) command (of) your Lord,(the) Command,same word's meaning elsewhere in Quran.com WBW,,
11:101:20,رَبِّكَ,English word meaning,(the) command (of) your Lord,(of) your Lord,same word's meaning elsewhere in Quran.com WBW,,
11:102:2,أَخْذُ,English word meaning,(is) the seizure (of) your Lord,(is) the seizure,split by hand from the translator's phrase,,
11:102:3,رَبِّكَ,English word meaning,(is) the seizure (of) your Lord,(of) your Lord,split by hand from the translator's phrase,,
11:107:3,مَا,English word meaning,as long as remain,as long as,split by hand from the translator's phrase,,
11:107:4,دَامَتِ,English word meaning,as long as remain,remain,split by hand from the translator's phrase,,
11:107:8,مَا,English word meaning,what your Lord wills,what,same word's meaning elsewhere in Quran.com WBW,,
11:107:9,شَآءَ,English word meaning,what your Lord wills,wills,same word's meaning elsewhere in Quran.com WBW,,
11:107:10,رَبُّكَ,English word meaning,what your Lord wills,your Lord,same word's meaning elsewhere in Quran.com WBW,,
11:108:8,مَا,English word meaning,as long as remains,as long as,split by hand from the translator's phrase,,
11:108:9,دَامَتِ,English word meaning,as long as remains,remains,split by hand from the translator's phrase,,
11:108:13,مَا,English word meaning,what your Lord wills ,what,same word's meaning elsewhere in Quran.com WBW,,
11:108:14,شَآءَ,English word meaning,what your Lord wills ,wills,same word's meaning elsewhere in Quran.com WBW,,
11:108:15,رَبُّكَ,English word meaning,what your Lord wills ,your Lord,same word's meaning elsewhere in Quran.com WBW,,
11:109:14,مِّن,English word meaning,before,from,split by hand from the translator's phrase,,
11:109:15,قَبْلُ,English word meaning,before,before,split by hand from the translator's phrase,,
11:111:2,كُلًّا,English word meaning,to each [when],each (of them),same word's meaning elsewhere in Quran.com WBW,,
11:111:3,لَّمَّا,English word meaning,to each [when],when,same word's meaning elsewhere in Quran.com WBW,,
11:113:10,مِّن,English word meaning,besides Allah,from,split by hand from the translator's phrase,,
11:113:11,دُونِ,English word meaning,besides Allah,besides,split by hand from the translator's phrase,,
11:113:12,ٱللَّهِ,English word meaning,besides Allah,Allah,split by hand from the translator's phrase,,
11:116:5,مِن,English word meaning,before you,from,split by hand from the translator's phrase,,
11:116:6,قَبْلِكُمْ,English word meaning,before you,before you,split by hand from the translator's phrase,,
11:116:7,أُو۟لُوا۟,English word meaning,those possessing a remnant,those possessing,split by hand from the translator's phrase,,
11:116:8,بَقِيَّةٍ,English word meaning,those possessing a remnant,a remnant,split by hand from the translator's phrase,,
11:118:2,شَآءَ,English word meaning,your Lord (had) willed,wills,same word's meaning elsewhere in Quran.com WBW,,
11:118:3,رَبُّكَ,English word meaning,your Lord (had) willed,your Lord,same word's meaning elsewhere in Quran.com WBW,,
11:118:6,أُمَّةً,English word meaning,one community,a community,same word's meaning elsewhere in Quran.com WBW,,
11:118:7,وَٰحِدَةً,English word meaning,one community,one,same word's meaning elsewhere in Quran.com WBW,,
11:119:3,رَّحِمَ,English word meaning,your Lord has bestowed Mercy,has bestowed Mercy,split by hand from the translator's phrase,,
11:119:4,رَبُّكَ,English word meaning,your Lord has bestowed Mercy,your Lord,split by hand from the translator's phrase,,
11:119:8,كَلِمَةُ,English word meaning,(the) Word of your Lord,the word,same word's meaning elsewhere in Quran.com WBW,,
11:119:9,رَبِّكَ,English word meaning,(the) Word of your Lord,(of) your Lord,same word's meaning elsewhere in Quran.com WBW,,
11:123:12,وَمَا,English word meaning,And your Lord is not,And not,same word's meaning elsewhere in Quran.com WBW,,
11:123:13,رَبُّكَ,English word meaning,And your Lord is not,your Lord,same word's meaning elsewhere in Quran.com WBW,,
12:2:3,قُرْءَٰنًا,English word meaning,(as) a Quran in Arabic,a Quran,same word's meaning elsewhere in Quran.com WBW,,
12:2:4,عَرَبِيًّا,English word meaning,(as) a Quran in Arabic,(in) Arabic,same word's meaning elsewhere in Quran.com WBW,,
12:3:13,مِن,English word meaning,before it,from,split by hand from the translator's phrase,,
12:3:14,قَبْلِهِۦ,English word meaning,before it,before it,split by hand from the translator's phrase,,
12:4:8,أَحَدَ,English word meaning,eleven,eleven,split by hand from the translator's phrase,,
12:4:9,عَشَرَ,English word meaning,eleven,(and) ten,split by hand from the translator's phrase,,
12:6:18,مِن,English word meaning,before ,from,split by hand from the translator's phrase,,
12:6:19,قَبْلُ,English word meaning,before ,before,split by hand from the translator's phrase,,
12:9:11,مِنۢ,English word meaning,after that,from,split by hand from the translator's phrase,,
12:9:12,بَعْدِهِۦ,English word meaning,after that,after that,split by hand from the translator's phrase,,
12:13:5,تَذْهَبُوا۟,English word meaning,you should take him,you should take,split by hand from the translator's phrase,,
12:13:6,بِهِۦ,English word meaning,you should take him,him,split by hand from the translator's phrase,,
12:15:2,ذَهَبُوا۟,English word meaning,they took him,they took,split by hand from the translator's phrase,,
12:15:3,بِهِۦ,English word meaning,they took him,him,split by hand from the translator's phrase,,
12:15:13,بِأَمْرِهِمْ,English word meaning,about this affair,about their affair,split by hand from the translator's phrase,,
12:15:14,هَٰذَا,English word meaning,about this affair,this,split by hand from the translator's phrase,,
12:18:4,بِدَمٍ,English word meaning,with false blood,with blood,split by hand from the translator's phrase,,
12:18:5,كَذِبٍ,English word meaning,with false blood,false,split by hand from the translator's phrase,,
12:18:8,سَوَّلَتْ,English word meaning,has enticed you,has enticed,split by hand from the translator's phrase,,
12:18:9,لَكُمْ,English word meaning,has enticed you,you,split by hand from the translator's phrase,,
12:21:21,مِن,English word meaning,(the) interpretation of,of,split by hand from the translator's phrase,,
12:21:22,تَأْوِيلِ,English word meaning,(the) interpretation of,(the) interpretation,split by hand from the translator's phrase,,
12:23:14,مَعَاذَ,English word meaning,I seek refuge in Allah,I seek refuge,split by hand from the translator's phrase,,
12:23:15,ٱللَّهِ,English word meaning,I seek refuge in Allah,in Allah,split by hand from the translator's phrase,,
12:35:4,مِّنۢ,English word meaning,after,from,split by hand from the translator's phrase,,
12:35:5,بَعْدِ,English word meaning,after,after,split by hand from the translator's phrase,,
12:40:3,مِن,English word meaning,besides Him,from,split by hand from the translator's phrase,,
12:40:4,دُونِهِۦٓ,English word meaning,besides Him,besides Him,split by hand from the translator's phrase,,
12:41:17,ٱلَّذِى,English word meaning,about which,(about) which,split by hand from the translator's phrase,,
12:41:18,فِيهِ,English word meaning,about which,in it,split by hand from the translator's phrase,,
12:48:3,مِنۢ,English word meaning,after,from,split by hand from the translator's phrase,,
12:48:4,بَعْدِ,English word meaning,after,after,split by hand from the translator's phrase,,
12:49:3,مِنۢ,English word meaning,after,from,split by hand from the translator's phrase,,
12:49:4,بَعْدِ,English word meaning,after,after,split by hand from the translator's phrase,,
12:50:3,ٱئْتُونِى,English word meaning,Bring him to me,Bring to me,split by hand from the translator's phrase,,
12:50:4,بِهِۦ,English word meaning,Bring him to me,him,split by hand from the translator's phrase,,
12:51:10,حَٰشَ,English word meaning,Allah forbid,Forbid,same word's meaning elsewhere in Quran.com WBW,,
12:51:11,لِلَّهِ,English word meaning,Allah forbid,to Allah,same word's meaning elsewhere in Quran.com WBW,,
12:54:3,ٱئْتُونِى,English word meaning,Bring him to me,Bring to me,split by hand from the translator's phrase,,
12:54:4,بِهِۦٓ,English word meaning,Bring him to me,him,split by hand from the translator's phrase,,
12:58:8,لَهُۥ,English word meaning,knew him not,him,split by hand from the translator's phrase,,
12:58:9,مُنكِرُونَ,English word meaning,knew him not,knew not,split by hand from the translator's phrase,,
12:60:3,تَأْتُونِى,English word meaning,you bring him to me,you bring to me,split by hand from the translator's phrase,,
12:60:4,بِهِۦ,English word meaning,you bring him to me,him,split by hand from the translator's phrase,,
12:64:10,مِن,English word meaning,before,from,split by hand from the translator's phrase,,
12:64:11,قَبْلُ,English word meaning,before,before,split by hand from the translator's phrase,,
12:66:10,لَتَأْتُنَّنِى,English word meaning,that surely you will bring him to me,that surely you will bring to me,split by hand from the translator's phrase,,
12:66:11,بِهِۦٓ,English word meaning,that surely you will bring him to me,him,split by hand from the translator's phrase,,
12:66:14,يُحَاطَ,English word meaning,you are surrounded,are surrounded,split by hand from the translator's phrase,,
12:66:15,بِكُمْ,English word meaning,you are surrounded,you,split by hand from the translator's phrase,,
12:67:6,بَابٍ,English word meaning,one gate,gate,same word's meaning elsewhere in Quran.com WBW,,
12:67:7,وَٰحِدٍ,English word meaning,one gate,one,same word's meaning elsewhere in Quran.com WBW,,
12:68:18,نَفْسِ,English word meaning,Yaqub's soul,(the) soul,split by hand from the translator's phrase,,
12:68:19,يَعْقُوبَ,English word meaning,Yaqub's soul,(of) Yaqub,split by hand from the translator's phrase,,
12:76:14,مَا,English word meaning,He could not,not,split by hand from the translator's phrase,,
12:76:15,كَانَ,English word meaning,He could not,He could,split by hand from the translator's phrase,,
12:76:23,يَشَآءَ,English word meaning,Allah willed,wills,same word's meaning elsewhere in Quran.com WBW,,
12:76:24,ٱللَّهُ,English word meaning,Allah willed,Allah,same word's meaning elsewhere in Quran.com WBW,,
12:77:8,مِن,English word meaning,before,from,split by hand from the translator's phrase,,
12:77:9,قَبْلُ,English word meaning,before,before,split by hand from the translator's phrase,,
12:77:10,فَأَسَرَّهَا,English word meaning,But Yusuf kept it secret,But kept it secret,split by hand from the translator's phrase,,
12:77:11,يُوسُفُ,English word meaning,But Yusuf kept it secret,Yusuf,split by hand from the translator's phrase,,
12:79:2,مَعَاذَ,English word meaning,Allah forbid,(I) seek refuge,split by hand from the translator's phrase,,
12:79:3,ٱللَّهِ,English word meaning,Allah forbid,in Allah,split by hand from the translator's phrase,,
12:80:12,قَدْ,English word meaning,has taken,has,split by hand from the translator's phrase,,
12:80:13,أَخَذَ,English word meaning,has taken,taken,split by hand from the translator's phrase,,
12:80:18,وَمِن,English word meaning,and before,and from,split by hand from the translator's phrase,,
12:80:19,قَبْلُ,English word meaning,and before,before,split by hand from the translator's phrase,,
12:80:32,يَحْكُمَ,English word meaning,Allah decides,decides,split by hand from the translator's phrase,,
12:80:33,ٱللَّهُ,English word meaning,Allah decides,Allah,split by hand from the translator's phrase,,
12:83:11,أَن,English word meaning,will bring them to me,[that],split by hand from the translator's phrase,,
12:83:12,يَأْتِيَنِى,English word meaning,will bring them to me,will bring to me,split by hand from the translator's phrase,,
12:83:13,بِهِمْ,English word meaning,will bring them to me,them,split by hand from the translator's phrase,,
12:87:10,رَّوْحِ,English word meaning,(the) Mercy of Allah,(the) Mercy,split by hand from the translator's phrase,,
12:87:11,ٱللَّهِ,English word meaning,(the) Mercy of Allah,(of) Allah,split by hand from the translator's phrase,,
12:87:16,رَّوْحِ,English word meaning,(the) Mercy of Allah,(the) Mercy,split by hand from the translator's phrase,,
12:87:17,ٱللَّهِ,English word meaning,(the) Mercy of Allah,(of) Allah,split by hand from the translator's phrase,,
12:88:5,يَٰٓأَيُّهَا,English word meaning,O Aziz,O,split by hand from the translator's phrase,,
12:88:6,ٱلْعَزِيزُ,English word meaning,O Aziz,Aziz,split by hand from the translator's phrase,,
12:90:11,مَنَّ,English word meaning,Allah has been gracious,has been gracious,split by hand from the translator's phrase,,
12:90:12,ٱللَّهُ,English word meaning,Allah has been gracious,Allah,split by hand from the translator's phrase,,
12:91:4,ءَاثَرَكَ,English word meaning,Allah has preferred you,has preferred you,split by hand from the translator's phrase,,
12:91:5,ٱللَّهُ,English word meaning,Allah has preferred you,Allah,split by hand from the translator's phrase,,
12:92:6,يَغْفِرُ,English word meaning,Allah will forgive,will forgive,split by hand from the translator's phrase,,
12:92:7,ٱللَّهُ,English word meaning,Allah will forgive,Allah,split by hand from the translator's phrase,,
12:93:2,بِقَمِيصِى,English word meaning,with this shirt of mine,with my shirt,split by hand from the translator's phrase,,
12:93:3,هَٰذَا,English word meaning,with this shirt of mine,this,split by hand from the translator's phrase,,
12:93:8,يَأْتِ,English word meaning,he will regain sight,he will become,split by hand from the translator's phrase,,
12:93:9,بَصِيرًا,English word meaning,he will regain sight,seeing,split by hand from the translator's phrase,,
12:94:4,قَالَ,English word meaning,their father said,He said,same word's meaning elsewhere in Quran.com WBW,,
12:94:5,أَبُوهُمْ,English word meaning,their father said,their father,same word's meaning elsewhere in Quran.com WBW,,
12:96:8,فَٱرْتَدَّ,English word meaning,then returned (his) sight,then returned,split by hand from the translator's phrase,,
12:96:9,بَصِيرًا,English word meaning,then returned (his) sight,(having) sight,split by hand from the translator's phrase,,
12:99:12,شَآءَ,English word meaning,Allah wills,wills,same word's meaning elsewhere in Quran.com WBW,,
12:99:13,ٱللَّهُ,English word meaning,Allah wills,Allah,same word's meaning elsewhere in Quran.com WBW,,
12:100:13,مِن,English word meaning,(of) before,from,split by hand from the translator's phrase,,
12:100:14,قَبْلُ,English word meaning,(of) before,before,split by hand from the translator's phrase,,
12:100:30,مِنۢ,English word meaning,after,from,split by hand from the translator's phrase,,
12:100:31,بَعْدِ,English word meaning,after,after,split by hand from the translator's phrase,,
12:109:3,مِن,English word meaning,before you,from,split by hand from the translator's phrase,,
12:109:4,قَبْلِكَ,English word meaning,before you,before you,split by hand from the translator's phrase,,
12:109:21,مِن,English word meaning,(were) before them,from,split by hand from the translator's phrase,,
12:109:22,قَبْلِهِمْ,English word meaning,(were) before them,before them,split by hand from the translator's phrase,,
12:111:15,بَيْنَ,English word meaning,(was) before it,before,split by hand from the translator's phrase,,
12:111:16,يَدَيْهِ,English word meaning,(was) before it,it,split by hand from the translator's phrase,,
13:14:6,مِن,English word meaning,besides Him,from,split by hand from the translator's phrase,,
13:14:7,دُونِهِۦ,English word meaning,besides Him,besides Him,split by hand from the translator's phrase,,
13:17:40,يَضْرِبُ,English word meaning,Allah sets forth,sets forth,same word's meaning elsewhere in Quran.com WBW,,
13:17:41,ٱللَّهُ,English word meaning,Allah sets forth,Allah,same word's meaning elsewhere in Quran.com WBW,,
13:39:7,أُمُّ,English word meaning,(is) the Mother (of) the Book,(is) the Mother,split by hand from the translator's phrase,,
13:39:8,ٱلْكِتَٰبِ,English word meaning,(is) the Mother (of) the Book,(of) the Book,split by hand from the translator's phrase,,
14:3:15,ضَلَٰلٍۭ,English word meaning,(are) far astray,(are) in error,split by hand from the translator's phrase,,
14:3:16,بَعِيدٍ,English word meaning,(are) far astray,far,split by hand from the translator's phrase,,
14:4:10,فَيُضِلُّ,English word meaning,Then Allah lets go astray,Then lets go astray,split by hand from the translator's phrase,,
14:4:11,ٱللَّهُ,English word meaning,Then Allah lets go astray,Allah,split by hand from the translator's phrase,,
14:6:6,نِعْمَةَ,English word meaning,(the) Favor of Allah,(the) Favor,same word's meaning elsewhere in Quran.com WBW,,
14:6:7,ٱللَّهِ,English word meaning,(the) Favor of Allah,Allah,same word's meaning elsewhere in Quran.com WBW,,
14:9:5,مِن,English word meaning,(were) before you,from,split by hand from the translator's phrase,,
14:9:6,قَبْلِكُمْ,English word meaning,(were) before you,before you,split by hand from the translator's phrase,,
14:9:12,مِنۢ,English word meaning,(were) after them,from,split by hand from the translator's phrase,,
14:9:13,بَعْدِهِمْ,English word meaning,(were) after them,after them,split by hand from the translator's phrase,,
14:11:24,بِإِذْنِ,English word meaning,by the permission of Allah,by (the) permission,same word's meaning elsewhere in Quran.com WBW,,
14:11:25,ٱللَّهِ,English word meaning,by the permission of Allah,Allah,same word's meaning elsewhere in Quran.com WBW,,
14:14:3,مِنۢ,English word meaning,after them,from,split by hand from the translator's phrase,,
14:14:4,بَعْدِهِمْ,English word meaning,after them,after them,split by hand from the translator's phrase,,
14:17:13,وَمِن,English word meaning,And ahead of him,And from,split by hand from the translator's phrase,,
14:17:14,وَرَآئِهِۦ,English word meaning,And ahead of him,ahead of him,split by hand from the translator's phrase,,
14:21:19,مِن,English word meaning,anything,of,split by hand from the translator's phrase,,
14:21:20,شَىْءٍ,English word meaning,anything,anything,split by hand from the translator's phrase,,
14:21:23,هَدَىٰنَا,English word meaning,Allah had guided us,(has) guided us,same word's meaning elsewhere in Quran.com WBW,,
14:21:24,ٱللَّهُ,English word meaning,Allah had guided us,Allah,same word's meaning elsewhere in Quran.com WBW,,
14:22:14,كَانَ,English word meaning,I had,was,split by hand from the translator's phrase,,
14:22:15,لِىَ,English word meaning,I had,for me,split by hand from the translator's phrase,,
14:22:38,مِن,English word meaning,before,from,split by hand from the translator's phrase,,
14:22:39,قَبْلُ,English word meaning,before,before,split by hand from the translator's phrase,,
14:24:4,ضَرَبَ,English word meaning,Allah sets forth,He sets forth,same word's meaning elsewhere in Quran.com WBW,,
14:24:5,ٱللَّهُ,English word meaning,Allah sets forth,Allah,same word's meaning elsewhere in Quran.com WBW,,
14:25:7,وَيَضْرِبُ,English word meaning,And Allah sets forth,And sets forth,split by hand from the translator's phrase,,
14:25:8,ٱللَّهُ,English word meaning,And Allah sets forth,Allah,split by hand from the translator's phrase,,
14:27:1,يُثَبِّتُ,English word meaning,Allah keeps firm,keeps firm,split by hand from the translator's phrase,,
14:27:2,ٱللَّهُ,English word meaning,Allah keeps firm,Allah,split by hand from the translator's phrase,,
14:27:5,بِٱلْقَوْلِ,English word meaning,with the firm word,with the word,split by hand from the translator's phrase,,
14:27:6,ٱلثَّابِتِ,English word meaning,with the firm word,firm,split by hand from the translator's phrase,,
14:27:12,وَيُضِلُّ,English word meaning,And Allah lets go astray,And lets go astray,split by hand from the translator's phrase,,
14:27:13,ٱللَّهُ,English word meaning,And Allah lets go astray,Allah,split by hand from the translator's phrase,,
14:27:15,وَيَفْعَلُ,English word meaning,And Allah does,And does,split by hand from the translator's phrase,,
14:27:16,ٱللَّهُ,English word meaning,And Allah does,Allah,split by hand from the translator's phrase,,
14:31:12,مِّن,English word meaning,before,from,split by hand from the translator's phrase,,
14:31:13,قَبْلِ,English word meaning,before,before,split by hand from the translator's phrase,,
14:34:8,نِعْمَتَ,English word meaning,(the) Favor of Allah,(the) Favor,same word's meaning elsewhere in Quran.com WBW,,
14:34:9,ٱللَّهِ,English word meaning,(the) Favor of Allah,Allah,same word's meaning elsewhere in Quran.com WBW,,
14:37:11,بَيْتِكَ,English word meaning,Your Sacred House,Your House,split by hand from the translator's phrase,,
14:37:12,ٱلْمُحَرَّمِ,English word meaning,Your Sacred House,Sacred,split by hand from the translator's phrase,,
14:44:21,مِّن,English word meaning,before,from,split by hand from the translator's phrase,,
14:44:22,قَبْلُ,English word meaning,before,before,split by hand from the translator's phrase,,
14:47:10,ذُو,English word meaning,Owner (of) Retribution,Owner,split by hand from the translator's phrase,,
14:47:11,ٱنتِقَامٍ,English word meaning,Owner (of) Retribution,(of) Retribution,split by hand from the translator's phrase,,
14:51:1,لِيَجْزِىَ,English word meaning,So that Allah may recompense,that He may recompense,same word's meaning elsewhere in Quran.com WBW,,
14:51:2,ٱللَّهُ,English word meaning,So that Allah may recompense,Allah,same word's meaning elsewhere in Quran.com WBW,,
14:52:9,إِلَٰهٌ,English word meaning,(is) One God,(is) God,same word's meaning elsewhere in Quran.com WBW,,
14:52:10,وَٰحِدٌ,English word meaning,(is) One God,One,same word's meaning elsewhere in Quran.com WBW,,
15:10:3,مِن,English word meaning,before you,from,split by hand from the translator's phrase,,
15:10:4,قَبْلِكَ,English word meaning,before you,before you,split by hand from the translator's phrase,,
15:27:3,مِن,English word meaning,before,from,split by hand from the translator's phrase,,
15:27:4,قَبْلُ,English word meaning,before,before,split by hand from the translator's phrase,,
15:28:2,قَالَ,English word meaning,your Lord said,He said,same word's meaning elsewhere in Quran.com WBW,,
15:28:3,رَبُّكَ,English word meaning,your Lord said,your Lord,same word's meaning elsewhere in Quran.com WBW,,
15:33:2,لَمْ,English word meaning,I am not,not,same word's meaning elsewhere in Quran.com WBW,,
15:33:3,أَكُن,English word meaning,I am not,I was,same word's meaning elsewhere in Quran.com WBW,,
15:54:2,أَبَشَّرْتُمُونِى,English word meaning,Do you give me glad tidings,Do you give me glad tidings,split by hand from the translator's phrase,,
15:54:3,عَلَىٰٓ,English word meaning,Do you give me glad tidings,[on],split by hand from the translator's phrase,,
15:57:4,أَيُّهَا,English word meaning,O messengers,O,same word's meaning elsewhere in Quran.com WBW,,
15:57:5,ٱلْمُرْسَلُونَ,English word meaning,O messengers,the Messengers,same word's meaning elsewhere in Quran.com WBW,,
15:78:1,وَإِن,English word meaning,And were,And,split by hand from the translator's phrase,,
15:78:2,كَانَ,English word meaning,And were,were,split by hand from the translator's phrase,,
16:1:2,أَمْرُ,English word meaning,(the) command of Allah,(the) Command,same word's meaning elsewhere in Quran.com WBW,,
16:1:3,ٱللَّهِ,English word meaning,(the) command of Allah,Allah,same word's meaning elsewhere in Quran.com WBW,,
16:18:3,نِعْمَةَ,English word meaning,the Favors of Allah,(the) Favor,same word's meaning elsewhere in Quran.com WBW,,
16:18:4,ٱللَّهِ,English word meaning,the Favors of Allah,Allah,same word's meaning elsewhere in Quran.com WBW,,
16:20:3,مِن,English word meaning,besides,from,split by hand from the translator's phrase,,
16:20:4,دُونِ,English word meaning,besides,besides,split by hand from the translator's phrase,,
16:21:2,غَيْرُ,English word meaning,not alive,not,split by hand from the translator's phrase,,
16:21:3,أَحْيَآءٍ,English word meaning,not alive,alive,split by hand from the translator's phrase,,
16:23:1,لَا,English word meaning,No doubt,No,split by hand from the translator's phrase,,
16:23:2,جَرَمَ,English word meaning,No doubt,doubt,split by hand from the translator's phrase,,
16:24:5,أَنزَلَ,English word meaning,has your Lord sent down,has sent down,split by hand from the translator's phrase,,
16:24:6,رَبُّكُمْ,English word meaning,has your Lord sent down,your Lord,split by hand from the translator's phrase,,
16:26:4,مِن,English word meaning,(were) before them,from,split by hand from the translator's phrase,,
16:26:5,قَبْلِهِمْ,English word meaning,(were) before them,before them,split by hand from the translator's phrase,,
16:26:6,فَأَتَى,English word meaning,but Allah came,but came,split by hand from the translator's phrase,,
16:26:7,ٱللَّهُ,English word meaning,but Allah came,Allah,split by hand from the translator's phrase,,
16:26:20,لَا,English word meaning,they (did) not perceive,not,same word's meaning elsewhere in Quran.com WBW,,
16:26:21,يَشْعُرُونَ,English word meaning,they (did) not perceive,perceive,same word's meaning elsewhere in Quran.com WBW,,
16:30:5,أَنزَلَ,English word meaning,has your Lord sent down,has sent down,split by hand from the translator's phrase,,
16:30:6,رَبُّكُمْ,English word meaning,has your Lord sent down,your Lord,split by hand from the translator's phrase,,
16:31:13,يَجْزِى,English word meaning,Allah rewards,rewards,same word's meaning elsewhere in Quran.com WBW,,
16:31:14,ٱللَّهُ,English word meaning,Allah rewards,Allah,same word's meaning elsewhere in Quran.com WBW,,
16:33:14,مِن,English word meaning,(were) before them,from,split by hand from the translator's phrase,,
16:33:15,قَبْلِهِمْ,English word meaning,(were) before them,before them,split by hand from the translator's phrase,,
16:35:5,شَآءَ,English word meaning,Allah (had) willed,wills,same word's meaning elsewhere in Quran.com WBW,,
16:35:6,ٱللَّهُ,English word meaning,Allah (had) willed,Allah,same word's meaning elsewhere in Quran.com WBW,,
16:35:9,مِن,English word meaning,other than Him,from,split by hand from the translator's phrase,,
16:35:10,دُونِهِۦ,English word meaning,other than Him,other than Him,split by hand from the translator's phrase,,
16:35:18,مِن,English word meaning,other than Him,from,split by hand from the translator's phrase,,
16:35:19,دُونِهِۦ,English word meaning,other than Him,other than Him,split by hand from the translator's phrase,,
16:35:20,مِن,English word meaning,anything,of,split by hand from the translator's phrase,,
16:35:21,شَىْءٍ,English word meaning,anything,anything,split by hand from the translator's phrase,,
16:35:25,مِن,English word meaning,(were) before them,from,split by hand from the translator's phrase,,
16:35:26,قَبْلِهِمْ,English word meaning,(were) before them,before them,split by hand from the translator's phrase,,
16:36:14,هَدَى,English word meaning,Allah guided,guided,same word's meaning elsewhere in Quran.com WBW,,
16:36:15,ٱللَّهُ,English word meaning,Allah guided,Allah,same word's meaning elsewhere in Quran.com WBW,,
16:38:5,لَا,English word meaning,Allah will not resurrect,not,same word's meaning elsewhere in Quran.com WBW,,
16:38:6,يَبْعَثُ,English word meaning,Allah will not resurrect,will resurrect,same word's meaning elsewhere in Quran.com WBW,,
16:38:7,ٱللَّهُ,English word meaning,Allah will not resurrect,Allah,same word's meaning elsewhere in Quran.com WBW,,
16:41:5,مِنۢ,English word meaning,after,from,split by hand from the translator's phrase,,
16:41:6,بَعْدِ,English word meaning,after,after,split by hand from the translator's phrase,,
16:43:3,مِن,English word meaning,before you,from,split by hand from the translator's phrase,,
16:43:4,قَبْلِكَ,English word meaning,before you,before you,split by hand from the translator's phrase,,
16:45:6,يَخْسِفَ,English word meaning,Allah will cave,will cave,split by hand from the translator's phrase,,
16:45:7,ٱللَّهُ,English word meaning,Allah will cave,Allah,split by hand from the translator's phrase,,
16:48:5,خَلَقَ,English word meaning,Allah has created,created,same word's meaning elsewhere in Quran.com WBW,,
16:48:6,ٱللَّهُ,English word meaning,Allah has created,Allah,same word's meaning elsewhere in Quran.com WBW,,
16:50:3,مِّن,English word meaning,above them,from,split by hand from the translator's phrase,,
16:50:4,فَوْقِهِمْ,English word meaning,above them,above them,split by hand from the translator's phrase,,
16:51:1,وَقَالَ,English word meaning,And Allah has said,And said,same word's meaning elsewhere in Quran.com WBW,,
16:51:2,ٱللَّهُ,English word meaning,And Allah has said,Allah,same word's meaning elsewhere in Quran.com WBW,,
16:61:2,يُؤَاخِذُ,English word meaning,Allah were to seize,were to seize,split by hand from the translator's phrase,,
16:61:3,ٱللَّهُ,English word meaning,Allah were to seize,Allah,split by hand from the translator's phrase,,
16:63:6,مِّن,English word meaning,before you,from,split by hand from the translator's phrase,,
16:63:7,قَبْلِكَ,English word meaning,before you,before you,split by hand from the translator's phrase,,
16:73:2,مِن,English word meaning,other than,from,split by hand from the translator's phrase,,
16:73:3,دُونِ,English word meaning,other than,other than,split by hand from the translator's phrase,,
16:75:1,ضَرَبَ,English word meaning,Allah sets forth,He sets forth,same word's meaning elsewhere in Quran.com WBW,,
16:75:2,ٱللَّهُ,English word meaning,Allah sets forth,Allah,same word's meaning elsewhere in Quran.com WBW,,
16:76:1,وَضَرَبَ,English word meaning,And Allah sets forth,And he sets forth,same word's meaning elsewhere in Quran.com WBW,,
16:76:2,ٱللَّهُ,English word meaning,And Allah sets forth,Allah,same word's meaning elsewhere in Quran.com WBW,,
16:86:13,مِن,English word meaning,besides You,from,split by hand from the translator's phrase,,
16:86:14,دُونِكَ,English word meaning,besides You,besides You,split by hand from the translator's phrase,,
16:90:7,ذِى,English word meaning,(to) relatives,(to),split by hand from the translator's phrase,,
16:90:8,ٱلْقُرْبَىٰ,English word meaning,(to) relatives,relatives,split by hand from the translator's phrase,,
16:92:6,مِنۢ,English word meaning,after,from,split by hand from the translator's phrase,,
16:92:7,بَعْدِ,English word meaning,after,after,split by hand from the translator's phrase,,
16:92:22,يَبْلُوكُمُ,English word meaning,Allah tests you,tests you,split by hand from the translator's phrase,,
16:92:23,ٱللَّهُ,English word meaning,Allah tests you,Allah,split by hand from the translator's phrase,,
16:93:2,شَآءَ,English word meaning,Allah (had) willed,wills,same word's meaning elsewhere in Quran.com WBW,,
16:93:3,ٱللَّهُ,English word meaning,Allah (had) willed,Allah,same word's meaning elsewhere in Quran.com WBW,,
16:102:3,رُوحُ,English word meaning,the Holy Spirit,the Spirit,split by hand from the translator's phrase,,
16:102:4,ٱلْقُدُسِ,English word meaning,the Holy Spirit,(of) the Holy,split by hand from the translator's phrase,,
16:104:8,يَهْدِيهِمُ,English word meaning,Allah will guide them,guide them,same word's meaning elsewhere in Quran.com WBW,,
16:104:9,ٱللَّهُ,English word meaning,Allah will guide them,Allah,same word's meaning elsewhere in Quran.com WBW,,
16:106:4,مِنۢ,English word meaning,after,from,split by hand from the translator's phrase,,
16:106:5,بَعْدِ,English word meaning,after,after,split by hand from the translator's phrase,,
16:108:3,طَبَعَ,English word meaning,Allah has set a seal,(has) set a seal,same word's meaning elsewhere in Quran.com WBW,,
16:108:4,ٱللَّهُ,English word meaning,Allah has set a seal,Allah,same word's meaning elsewhere in Quran.com WBW,,
16:110:6,مِنۢ,English word meaning,after,from,split by hand from the translator's phrase,,
16:110:7,بَعْدِ,English word meaning,after,after,split by hand from the translator's phrase,,
16:110:15,مِنۢ,English word meaning,after it,from,split by hand from the translator's phrase,,
16:110:16,بَعْدِهَا,English word meaning,after it,after it,split by hand from the translator's phrase,,
16:112:1,وَضَرَبَ,English word meaning,And Allah sets forth,And he sets forth,same word's meaning elsewhere in Quran.com WBW,,
16:112:2,ٱللَّهُ,English word meaning,And Allah sets forth,Allah,same word's meaning elsewhere in Quran.com WBW,,
16:112:15,بِأَنْعُمِ,English word meaning,(the) Favors of Allah,(the) Favors,split by hand from the translator's phrase,,
16:112:16,ٱللَّهِ,English word meaning,(the) Favors of Allah,(of) Allah,split by hand from the translator's phrase,,
16:112:17,فَأَذَٰقَهَا,English word meaning,so Allah made it taste,so made it taste,split by hand from the translator's phrase,,
16:112:18,ٱللَّهُ,English word meaning,so Allah made it taste,Allah,split by hand from the translator's phrase,,
16:114:3,رَزَقَكُمُ,English word meaning,Allah has provided you ,has provided you,split by hand from the translator's phrase,,
16:114:4,ٱللَّهُ,English word meaning,Allah has provided you ,Allah,split by hand from the translator's phrase,,
16:116:21,لَا,English word meaning,they will not succeed,not,split by hand from the translator's phrase,,
16:116:22,يُفْلِحُونَ,English word meaning,they will not succeed,they will succeed,split by hand from the translator's phrase,,
16:118:8,مِن,English word meaning,before,from,split by hand from the translator's phrase,,
16:118:9,قَبْلُ,English word meaning,before,before,split by hand from the translator's phrase,,
16:119:10,مِنۢ,English word meaning,after,from,split by hand from the translator's phrase,,
16:119:11,بَعْدِ,English word meaning,after,after,split by hand from the translator's phrase,,
16:119:16,مِنۢ,English word meaning,after that,from,split by hand from the translator's phrase,,
16:119:17,بَعْدِهَا,English word meaning,after that,after that,split by hand from the translator's phrase,,
17:1:7,ٱلْمَسْجِدِ,English word meaning,Al-Masjid Al-Haraam,Al-Masjid,same word's meaning elsewhere in Quran.com WBW,,
17:1:8,ٱلْحَرَامِ,English word meaning,Al-Masjid Al-Haraam,Al-Haraam,same word's meaning elsewhere in Quran.com WBW,,
17:1:10,ٱلْمَسْجِدِ,English word meaning,Al-Masjid Al-Aqsa,Al-Masjid,split by hand from the translator's phrase,,
17:1:11,ٱلْأَقْصَا,English word meaning,Al-Masjid Al-Aqsa,Al-Aqsa,split by hand from the translator's phrase,,
17:2:10,مِن,English word meaning,other than Me,from,split by hand from the translator's phrase,,
17:2:11,دُونِى,English word meaning,other than Me,other than Me,split by hand from the translator's phrase,,
17:5:9,أُو۟لِى,English word meaning,those of great military might,those,split by hand from the translator's phrase,,
17:5:10,بَأْسٍ,English word meaning,those of great military might,of great military might,split by hand from the translator's phrase,,
17:5:11,شَدِيدٍ,English word meaning,those of great military might,great,split by hand from the translator's phrase,,
17:7:2,أَحْسَنتُمْ,English word meaning,you do good,you do good,split by hand from the translator's phrase,,
17:7:3,أَحْسَنتُمْ,English word meaning,you do good,you do good (for),split by hand from the translator's phrase,,
17:8:2,رَبُّكُمْ,English word meaning,that your Lord,your Lord,same word's meaning elsewhere in Quran.com WBW,,
17:8:3,أَن,English word meaning,that your Lord,that,same word's meaning elsewhere in Quran.com WBW,,
17:17:5,مِنۢ,English word meaning,after,from,split by hand from the translator's phrase,,
17:17:6,بَعْدِ,English word meaning,after,after,split by hand from the translator's phrase,,
17:26:2,ذَا,English word meaning,the relatives,the,split by hand from the translator's phrase,,
17:26:3,ٱلْقُرْبَىٰ,English word meaning,the relatives,relatives,split by hand from the translator's phrase,,
17:26:6,وَٱبْنَ,English word meaning,and the wayfarer,and (the) son,split by hand from the translator's phrase,,
17:26:7,ٱلسَّبِيلِ,English word meaning,and the wayfarer,(of) the way,split by hand from the translator's phrase,,
17:33:5,حَرَّمَ,English word meaning,Allah has forbidden,He has forbidden,same word's meaning elsewhere in Quran.com WBW,,
17:33:6,ٱللَّهُ,English word meaning,Allah has forbidden,Allah,same word's meaning elsewhere in Quran.com WBW,,
17:40:1,أَفَأَصْفَىٰكُمْ,English word meaning,Then has your Lord chosen (for) you,Then has chosen (for) you,split by hand from the translator's phrase,,
17:40:2,رَبُّكُم,English word meaning,Then has your Lord chosen (for) you,your Lord,split by hand from the translator's phrase,,
17:44:3,ٱلسَّمَٰوَٰتُ,English word meaning,the seven heavens,the heavens,split by hand from the translator's phrase,,
17:44:4,ٱلسَّبْعُ,English word meaning,the seven heavens,the seven,split by hand from the translator's phrase,,
17:56:5,مِّن,English word meaning,besides Him,from,split by hand from the translator's phrase,,
17:56:6,دُونِهِۦ,English word meaning,besides Him,besides Him,split by hand from the translator's phrase,,
17:58:14,كَانَ,English word meaning,That is,is,same word's meaning elsewhere in Quran.com WBW,,
17:58:15,ذَٰلِكَ,English word meaning,That is,that,same word's meaning elsewhere in Quran.com WBW,,
17:69:6,تَارَةً,English word meaning,another time,(another) time,split by hand from the translator's phrase,,
17:69:7,أُخْرَىٰ,English word meaning,another time,another,split by hand from the translator's phrase,,
17:70:3,بَنِىٓ,English word meaning,(the) children of Adam,(the) Children,same word's meaning elsewhere in Quran.com WBW,,
17:70:4,ءَادَمَ,English word meaning,(the) children of Adam,(of) Adam,same word's meaning elsewhere in Quran.com WBW,,
17:94:12,أَبَعَثَ,English word meaning,Has Allah sent,Has sent,split by hand from the translator's phrase,,
17:94:13,ٱللَّهُ,English word meaning,Has Allah sent,Allah,split by hand from the translator's phrase,,
17:97:2,يَهْدِ,English word meaning,Allah guides,guides,split by hand from the translator's phrase,,
17:97:3,ٱللَّهُ,English word meaning,Allah guides,Allah,split by hand from the translator's phrase,,
17:97:12,مِن,English word meaning,besides Him,from,split by hand from the translator's phrase,,
17:97:13,دُونِهِۦ,English word meaning,besides Him,besides Him,split by hand from the translator's phrase,,
17:101:8,بَنِىٓ,English word meaning,(the) Children of Israel,(the) Children,same word's meaning elsewhere in Quran.com WBW,,
17:101:9,إِسْرَٰٓءِيلَ,English word meaning,(the) Children of Israel,(of) Israel,same word's meaning elsewhere in Quran.com WBW,,
17:104:2,مِنۢ,English word meaning,after him,from,split by hand from the translator's phrase,,
17:104:3,بَعْدِهِۦ,English word meaning,after him,after him,split by hand from the translator's phrase,,
17:104:4,لِبَنِىٓ,English word meaning,to the Children of Israel,for (the) Children,same word's meaning elsewhere in Quran.com WBW,,
17:104:5,إِسْرَٰٓءِيلَ,English word meaning,to the Children of Israel,(of) Israel,same word's meaning elsewhere in Quran.com WBW,,
17:107:11,مِن,English word meaning,before it,from,split by hand from the translator's phrase,,
17:107:12,قَبْلِهِۦٓ,English word meaning,before it,before it,split by hand from the translator's phrase,,
17:110:7,أَيًّا,English word meaning,By whatever (name),By whatever,split by hand from the translator's phrase,,
17:110:8,مَّا,English word meaning,By whatever (name),(name),split by hand from the translator's phrase,,
17:110:11,ٱلْأَسْمَآءُ,English word meaning,the Most Beautiful Names,the Names,split by hand from the translator's phrase,,
17:110:12,ٱلْحُسْنَىٰ,English word meaning,the Most Beautiful Names,the Most Beautiful,split by hand from the translator's phrase,,
17:111:5,لَمْ,English word meaning,has not taken,not,same word's meaning elsewhere in Quran.com WBW,,
17:111:6,يَتَّخِذْ,English word meaning,has not taken,He has taken,same word's meaning elsewhere in Quran.com WBW,,
18:2:14,أَجْرًا,English word meaning,(is) a good reward,a reward,same word's meaning elsewhere in Quran.com WBW,,
18:2:15,حَسَنًا,English word meaning,(is) a good reward,good,same word's meaning elsewhere in Quran.com WBW,,
18:4:4,ٱتَّخَذَ,English word meaning,Allah has taken,has taken,same word's meaning elsewhere in Quran.com WBW,,
18:4:5,ٱللَّهُ,English word meaning,Allah has taken,Allah,same word's meaning elsewhere in Quran.com WBW,,
18:14:13,مِن,English word meaning,besides Him,from,split by hand from the translator's phrase,,
18:14:14,دُونِهِۦٓ,English word meaning,besides Him,besides Him,split by hand from the translator's phrase,,
18:15:4,مِن,English word meaning,besides Him,from,split by hand from the translator's phrase,,
18:15:5,دُونِهِۦٓ,English word meaning,besides Him,besides Him,split by hand from the translator's phrase,,
18:17:24,يَهْدِ,English word meaning,Allah guides,guides,split by hand from the translator's phrase,,
18:17:25,ٱللَّهُ,English word meaning,Allah guides,Allah,split by hand from the translator's phrase,,
18:19:23,بِوَرِقِكُمْ,English word meaning,with this silver coin of yours,with your silver coin,split by hand from the translator's phrase,,
18:19:24,هَٰذِهِۦٓ,English word meaning,with this silver coin of yours,this,split by hand from the translator's phrase,,
18:19:35,وَلَا,English word meaning,And let not be aware,And (let) not,split by hand from the translator's phrase,,
18:19:36,يُشْعِرَنَّ,English word meaning,And let not be aware,be aware,split by hand from the translator's phrase,,
18:24:3,يَشَآءَ,English word meaning,Allah wills,wills,same word's meaning elsewhere in Quran.com WBW,,
18:24:4,ٱللَّهُ,English word meaning,Allah wills,Allah,same word's meaning elsewhere in Quran.com WBW,,
18:26:15,مِّن,English word meaning,besides Him,from,split by hand from the translator's phrase,,
18:26:16,دُونِهِۦ,English word meaning,besides Him,besides Him,split by hand from the translator's phrase,,
18:27:13,مِن,English word meaning,besides Him,from,split by hand from the translator's phrase,,
18:27:14,دُونِهِۦ,English word meaning,besides Him,besides Him,split by hand from the translator's phrase,,
18:30:7,لَا,English word meaning,will not let go waste,not,same word's meaning elsewhere in Quran.com WBW,,
18:30:8,نُضِيعُ,English word meaning,will not let go waste,[We] let go waste,same word's meaning elsewhere in Quran.com WBW,,
18:40:2,رَبِّىٓ,English word meaning,that my Lord,my Lord,same word's meaning elsewhere in Quran.com WBW,,
18:40:3,أَن,English word meaning,that my Lord,that,same word's meaning elsewhere in Quran.com WBW,,
18:41:7,لَهُۥ,English word meaning,to find it,for it,split by hand from the translator's phrase,,
18:41:8,طَلَبًا,English word meaning,to find it,to find,split by hand from the translator's phrase,,
18:42:16,لَمْ,English word meaning,I had not associated,not,split by hand from the translator's phrase,,
18:42:17,أُشْرِكْ,English word meaning,I had not associated,I had associated,split by hand from the translator's phrase,,
18:43:6,مِن,English word meaning,other than,from,split by hand from the translator's phrase,,
18:43:7,دُونِ,English word meaning,other than,other than,split by hand from the translator's phrase,,
18:45:18,وَكَانَ,English word meaning,And Allah,And is,same word's meaning elsewhere in Quran.com WBW,,
18:45:19,ٱللَّهُ,English word meaning,And Allah,Allah,same word's meaning elsewhere in Quran.com WBW,,
18:50:19,مِن,English word meaning,other than Me,from,split by hand from the translator's phrase,,
18:50:20,دُونِى,English word meaning,other than Me,other than Me,split by hand from the translator's phrase,,
18:58:17,مِن,English word meaning,other than it,from,split by hand from the translator's phrase,,
18:58:18,دُونِهِۦ,English word meaning,other than it,other than it,split by hand from the translator's phrase,,
18:69:4,شَآءَ,English word meaning,Allah wills,wills,same word's meaning elsewhere in Quran.com WBW,,
18:69:5,ٱللَّهُ,English word meaning,Allah wills,Allah,same word's meaning elsewhere in Quran.com WBW,,
18:76:11,مِن,English word meaning,from me,from,split by hand from the translator's phrase,,
18:76:12,لَّدُنِّى,English word meaning,from me,me,split by hand from the translator's phrase,,
18:80:3,فَكَانَ,English word meaning,his parents were,were,split by hand from the translator's phrase,,
18:80:4,أَبَوَاهُ,English word meaning,his parents were,his parents,split by hand from the translator's phrase,,
18:82:4,لِغُلَٰمَيْنِ,English word meaning,for two orphan boys,for two boys,split by hand from the translator's phrase,,
18:82:5,يَتِيمَيْنِ,English word meaning,for two orphan boys,orphans,split by hand from the translator's phrase,,
18:83:3,ذِى,English word meaning,Dhul-qarnain,(of),split by hand from the translator's phrase,,
18:83:4,ٱلْقَرْنَيْنِ,English word meaning,Dhul-qarnain,Dhul-qarnain,split by hand from the translator's phrase,,
18:86:15,يَٰذَا,English word meaning,O Dhul-qarnain,O,split by hand from the translator's phrase,,
18:86:16,ٱلْقَرْنَيْنِ,English word meaning,O Dhul-qarnain,Dhul-qarnain,split by hand from the translator's phrase,,
18:90:13,مِّن,English word meaning,against it,from,split by hand from the translator's phrase,,
18:90:14,دُونِهَا,English word meaning,against it,against it,split by hand from the translator's phrase,,
18:93:7,مِن,English word meaning,besides them,from,split by hand from the translator's phrase,,
18:93:8,دُونِهِمَا,English word meaning,besides them,besides them,split by hand from the translator's phrase,,
18:94:2,يَٰذَا,English word meaning,O Dhul-qarnain,O,split by hand from the translator's phrase,,
18:94:3,ٱلْقَرْنَيْنِ,English word meaning,O Dhul-qarnain,Dhul-qarnain,split by hand from the translator's phrase,,
18:102:7,مِن,English word meaning,besides Me,from,split by hand from the translator's phrase,,
18:102:8,دُونِىٓ,English word meaning,besides Me,besides Me,split by hand from the translator's phrase,,
18:107:6,كَانَتْ,English word meaning,for them will be,was,same word's meaning elsewhere in Quran.com WBW,,
18:107:7,لَهُمْ,English word meaning,for them will be,for them,same word's meaning elsewhere in Quran.com WBW,,
19:4:5,ٱلْعَظْمُ,English word meaning,my bones,the bones,split by hand from the translator's phrase,,
19:4:6,مِنِّى,English word meaning,my bones,of me,split by hand from the translator's phrase,,
19:5:4,مِن,English word meaning,after me,from,split by hand from the translator's phrase,,
19:5:5,وَرَآءِى,English word meaning,after me,after me,split by hand from the translator's phrase,,
19:7:10,مِن,English word meaning,before,from,split by hand from the translator's phrase,,
19:7:11,قَبْلُ,English word meaning,before,before,split by hand from the translator's phrase,,
19:9:6,عَلَىَّ,English word meaning,(is) easy for Me,[on] me,same word's meaning elsewhere in Quran.com WBW,,
19:9:7,هَيِّنٌ,English word meaning,(is) easy for Me,easy,same word's meaning elsewhere in Quran.com WBW,,
19:9:10,مِن,English word meaning,before,from,split by hand from the translator's phrase,,
19:9:11,قَبْلُ,English word meaning,before,before,split by hand from the translator's phrase,,
19:17:2,مِن,English word meaning,from them,from,same word's meaning elsewhere in Quran.com WBW,,
19:17:3,دُونِهِمْ,English word meaning,from them,besides them,same word's meaning elsewhere in Quran.com WBW,,
19:17:8,فَتَمَثَّلَ,English word meaning,then he assumed for her the likeness,then he assumed the likeness,split by hand from the translator's phrase,,
19:17:9,لَهَا,English word meaning,then he assumed for her the likeness,for her,split by hand from the translator's phrase,,
19:27:9,شَيْـًٔا,English word meaning,an amazing thing,a thing,split by hand from the translator's phrase,,
19:27:10,فَرِيًّا,English word meaning,an amazing thing,amazing,split by hand from the translator's phrase,,
19:28:6,ٱمْرَأَ,English word meaning,an evil man,a man,split by hand from the translator's phrase,,
19:28:7,سَوْءٍ,English word meaning,an evil man,(of) evil,split by hand from the translator's phrase,,
19:31:3,أَيْنَ,English word meaning,wherever,wherever,split by hand from the translator's phrase,,
19:31:4,مَا,English word meaning,wherever,[that],split by hand from the translator's phrase,,
19:31:9,مَا,English word meaning,as long as I am,as long as,split by hand from the translator's phrase,,
19:31:10,دُمْتُ,English word meaning,as long as I am,I am,split by hand from the translator's phrase,,
19:35:6,مِن,English word meaning,any son,any,split by hand from the translator's phrase,,
19:35:7,وَلَدٍ,English word meaning,any son,son,split by hand from the translator's phrase,,
19:37:3,مِنۢ,English word meaning,from among them,from,same word's meaning elsewhere in Quran.com WBW,,
19:37:4,بَيْنِهِمْ,English word meaning,from among them,among them,same word's meaning elsewhere in Quran.com WBW,,
19:38:1,أَسْمِعْ,English word meaning,How they will hear,How they will hear,split by hand from the translator's phrase,,
19:38:2,بِهِمْ,English word meaning,How they will hear,[them],split by hand from the translator's phrase,,
19:46:2,أَرَاغِبٌ,English word meaning,Do you hate,Do you hate,split by hand from the translator's phrase,,
19:46:3,أَنتَ,English word meaning,Do you hate,you,split by hand from the translator's phrase,,
19:48:4,مِن,English word meaning,besides,from,split by hand from the translator's phrase,,
19:48:5,دُونِ,English word meaning,besides,besides,split by hand from the translator's phrase,,
19:49:5,مِن,English word meaning,besides Allah,from,split by hand from the translator's phrase,,
19:49:6,دُونِ,English word meaning,besides Allah,besides,split by hand from the translator's phrase,,
19:49:7,ٱللَّهِ,English word meaning,besides Allah,Allah,split by hand from the translator's phrase,,
19:50:7,لِسَانَ,English word meaning,a truthful mention,(of) mention,split by hand from the translator's phrase,,
19:50:8,صِدْقٍ,English word meaning,a truthful mention,truthful,split by hand from the translator's phrase,,
19:58:3,أَنْعَمَ,English word meaning,Allah bestowed favor,has bestowed (His) Favor,same word's meaning elsewhere in Quran.com WBW,,
19:58:4,ٱللَّهُ,English word meaning,Allah bestowed favor,Allah,same word's meaning elsewhere in Quran.com WBW,,
19:59:2,مِنۢ,English word meaning,after them,from,split by hand from the translator's phrase,,
19:59:3,بَعْدِهِمْ,English word meaning,after them,after them,split by hand from the translator's phrase,,
19:64:8,بَيْنَ,English word meaning,(is) before us,before,split by hand from the translator's phrase,,
19:64:9,أَيْدِينَا,English word meaning,(is) before us,us,split by hand from the translator's phrase,,
19:66:3,أَءِذَا,English word meaning,What! When,What! When,same word's meaning elsewhere in Quran.com WBW,,
19:66:4,مَا,English word meaning,What! When,what,same word's meaning elsewhere in Quran.com WBW,,
19:67:6,مِن,English word meaning,before,from,split by hand from the translator's phrase,,
19:67:7,قَبْلُ,English word meaning,before,before,split by hand from the translator's phrase,,
19:76:1,وَيَزِيدُ,English word meaning,And Allah increases,And increases,split by hand from the translator's phrase,,
19:76:2,ٱللَّهُ,English word meaning,And Allah increases,Allah,split by hand from the translator's phrase,,
19:81:2,مِن,English word meaning,besides Allah,from,split by hand from the translator's phrase,,
19:81:3,دُونِ,English word meaning,besides Allah,besides,split by hand from the translator's phrase,,
19:81:4,ٱللَّهِ,English word meaning,besides Allah,Allah,split by hand from the translator's phrase,,
20:22:7,مِنْ,English word meaning,without any,from,split by hand from the translator's phrase,,
20:22:8,غَيْرِ,English word meaning,without any,without any,split by hand from the translator's phrase,,
20:37:4,مَرَّةً,English word meaning,another time,(another) time,split by hand from the translator's phrase,,
20:37:5,أُخْرَىٰٓ,English word meaning,another time,another,split by hand from the translator's phrase,,
20:47:8,بَنِىٓ,English word meaning,(the) Children of Israel,(the) Children,same word's meaning elsewhere in Quran.com WBW,,
20:47:9,إِسْرَٰٓءِيلَ,English word meaning,(the) Children of Israel,(of) Israel,same word's meaning elsewhere in Quran.com WBW,,
20:80:1,يَٰبَنِىٓ,English word meaning,O Children of Israel,O Children,same word's meaning elsewhere in Quran.com WBW,,
20:80:2,إِسْرَٰٓءِيلَ,English word meaning,O Children of Israel,(of) Israel,same word's meaning elsewhere in Quran.com WBW,,
20:81:13,يَحْلِلْ,English word meaning,on whom descends,descends,split by hand from the translator's phrase,,
20:81:14,عَلَيْهِ,English word meaning,on whom descends,on whom,split by hand from the translator's phrase,,
20:85:6,مِنۢ,English word meaning,after you,from,split by hand from the translator's phrase,,
20:85:7,بَعْدِكَ,English word meaning,after you,after you,split by hand from the translator's phrase,,
20:86:1,فَرَجَعَ,English word meaning,Then Musa returned,Then returned,split by hand from the translator's phrase,,
20:86:2,مُوسَىٰٓ,English word meaning,Then Musa returned,Musa,split by hand from the translator's phrase,,
20:90:5,مِن,English word meaning,before,from,split by hand from the translator's phrase,,
20:90:6,قَبْلُ,English word meaning,before,before,split by hand from the translator's phrase,,
20:91:4,عَلَيْهِ,English word meaning,being devoted to it,to it,split by hand from the translator's phrase,,
20:91:5,عَٰكِفِينَ,English word meaning,being devoted to it,being devoted,split by hand from the translator's phrase,,
20:94:14,بَنِىٓ,English word meaning,(the) Children of Israel,(the) Children,same word's meaning elsewhere in Quran.com WBW,,
20:94:15,إِسْرَٰٓءِيلَ,English word meaning,(the) Children of Israel,(of) Israel,same word's meaning elsewhere in Quran.com WBW,,
20:99:7,قَدْ,English word meaning,has preceded,has,split by hand from the translator's phrase,,
20:99:8,سَبَقَ,English word meaning,has preceded,preceded,split by hand from the translator's phrase,,
20:110:3,بَيْنَ,English word meaning,(is) before them,before,split by hand from the translator's phrase,,
20:110:4,أَيْدِيهِمْ,English word meaning,(is) before them,them,split by hand from the translator's phrase,,
20:114:8,مِن,English word meaning,before,from,split by hand from the translator's phrase,,
20:114:9,قَبْلِ,English word meaning,before,before,split by hand from the translator's phrase,,
20:115:5,مِن,English word meaning,before,from,split by hand from the translator's phrase,,
20:115:6,قَبْلُ,English word meaning,before,before,split by hand from the translator's phrase,,
20:121:12,وَعَصَىٰٓ,English word meaning,And Adam disobeyed,and disobeyed,same word's meaning elsewhere in Quran.com WBW,,
20:121:13,ءَادَمُ,English word meaning,And Adam disobeyed,Adam,same word's meaning elsewhere in Quran.com WBW,,
20:134:5,مِّن,English word meaning,before him,from,split by hand from the translator's phrase,,
20:134:6,قَبْلِهِۦ,English word meaning,before him,before him,split by hand from the translator's phrase,,
20:134:15,مِن,English word meaning,before,from,split by hand from the translator's phrase,,
20:134:16,قَبْلِ,English word meaning,before,before,split by hand from the translator's phrase,,
21:11:9,قَوْمًا,English word meaning,another people,a people,split by hand from the translator's phrase,,
21:11:10,ءَاخَرِينَ,English word meaning,another people,another,split by hand from the translator's phrase,,
21:13:1,لَا,English word meaning,Flee not,(Do) not,split by hand from the translator's phrase,,
21:13:2,تَرْكُضُوا۟,English word meaning,Flee not,flee,split by hand from the translator's phrase,,
21:24:3,مِن,English word meaning,besides Him,from,split by hand from the translator's phrase,,
21:24:4,دُونِهِۦٓ,English word meaning,besides Him,besides Him,split by hand from the translator's phrase,,
21:25:3,مِن,English word meaning,before you,from,split by hand from the translator's phrase,,
21:25:4,قَبْلِكَ,English word meaning,before you,before you,split by hand from the translator's phrase,,
21:28:3,بَيْنَ,English word meaning,(is) before them,before,split by hand from the translator's phrase,,
21:28:4,أَيْدِيهِمْ,English word meaning,(is) before them,them,split by hand from the translator's phrase,,
21:29:6,مِّن,English word meaning,besides Him,from,split by hand from the translator's phrase,,
21:29:7,دُونِهِۦ,English word meaning,besides Him,besides Him,split by hand from the translator's phrase,,
21:30:15,شَىْءٍ,English word meaning,living thing,thing,split by hand from the translator's phrase,,
21:30:16,حَىٍّ,English word meaning,living thing,living,split by hand from the translator's phrase,,
21:34:4,مِّن,English word meaning,before you,from,split by hand from the translator's phrase,,
21:34:5,قَبْلِكَ,English word meaning,before you,before you,split by hand from the translator's phrase,,
21:41:4,مِّن,English word meaning,before you,from,split by hand from the translator's phrase,,
21:41:5,قَبْلِكَ,English word meaning,before you,before you,split by hand from the translator's phrase,,
21:45:9,إِذَا,English word meaning,when,when,split by hand from the translator's phrase,,
21:45:10,مَا,English word meaning,when,[that],split by hand from the translator's phrase,,
21:51:5,مِن,English word meaning,before,from,split by hand from the translator's phrase,,
21:51:6,قَبْلُ,English word meaning,before,before,split by hand from the translator's phrase,,
21:60:5,يُقَالُ,English word meaning,he is called,is said,split by hand from the translator's phrase,,
21:60:6,لَهُۥٓ,English word meaning,he is called,to him (he is called),split by hand from the translator's phrase,,
21:66:3,مِن,English word meaning,besides,from,split by hand from the translator's phrase,,
21:66:4,دُونِ,English word meaning,besides,besides,split by hand from the translator's phrase,,
21:67:5,مِن,English word meaning,besides,from,split by hand from the translator's phrase,,
21:67:6,دُونِ,English word meaning,besides,besides,split by hand from the translator's phrase,,
21:76:4,مِن,English word meaning,before,from,split by hand from the translator's phrase,,
21:76:5,قَبْلُ,English word meaning,before,before,split by hand from the translator's phrase,,
21:84:13,مِّنْ,English word meaning,from Ourselves,from,split by hand from the translator's phrase,,
21:84:14,عِندِنَا,English word meaning,from Ourselves,Ourselves,split by hand from the translator's phrase,,
21:85:3,وَذَا,English word meaning,and Dhul-Kifl,and,split by hand from the translator's phrase,,
21:85:4,ٱلْكِفْلِ,English word meaning,and Dhul-Kifl,Dhul-Kifl,split by hand from the translator's phrase,,
21:87:1,وَذَا,English word meaning,And Dhun-Nun,And,split by hand from the translator's phrase,,
21:87:2,ٱلنُّونِ,English word meaning,And Dhun-Nun,Dhun-Nun,split by hand from the translator's phrase,,
21:98:4,مِن,English word meaning,besides Allah,from,split by hand from the translator's phrase,,
21:98:5,دُونِ,English word meaning,besides Allah,besides,split by hand from the translator's phrase,,
21:98:6,ٱللَّهِ,English word meaning,besides Allah,Allah,split by hand from the translator's phrase,,
21:105:5,مِنۢ,English word meaning,after,from,split by hand from the translator's phrase,,
21:105:6,بَعْدِ,English word meaning,after,after,split by hand from the translator's phrase,,
21:109:5,عَلَىٰ,English word meaning,equally,on,split by hand from the translator's phrase,,
21:109:6,سَوَآءٍ,English word meaning,equally,equal (terms),split by hand from the translator's phrase,,
22:1:1,يَٰٓأَيُّهَا,English word meaning,O mankind,O you,same word's meaning elsewhere in Quran.com WBW,,
22:1:2,ٱلنَّاسُ,English word meaning,O mankind,mankind,same word's meaning elsewhere in Quran.com WBW,,
22:2:10,ذَاتِ,English word meaning,pregnant woman,woman,split by hand from the translator's phrase,,
22:2:11,حَمْلٍ,English word meaning,pregnant woman,pregnant,split by hand from the translator's phrase,,
22:5:1,يَٰٓأَيُّهَا,English word meaning,O mankind,O you,same word's meaning elsewhere in Quran.com WBW,,
22:5:2,ٱلنَّاسُ,English word meaning,O mankind,mankind,same word's meaning elsewhere in Quran.com WBW,,
22:5:23,وَغَيْرِ,English word meaning,and unformed,and,split by hand from the translator's phrase,,
22:5:24,مُخَلَّقَةٍ,English word meaning,and unformed,unformed,split by hand from the translator's phrase,,
22:5:52,مِنۢ,English word meaning,after,from,split by hand from the translator's phrase,,
22:5:53,بَعْدِ,English word meaning,after,after,split by hand from the translator's phrase,,
22:12:2,مِن,English word meaning,besides,from,split by hand from the translator's phrase,,
22:12:3,دُونِ,English word meaning,besides,besides,split by hand from the translator's phrase,,
22:15:6,يَنصُرَهُ,English word meaning,Allah will help him,will help him,split by hand from the translator's phrase,,
22:15:7,ٱللَّهُ,English word meaning,Allah will help him,Allah,split by hand from the translator's phrase,,
22:16:3,ءَايَٰتٍۭ,English word meaning,(as) clear Verses,Verses,same word's meaning elsewhere in Quran.com WBW,,
22:16:4,بَيِّنَٰتٍ,English word meaning,(as) clear Verses,clear,same word's meaning elsewhere in Quran.com WBW,,
22:18:27,يُهِنِ,English word meaning,Allah humiliates,humiliates,split by hand from the translator's phrase,,
22:18:28,ٱللَّهُ,English word meaning,Allah humiliates,Allah,split by hand from the translator's phrase,,
22:19:14,مِن,English word meaning,over,from,split by hand from the translator's phrase,,
22:19:15,فَوْقِ,English word meaning,over,over,split by hand from the translator's phrase,,
22:25:8,وَٱلْمَسْجِدِ,English word meaning,and Al-Masjid Al-Haraam,and (preventing access to) Al-Masjid,same word's meaning elsewhere in Quran.com WBW,,
22:25:9,ٱلْحَرَامِ,English word meaning,and Al-Masjid Al-Haraam,Al-Haraam,same word's meaning elsewhere in Quran.com WBW,,
22:38:3,يُدَٰفِعُ,English word meaning,defends,defends,split by hand from the translator's phrase,,
22:38:4,عَنِ,English word meaning,defends,[from],split by hand from the translator's phrase,,
22:40:13,دَفْعُ,English word meaning,Allah checks,(the) checking,split by hand from the translator's phrase,,
22:40:14,ٱللَّهِ,English word meaning,Allah checks,(of) Allah,split by hand from the translator's phrase,,
22:40:25,ٱسْمُ,English word meaning,(the) name of Allah,(the) name,same word's meaning elsewhere in Quran.com WBW,,
22:40:26,ٱللَّهِ,English word meaning,(the) name of Allah,Allah,same word's meaning elsewhere in Quran.com WBW,,
22:40:28,وَلَيَنصُرَنَّ,English word meaning,And surely Allah will help,And surely will help,split by hand from the translator's phrase,,
22:40:29,ٱللَّهُ,English word meaning,And surely Allah will help,Allah,split by hand from the translator's phrase,,
22:44:3,وَكُذِّبَ,English word meaning,And Musa was denied,And was denied,split by hand from the translator's phrase,,
22:44:4,مُوسَىٰ,English word meaning,And Musa was denied,Musa,split by hand from the translator's phrase,,
22:49:2,يَٰٓأَيُّهَا,English word meaning,O mankind,O you,same word's meaning elsewhere in Quran.com WBW,,
22:49:3,ٱلنَّاسُ,English word meaning,O mankind,mankind,same word's meaning elsewhere in Quran.com WBW,,
22:52:3,مِن,English word meaning,before you,from,split by hand from the translator's phrase,,
22:52:4,قَبْلِكَ,English word meaning,before you,before you,split by hand from the translator's phrase,,
22:52:16,فَيَنسَخُ,English word meaning,But Allah abolishes,But abolishes,split by hand from the translator's phrase,,
22:52:17,ٱللَّهُ,English word meaning,But Allah abolishes,Allah,split by hand from the translator's phrase,,
22:52:22,يُحْكِمُ,English word meaning,Allah will establish,will establish,split by hand from the translator's phrase,,
22:52:23,ٱللَّهُ,English word meaning,Allah will establish,Allah,split by hand from the translator's phrase,,
22:53:3,يُلْقِى,English word meaning,the Shaitaan throws,throws,same word's meaning elsewhere in Quran.com WBW,,
22:53:4,ٱلشَّيْطَٰنُ,English word meaning,the Shaitaan throws,the Shaitaan,same word's meaning elsewhere in Quran.com WBW,,
22:58:10,لَيَرْزُقَنَّهُمُ,English word meaning,"surely, Allah will provide them",surely will provide them,split by hand from the translator's phrase,,
22:58:11,ٱللَّهُ,English word meaning,"surely, Allah will provide them",Allah,split by hand from the translator's phrase,,
22:60:11,لَيَنصُرَنَّهُ,English word meaning,Allah will surely help him,will surely help him,split by hand from the translator's phrase,,
22:60:12,ٱللَّهُ,English word meaning,Allah will surely help him,Allah,split by hand from the translator's phrase,,
22:62:9,مِن,English word meaning,besides Him,from,split by hand from the translator's phrase,,
22:62:10,دُونِهِۦ,English word meaning,besides Him,besides Him,split by hand from the translator's phrase,,
22:67:7,فَلَا,English word meaning,So let them not dispute with you,So (let) not,split by hand from the translator's phrase,,
22:67:8,يُنَٰزِعُنَّكَ,English word meaning,So let them not dispute with you,them dispute with you,split by hand from the translator's phrase,,
22:71:2,مِن,English word meaning,besides Allah,from,split by hand from the translator's phrase,,
22:71:3,دُونِ,English word meaning,besides Allah,besides,split by hand from the translator's phrase,,
22:71:4,ٱللَّهِ,English word meaning,besides Allah,Allah,split by hand from the translator's phrase,,
22:72:24,وَعَدَهَا,English word meaning,Allah (has) promised it,he had promised it,same word's meaning elsewhere in Quran.com WBW,,
22:72:25,ٱللَّهُ,English word meaning,Allah (has) promised it,Allah,same word's meaning elsewhere in Quran.com WBW,,
22:73:1,يَٰٓأَيُّهَا,English word meaning,O mankind,O you,same word's meaning elsewhere in Quran.com WBW,,
22:73:2,ٱلنَّاسُ,English word meaning,O mankind,mankind,same word's meaning elsewhere in Quran.com WBW,,
22:73:10,مِن,English word meaning,besides Allah,from,split by hand from the translator's phrase,,
22:73:11,دُونِ,English word meaning,besides Allah,besides,split by hand from the translator's phrase,,
22:73:12,ٱللَّهِ,English word meaning,besides Allah,Allah,split by hand from the translator's phrase,,
22:76:3,بَيْنَ,English word meaning,(is) before them,before,split by hand from the translator's phrase,,
22:76:4,أَيْدِيهِمْ,English word meaning,(is) before them,them,split by hand from the translator's phrase,,
22:77:1,يَٰٓأَيُّهَا,English word meaning,O you who believe,O you,same word's meaning elsewhere in Quran.com WBW,,
22:77:2,ٱلَّذِينَ,English word meaning,O you who believe,those who,same word's meaning elsewhere in Quran.com WBW,,
22:77:3,ءَامَنُوا۟,English word meaning,O you who believe,believe,same word's meaning elsewhere in Quran.com WBW,,
22:78:4,حَقَّ,English word meaning,(with the) striving due (to) Him,(with the) striving due,split by hand from the translator's phrase,,
22:78:5,جِهَادِهِۦ,English word meaning,(with the) striving due (to) Him,(to) Him,split by hand from the translator's phrase,,
22:78:21,مِن,English word meaning,before,from,split by hand from the translator's phrase,,
22:78:22,قَبْلُ,English word meaning,before,before,split by hand from the translator's phrase,,
23:18:11,ذَهَابٍۭ,English word meaning,taking it away,taking away,split by hand from the translator's phrase,,
23:18:12,بِهِۦ,English word meaning,taking it away,[of] it,split by hand from the translator's phrase,,
23:19:5,مِّن,English word meaning,of date-palms,of,split by hand from the translator's phrase,,
23:19:6,نَّخِيلٍ,English word meaning,of date-palms,date-palms,split by hand from the translator's phrase,,
23:20:4,طُورِ,English word meaning,Mount Sinai,Mount,split by hand from the translator's phrase,,
23:20:5,سَيْنَآءَ,English word meaning,Mount Sinai,Sinai,split by hand from the translator's phrase,,
23:24:7,مَا,English word meaning,This is not,not,split by hand from the translator's phrase,,
23:24:8,هَٰذَآ,English word meaning,This is not,(is) this,split by hand from the translator's phrase,,
23:24:17,شَآءَ,English word meaning,Allah had willed,wills,same word's meaning elsewhere in Quran.com WBW,,
23:24:18,ٱللَّهُ,English word meaning,Allah had willed,Allah,same word's meaning elsewhere in Quran.com WBW,,
23:24:25,ءَابَآئِنَا,English word meaning,our forefathers,our forefathers,split by hand from the translator's phrase,,
23:24:26,ٱلْأَوَّلِينَ,English word meaning,our forefathers,the former,split by hand from the translator's phrase,,
23:31:3,مِنۢ,English word meaning,after them,from,split by hand from the translator's phrase,,
23:31:4,بَعْدِهِمْ,English word meaning,after them,after them,split by hand from the translator's phrase,,
23:40:2,عَمَّا,English word meaning,After a little while,After,split by hand from the translator's phrase,,
23:40:3,قَلِيلٍ,English word meaning,After a little while,a little while,split by hand from the translator's phrase,,
23:42:3,مِنۢ,English word meaning,after them,from,split by hand from the translator's phrase,,
23:42:4,بَعْدِهِمْ,English word meaning,after them,after them,split by hand from the translator's phrase,,
23:44:5,كُلَّ,English word meaning,Every time,Every,split by hand from the translator's phrase,,
23:44:6,مَا,English word meaning,Every time,time,split by hand from the translator's phrase,,
23:50:9,ذَاتِ,English word meaning,of tranquility,(place) of,split by hand from the translator's phrase,,
23:50:10,قَرَارٍ,English word meaning,of tranquility,tranquility,split by hand from the translator's phrase,,
23:51:1,يَٰٓأَيُّهَا,English word meaning,O Messengers,O you,same word's meaning elsewhere in Quran.com WBW,,
23:51:2,ٱلرُّسُلُ,English word meaning,O Messengers,the Messengers,same word's meaning elsewhere in Quran.com WBW,,
23:63:9,مِّن,English word meaning,besides,from,split by hand from the translator's phrase,,
23:63:10,دُونِ,English word meaning,besides,besides,split by hand from the translator's phrase,,
23:68:9,ءَابَآءَهُمُ,English word meaning,(to) their forefathers,(to) their forefathers,split by hand from the translator's phrase,,
23:68:10,ٱلْأَوَّلِينَ,English word meaning,(to) their forefathers,the former,split by hand from the translator's phrase,,
23:69:6,لَهُۥ,English word meaning,(are) rejecting him,him,split by hand from the translator's phrase,,
23:69:7,مُنكِرُونَ,English word meaning,(are) rejecting him,(are) rejecting,split by hand from the translator's phrase,,
23:77:6,ذَا,English word meaning,of a punishment,(of),split by hand from the translator's phrase,,
23:77:7,عَذَابٍ,English word meaning,of a punishment,a punishment,split by hand from the translator's phrase,,
23:83:6,مِن,English word meaning,before,from,split by hand from the translator's phrase,,
23:83:7,قَبْلُ,English word meaning,before,before,split by hand from the translator's phrase,,
23:86:4,ٱلسَّمَٰوَٰتِ,English word meaning,(of) the seven heavens,(of) the heavens,split by hand from the translator's phrase,,
23:86:5,ٱلسَّبْعِ,English word meaning,(of) the seven heavens,the seven,split by hand from the translator's phrase,,
23:91:2,ٱتَّخَذَ,English word meaning,Allah has taken,has taken,same word's meaning elsewhere in Quran.com WBW,,
23:91:3,ٱللَّهُ,English word meaning,Allah has taken,Allah,same word's meaning elsewhere in Quran.com WBW,,
23:100:11,وَمِن,English word meaning,and before them,and from,split by hand from the translator's phrase,,
23:100:12,وَرَآئِهِم,English word meaning,and before them,before them,split by hand from the translator's phrase,,
23:105:1,أَلَمْ,English word meaning,Were not,Do not,same word's meaning elsewhere in Quran.com WBW,,
23:105:2,تَكُنْ,English word meaning,Were not,was,same word's meaning elsewhere in Quran.com WBW,,
23:105:7,بِهَا,English word meaning,deny them,them,split by hand from the translator's phrase,,
23:105:8,تُكَذِّبُونَ,English word meaning,deny them,deny,split by hand from the translator's phrase,,
24:2:11,بِهِمَا,English word meaning,pity for them,for them,split by hand from the translator's phrase,,
24:2:12,رَأْفَةٌ,English word meaning,pity for them,pity,split by hand from the translator's phrase,,
24:2:14,دِينِ,English word meaning,(the) religion of Allah,(the) religion,same word's meaning elsewhere in Quran.com WBW,,
24:2:15,ٱللَّهِ,English word meaning,(the) religion of Allah,Allah,same word's meaning elsewhere in Quran.com WBW,,
24:5:4,مِنۢ,English word meaning,after,from,split by hand from the translator's phrase,,
24:5:5,بَعْدِ,English word meaning,after,after,split by hand from the translator's phrase,,
24:7:3,لَعْنَتَ,English word meaning,(the) curse of Allah,the curse,same word's meaning elsewhere in Quran.com WBW,,
24:7:4,ٱللَّهِ,English word meaning,(the) curse of Allah,Allah,same word's meaning elsewhere in Quran.com WBW,,
24:9:3,غَضَبَ,English word meaning,the wrath of Allah,the wrath,split by hand from the translator's phrase,,
24:9:4,ٱللَّهِ,English word meaning,the wrath of Allah,(of) Allah,split by hand from the translator's phrase,,
24:10:2,فَضْلُ,English word meaning,(for) the Grace of Allah,(for the) Grace,same word's meaning elsewhere in Quran.com WBW,,
24:10:3,ٱللَّهِ,English word meaning,(for) the Grace of Allah,Allah,same word's meaning elsewhere in Quran.com WBW,,
24:11:23,تَوَلَّىٰ,English word meaning,took upon himself a greater share of it,took upon himself,split by hand from the translator's phrase,,
24:11:24,كِبْرَهُۥ,English word meaning,took upon himself a greater share of it,a greater share of it,split by hand from the translator's phrase,,
24:12:7,بِأَنفُسِهِمْ,English word meaning,good of themselves,of themselves,split by hand from the translator's phrase,,
24:12:8,خَيْرًا,English word meaning,good of themselves,good,split by hand from the translator's phrase,,
24:13:11,عِندَ,English word meaning,near Allah,near,same word's meaning elsewhere in Quran.com WBW,,
24:13:12,ٱللَّهِ,English word meaning,near Allah,Allah,same word's meaning elsewhere in Quran.com WBW,,
24:15:14,عِندَ,English word meaning,(was) near Allah,near,same word's meaning elsewhere in Quran.com WBW,,
24:15:15,ٱللَّهِ,English word meaning,(was) near Allah,Allah,same word's meaning elsewhere in Quran.com WBW,,
24:17:1,يَعِظُكُمُ,English word meaning,Allah warns you,warns you,split by hand from the translator's phrase,,
24:17:2,ٱللَّهُ,English word meaning,Allah warns you,Allah,split by hand from the translator's phrase,,
24:18:1,وَيُبَيِّنُ,English word meaning,And Allah makes clear,And He makes clear,same word's meaning elsewhere in Quran.com WBW,,
24:18:2,ٱللَّهُ,English word meaning,And Allah makes clear,Allah,same word's meaning elsewhere in Quran.com WBW,,
24:20:2,فَضْلُ,English word meaning,(for the) Grace of Allah,(for the) Grace,same word's meaning elsewhere in Quran.com WBW,,
24:20:3,ٱللَّهِ,English word meaning,(for the) Grace of Allah,Allah,same word's meaning elsewhere in Quran.com WBW,,
24:21:1,يَٰٓأَيُّهَا,English word meaning,O you who believe,O you,same word's meaning elsewhere in Quran.com WBW,,
24:21:2,ٱلَّذِينَ,English word meaning,O you who believe,those who,same word's meaning elsewhere in Quran.com WBW,,
24:21:3,ءَامَنُوا۟,English word meaning,O you who believe,believe,same word's meaning elsewhere in Quran.com WBW,,
24:21:17,فَضْلُ,English word meaning,(for the) Grace of Allah,(for the) Grace,same word's meaning elsewhere in Quran.com WBW,,
24:21:18,ٱللَّهِ,English word meaning,(for the) Grace of Allah,Allah,same word's meaning elsewhere in Quran.com WBW,,
24:21:24,مِّنْ,English word meaning,anyone,any,split by hand from the translator's phrase,,
24:21:25,أَحَدٍ,English word meaning,anyone,one,split by hand from the translator's phrase,,
24:22:3,أُو۟لُوا۟,English word meaning,those of virtue,those,split by hand from the translator's phrase,,
24:22:4,ٱلْفَضْلِ,English word meaning,those of virtue,of virtue,split by hand from the translator's phrase,,
24:22:9,أُو۟لِى,English word meaning,(to) the near of kin,(to),split by hand from the translator's phrase,,
24:22:10,ٱلْقُرْبَىٰ,English word meaning,(to) the near of kin,the near of kin,split by hand from the translator's phrase,,
24:22:21,يَغْفِرَ,English word meaning,Allah should forgive,will forgive,same word's meaning elsewhere in Quran.com WBW,,
24:22:22,ٱللَّهُ,English word meaning,Allah should forgive,Allah,same word's meaning elsewhere in Quran.com WBW,,
24:25:2,يُوَفِّيهِمُ,English word meaning,Allah will pay them in full,will pay them in full,split by hand from the translator's phrase,,
24:25:3,ٱللَّهُ,English word meaning,Allah will pay them in full,Allah,split by hand from the translator's phrase,,
24:30:4,مِنْ,English word meaning,their gaze,[of],split by hand from the translator's phrase,,
24:30:5,أَبْصَٰرِهِمْ,English word meaning,their gaze,their gaze,split by hand from the translator's phrase,,
24:31:50,غَيْرِ,English word meaning,having no physical desire,not,split by hand from the translator's phrase,,
24:31:51,أُو۟لِى,English word meaning,having no physical desire,having,split by hand from the translator's phrase,,
24:31:52,ٱلْإِرْبَةِ,English word meaning,having no physical desire,physical desire,split by hand from the translator's phrase,,
24:31:75,أَيُّهَ,English word meaning,O believers,O you,same word's meaning elsewhere in Quran.com WBW,,
24:31:76,ٱلْمُؤْمِنُونَ,English word meaning,O believers,the believers,same word's meaning elsewhere in Quran.com WBW,,
24:32:11,يُغْنِهِمُ,English word meaning,Allah will enrich them,will enrich them,split by hand from the translator's phrase,,
24:32:12,ٱللَّهُ,English word meaning,Allah will enrich them,Allah,split by hand from the translator's phrase,,
24:33:7,يُغْنِيَهُمُ,English word meaning,Allah enriches them,enriches them,split by hand from the translator's phrase,,
24:33:8,ٱللَّهُ,English word meaning,Allah enriches them,Allah,split by hand from the translator's phrase,,
24:33:24,مَّالِ,English word meaning,the wealth of Allah,the wealth,split by hand from the translator's phrase,,
24:33:25,ٱللَّهِ,English word meaning,the wealth of Allah,(of) Allah,split by hand from the translator's phrase,,
24:33:44,مِنۢ,English word meaning,after,from,split by hand from the translator's phrase,,
24:33:45,بَعْدِ,English word meaning,after,after,split by hand from the translator's phrase,,
24:34:10,مِن,English word meaning,before you,from,split by hand from the translator's phrase,,
24:34:11,قَبْلِكُمْ,English word meaning,before you,before you,split by hand from the translator's phrase,,
24:35:36,يَهْدِى,English word meaning,Allah guides,guides,split by hand from the translator's phrase,,
24:35:37,ٱللَّهُ,English word meaning,Allah guides,Allah,split by hand from the translator's phrase,,
24:35:41,وَيَضْرِبُ,English word meaning,And Allah sets forth,And sets forth,split by hand from the translator's phrase,,
24:35:42,ٱللَّهُ,English word meaning,And Allah sets forth,Allah,split by hand from the translator's phrase,,
24:36:3,أَذِنَ,English word meaning,(which) Allah ordered,ordered,split by hand from the translator's phrase,,
24:36:4,ٱللَّهُ,English word meaning,(which) Allah ordered,Allah,split by hand from the translator's phrase,,
24:37:8,ذِكْرِ,English word meaning,(the) remembrance of Allah,(the) remembrance,same word's meaning elsewhere in Quran.com WBW,,
24:37:9,ٱللَّهِ,English word meaning,(the) remembrance of Allah,Allah,same word's meaning elsewhere in Quran.com WBW,,
24:38:1,لِيَجْزِيَهُمُ,English word meaning,That Allah may reward them,That may reward them,split by hand from the translator's phrase,,
24:38:2,ٱللَّهُ,English word meaning,That Allah may reward them,Allah,split by hand from the translator's phrase,,
24:40:8,مِّن,English word meaning,on it,from,split by hand from the translator's phrase,,
24:40:9,فَوْقِهِۦ,English word meaning,on it,on it,split by hand from the translator's phrase,,
24:40:11,مِّن,English word meaning,on it,from,split by hand from the translator's phrase,,
24:40:12,فَوْقِهِۦ,English word meaning,on it,on it,split by hand from the translator's phrase,,
24:40:21,لَمْ,English word meaning,hardly,not,split by hand from the translator's phrase,,
24:40:22,يَكَدْ,English word meaning,hardly,hardly,split by hand from the translator's phrase,,
24:40:26,يَجْعَلِ,English word meaning,Allah (has) made,(has) made,split by hand from the translator's phrase,,
24:40:27,ٱللَّهُ,English word meaning,Allah (has) made,Allah,split by hand from the translator's phrase,,
24:44:1,يُقَلِّبُ,English word meaning,Allah alternates,alternates,split by hand from the translator's phrase,,
24:44:2,ٱللَّهُ,English word meaning,Allah alternates,Allah,split by hand from the translator's phrase,,
24:44:9,لِّأُو۟لِى,English word meaning,for those who have vision,for men,same word's meaning elsewhere in Quran.com WBW,,
24:44:10,ٱلْأَبْصَٰرِ,English word meaning,for those who have vision,(of) vision,same word's meaning elsewhere in Quran.com WBW,,
24:45:22,يَخْلُقُ,English word meaning,Allah creates,He creates,same word's meaning elsewhere in Quran.com WBW,,
24:45:23,ٱللَّهُ,English word meaning,Allah creates,Allah,same word's meaning elsewhere in Quran.com WBW,,
24:47:10,مِّنۢ,English word meaning,after,from,split by hand from the translator's phrase,,
24:47:11,بَعْدِ,English word meaning,after,after,split by hand from the translator's phrase,,
24:50:9,يَحِيفَ,English word meaning,Allah will be unjust,will be unjust,split by hand from the translator's phrase,,
24:50:10,ٱللَّهُ,English word meaning,Allah will be unjust,Allah,split by hand from the translator's phrase,,
24:55:1,وَعَدَ,English word meaning,Allah (has) promised,promised,same word's meaning elsewhere in Quran.com WBW,,
24:55:2,ٱللَّهُ,English word meaning,Allah (has) promised,Allah,same word's meaning elsewhere in Quran.com WBW,,
24:55:14,مِن,English word meaning,(were) before them,from,split by hand from the translator's phrase,,
24:55:15,قَبْلِهِمْ,English word meaning,(were) before them,before them,split by hand from the translator's phrase,,
24:55:23,مِّنۢ,English word meaning,after,from,split by hand from the translator's phrase,,
24:55:24,بَعْدِ,English word meaning,after,after,split by hand from the translator's phrase,,
24:58:1,يَٰٓأَيُّهَا,English word meaning,O you who believe,O you,same word's meaning elsewhere in Quran.com WBW,,
24:58:2,ٱلَّذِينَ,English word meaning,O you who believe,those who,same word's meaning elsewhere in Quran.com WBW,,
24:58:3,ءَامَنُوا۟,English word meaning,O you who believe,believe,same word's meaning elsewhere in Quran.com WBW,,
24:58:15,مِّن,English word meaning,before,from,split by hand from the translator's phrase,,
24:58:16,قَبْلِ,English word meaning,before,before,split by hand from the translator's phrase,,
24:58:24,وَمِنۢ,English word meaning,and after,and from,split by hand from the translator's phrase,,
24:58:25,بَعْدِ,English word meaning,and after,after,split by hand from the translator's phrase,,
24:58:43,يُبَيِّنُ,English word meaning,Allah makes clear,makes clear,same word's meaning elsewhere in Quran.com WBW,,
24:58:44,ٱللَّهُ,English word meaning,Allah makes clear,Allah,same word's meaning elsewhere in Quran.com WBW,,
24:59:10,مِن,English word meaning,(were) before them,from,split by hand from the translator's phrase,,
24:59:11,قَبْلِهِمْ,English word meaning,(were) before them,before them,split by hand from the translator's phrase,,
24:59:13,يُبَيِّنُ,English word meaning,Allah makes clear,makes clear,same word's meaning elsewhere in Quran.com WBW,,
24:59:14,ٱللَّهُ,English word meaning,Allah makes clear,Allah,same word's meaning elsewhere in Quran.com WBW,,
24:61:65,مِّنْ,English word meaning,from,from,split by hand from the translator's phrase,,
24:61:66,عِندِ,English word meaning,from,near,split by hand from the translator's phrase,,
24:61:71,يُبَيِّنُ,English word meaning,Allah makes clear,makes clear,same word's meaning elsewhere in Quran.com WBW,,
24:61:72,ٱللَّهُ,English word meaning,Allah makes clear,Allah,same word's meaning elsewhere in Quran.com WBW,,
24:63:10,يَعْلَمُ,English word meaning,Allah knows,knows,same word's meaning elsewhere in Quran.com WBW,,
24:63:11,ٱللَّهُ,English word meaning,Allah knows,Allah,same word's meaning elsewhere in Quran.com WBW,,
25:3:2,مِن,English word meaning,besides Him,from,split by hand from the translator's phrase,,
25:3:3,دُونِهِۦٓ,English word meaning,besides Him,besides Him,split by hand from the translator's phrase,,
25:17:5,مِن,English word meaning,besides Allah,from,split by hand from the translator's phrase,,
25:17:6,دُونِ,English word meaning,besides Allah,besides,split by hand from the translator's phrase,,
25:17:7,ٱللَّهِ,English word meaning,besides Allah,Allah,split by hand from the translator's phrase,,
25:18:4,كَانَ,English word meaning,it was proper,was,split by hand from the translator's phrase,,
25:18:5,يَنۢبَغِى,English word meaning,it was proper,proper,split by hand from the translator's phrase,,
25:18:9,مِن,English word meaning,besides You,from,split by hand from the translator's phrase,,
25:18:10,دُونِكَ,English word meaning,besides You,besides You,split by hand from the translator's phrase,,
25:32:8,جُمْلَةً,English word meaning,all at once,all,split by hand from the translator's phrase,,
25:32:9,وَٰحِدَةً,English word meaning,all at once,at once,split by hand from the translator's phrase,,
25:41:9,بَعَثَ,English word meaning,Allah has sent,has sent,split by hand from the translator's phrase,,
25:41:10,ٱللَّهُ,English word meaning,Allah has sent,Allah,split by hand from the translator's phrase,,
25:42:1,إِن,English word meaning,He would have almost,[If],split by hand from the translator's phrase,,
25:42:2,كَادَ,English word meaning,He would have almost,He would have almost,split by hand from the translator's phrase,,
25:48:6,بَيْنَ,English word meaning,before,before,split by hand from the translator's phrase,,
25:48:7,يَدَىْ,English word meaning,before,ahead of,split by hand from the translator's phrase,,
25:55:2,مِن,English word meaning,besides Allah,from,split by hand from the translator's phrase,,
25:55:3,دُونِ,English word meaning,besides Allah,besides,split by hand from the translator's phrase,,
25:55:4,ٱللَّهِ,English word meaning,besides Allah,Allah,split by hand from the translator's phrase,,
25:55:6,لَا,English word meaning,not profits them,not,same word's meaning elsewhere in Quran.com WBW,,
25:55:7,يَنفَعُهُمْ,English word meaning,not profits them,benefit them,same word's meaning elsewhere in Quran.com WBW,,
25:57:8,مَن,English word meaning,(that) whoever wills,whoever,split by hand from the translator's phrase,,
25:57:9,شَآءَ,English word meaning,(that) whoever wills,wills,split by hand from the translator's phrase,,
25:58:5,لَا,English word meaning,does not die,not,same word's meaning elsewhere in Quran.com WBW,,
25:58:6,يَمُوتُ,English word meaning,does not die,he will die,same word's meaning elsewhere in Quran.com WBW,,
25:67:4,لَمْ,English word meaning,(are) not extravagant,not,split by hand from the translator's phrase,,
25:67:5,يُسْرِفُوا۟,English word meaning,(are) not extravagant,(are) extravagant,split by hand from the translator's phrase,,
25:67:6,وَلَمْ,English word meaning,and are not stingy,and not,split by hand from the translator's phrase,,
25:67:7,يَقْتُرُوا۟,English word meaning,and are not stingy,are stingy,split by hand from the translator's phrase,,
25:68:12,حَرَّمَ,English word meaning,Allah has forbidden,He has forbidden,same word's meaning elsewhere in Quran.com WBW,,
25:68:13,ٱللَّهُ,English word meaning,Allah has forbidden,Allah,same word's meaning elsewhere in Quran.com WBW,,
25:70:6,عَمَلًا,English word meaning,righteous deeds,deeds,split by hand from the translator's phrase,,
25:70:7,صَٰلِحًا,English word meaning,righteous deeds,righteous,split by hand from the translator's phrase,,
25:70:9,يُبَدِّلُ,English word meaning,Allah will replace,will replace,split by hand from the translator's phrase,,
25:70:10,ٱللَّهُ,English word meaning,Allah will replace,Allah,split by hand from the translator's phrase,,
26:10:2,نَادَىٰ,English word meaning,your Lord called,he called,same word's meaning elsewhere in Quran.com WBW,,
26:10:3,رَبُّكَ,English word meaning,your Lord called,your Lord,same word's meaning elsewhere in Quran.com WBW,,
26:17:4,بَنِىٓ,English word meaning,(the) Children of Israel.',(the) Children,same word's meaning elsewhere in Quran.com WBW,,
26:17:5,إِسْرَٰٓءِيلَ,English word meaning,(the) Children of Israel.',(of) Israel,same word's meaning elsewhere in Quran.com WBW,,
26:22:7,بَنِىٓ,English word meaning,(the) Children of Israel,(the) Children,same word's meaning elsewhere in Quran.com WBW,,
26:22:8,إِسْرَٰٓءِيلَ,English word meaning,(the) Children of Israel,(of) Israel,same word's meaning elsewhere in Quran.com WBW,,
26:23:1,قَالَ,English word meaning,Firaun said,He said,same word's meaning elsewhere in Quran.com WBW,,
26:23:2,فِرْعَوْنُ,English word meaning,Firaun said,Firaun,same word's meaning elsewhere in Quran.com WBW,,
26:26:4,ءَابَآئِكُمُ,English word meaning,(of) your forefathers,(of) your forefathers,split by hand from the translator's phrase,,
26:26:5,ٱلْأَوَّلِينَ,English word meaning,(of) your forefathers,the former,split by hand from the translator's phrase,,
26:40:5,كَانُوا۟,English word meaning,they are,they,split by hand from the translator's phrase,,
26:40:6,هُمُ,English word meaning,they are,are,split by hand from the translator's phrase,,
26:41:10,كُنَّا,English word meaning,we are,we,split by hand from the translator's phrase,,
26:41:11,نَحْنُ,English word meaning,we are,are,split by hand from the translator's phrase,,
26:59:3,بَنِىٓ,English word meaning,(the) Children of Israel,(the) Children,same word's meaning elsewhere in Quran.com WBW,,
26:59:4,إِسْرَٰٓءِيلَ,English word meaning,(the) Children of Israel,(of) Israel,same word's meaning elsewhere in Quran.com WBW,,
26:76:2,وَءَابَآؤُكُمُ,English word meaning,and your forefathers,and your forefathers,split by hand from the translator's phrase,,
26:76:3,ٱلْأَقْدَمُونَ,English word meaning,and your forefathers,the ancient,split by hand from the translator's phrase,,
26:93:1,مِن,English word meaning,Besides Allah,from,split by hand from the translator's phrase,,
26:93:2,دُونِ,English word meaning,Besides Allah,besides,split by hand from the translator's phrase,,
26:93:3,ٱللَّهِ,English word meaning,Besides Allah,Allah,split by hand from the translator's phrase,,
26:130:2,بَطَشْتُم,English word meaning,you seize,you seize,split by hand from the translator's phrase,,
26:130:3,بَطَشْتُمْ,English word meaning,you seize,you seize,split by hand from the translator's phrase,,
26:193:1,نَزَلَ,English word meaning,Has brought it down,Has brought down,split by hand from the translator's phrase,,
26:193:2,بِهِ,English word meaning,Has brought it down,it,split by hand from the translator's phrase,,
26:197:1,أَوَلَمْ,English word meaning,Is it not,Do not,same word's meaning elsewhere in Quran.com WBW,,
26:197:2,يَكُن,English word meaning,Is it not,is,same word's meaning elsewhere in Quran.com WBW,,
26:207:5,كَانُوا۟,English word meaning,enjoyment they were given,they were,split by hand from the translator's phrase,,
26:207:6,يُمَتَّعُونَ,English word meaning,enjoyment they were given,given enjoyment,split by hand from the translator's phrase,,
26:210:2,تَنَزَّلَتْ,English word meaning,have brought it down,have brought down,split by hand from the translator's phrase,,
26:210:3,بِهِ,English word meaning,have brought it down,it,split by hand from the translator's phrase,,
26:227:10,مِنۢ,English word meaning,after,from,split by hand from the translator's phrase,,
26:227:11,بَعْدِ,English word meaning,after,after,split by hand from the translator's phrase,,
26:227:12,مَا,English word meaning,after,[what],split by hand from the translator's phrase,,
27:6:4,مِن,English word meaning,from [near],from,split by hand from the translator's phrase,,
27:6:5,لَّدُنْ,English word meaning,from [near],[near],split by hand from the translator's phrase,,
27:12:7,مِنْ,English word meaning,without,from,split by hand from the translator's phrase,,
27:12:8,غَيْرِ,English word meaning,without,without,split by hand from the translator's phrase,,
27:18:13,لَا,English word meaning,lest not crush you,(let) not,split by hand from the translator's phrase,,
27:18:14,يَحْطِمَنَّكُمْ,English word meaning,lest not crush you,crush you,split by hand from the translator's phrase,,
27:18:18,لَا,English word meaning,(do) not perceive,not,same word's meaning elsewhere in Quran.com WBW,,
27:18:19,يَشْعُرُونَ,English word meaning,(do) not perceive,perceive,same word's meaning elsewhere in Quran.com WBW,,
27:20:4,مَا,English word meaning,Why,Why,split by hand from the translator's phrase,,
27:20:5,لِىَ,English word meaning,Why,(is it) for me,split by hand from the translator's phrase,,
27:24:5,مِن,English word meaning,instead of Allah,from,split by hand from the translator's phrase,,
27:24:6,دُونِ,English word meaning,instead of Allah,instead of,split by hand from the translator's phrase,,
27:24:7,ٱللَّهِ,English word meaning,instead of Allah,Allah,split by hand from the translator's phrase,,
27:36:8,ءَاتَىٰنِۦَ,English word meaning,Allah has given me,He gave me,same word's meaning elsewhere in Quran.com WBW,,
27:36:9,ٱللَّهُ,English word meaning,Allah has given me,Allah,same word's meaning elsewhere in Quran.com WBW,,
27:39:6,ءَاتِيكَ,English word meaning,will bring it to you,will bring to you,split by hand from the translator's phrase,,
27:39:7,بِهِۦ,English word meaning,will bring it to you,it,split by hand from the translator's phrase,,
27:40:8,ءَاتِيكَ,English word meaning,will bring it to you,will bring to you,split by hand from the translator's phrase,,
27:40:9,بِهِۦ,English word meaning,will bring it to you,it,split by hand from the translator's phrase,,
27:41:11,لَا,English word meaning,are not guided,not,same word's meaning elsewhere in Quran.com WBW,,
27:41:12,يَهْتَدُونَ,English word meaning,are not guided,be guided,same word's meaning elsewhere in Quran.com WBW,,
27:42:11,مِن,English word meaning,before her,from,split by hand from the translator's phrase,,
27:42:12,قَبْلِهَا,English word meaning,before her,before her,split by hand from the translator's phrase,,
27:43:5,مِن,English word meaning,besides,from,split by hand from the translator's phrase,,
27:43:6,دُونِ,English word meaning,besides,besides,split by hand from the translator's phrase,,
27:47:2,ٱطَّيَّرْنَا,English word meaning,We consider you a bad omen,We consider a bad omen,split by hand from the translator's phrase,,
27:47:3,بِكَ,English word meaning,We consider you a bad omen,you,split by hand from the translator's phrase,,
27:55:5,مِّن,English word meaning,instead of,from,split by hand from the translator's phrase,,
27:55:6,دُونِ,English word meaning,instead of,instead of,split by hand from the translator's phrase,,
27:60:13,ذَاتَ,English word meaning,of beauty (and delight),full,split by hand from the translator's phrase,,
27:60:14,بَهْجَةٍ,English word meaning,of beauty (and delight),of beauty (and delight),split by hand from the translator's phrase,,
27:63:11,بَيْنَ,English word meaning,before,before,split by hand from the translator's phrase,,
27:63:12,يَدَىْ,English word meaning,before,ahead of,split by hand from the translator's phrase,,
27:68:6,مِن,English word meaning,before,from,split by hand from the translator's phrase,,
27:68:7,قَبْلُ,English word meaning,before,before,split by hand from the translator's phrase,,
27:73:3,لَذُو,English word meaning,(is) full of Bounty,(is) Full,split by hand from the translator's phrase,,
27:73:4,فَضْلٍ,English word meaning,(is) full of Bounty,(of) Bounty,split by hand from the translator's phrase,,
27:87:14,شَآءَ,English word meaning,Allah wills,wills,same word's meaning elsewhere in Quran.com WBW,,
27:87:15,ٱللَّهُ,English word meaning,Allah wills,Allah,same word's meaning elsewhere in Quran.com WBW,,
27:93:7,وَمَا,English word meaning,And your Lord is not,And not,same word's meaning elsewhere in Quran.com WBW,,
27:93:8,رَبُّكَ,English word meaning,And your Lord is not,your Lord,same word's meaning elsewhere in Quran.com WBW,,
28:12:4,مِن,English word meaning,before,from,split by hand from the translator's phrase,,
28:12:5,قَبْلُ,English word meaning,before,before,split by hand from the translator's phrase,,
28:13:11,وَعْدَ,English word meaning,the Promise of Allah,(the) Promise,same word's meaning elsewhere in Quran.com WBW,,
28:13:12,ٱللَّهِ,English word meaning,the Promise of Allah,Allah,same word's meaning elsewhere in Quran.com WBW,,
28:15:26,فَوَكَزَهُۥ,English word meaning,so Musa struck him with his fist,so struck him with his fist,split by hand from the translator's phrase,,
28:15:27,مُوسَىٰ,English word meaning,so Musa struck him with his fist,Musa,split by hand from the translator's phrase,,
28:15:28,فَقَضَىٰ,English word meaning,and killed him,and killed,split by hand from the translator's phrase,,
28:15:29,عَلَيْهِ,English word meaning,and killed him,him,split by hand from the translator's phrase,,
28:23:12,مِن,English word meaning,besides them,from,split by hand from the translator's phrase,,
28:23:13,دُونِهِمُ,English word meaning,besides them,besides them,split by hand from the translator's phrase,,
28:23:20,لَا,English word meaning,We cannot water,not,split by hand from the translator's phrase,,
28:23:21,نَسْقِى,English word meaning,We cannot water,We can water,split by hand from the translator's phrase,,
28:23:26,شَيْخٌ,English word meaning,(is) a very old man,(is) a man,split by hand from the translator's phrase,,
28:23:27,كَبِيرٌ,English word meaning,(is) a very old man,very old,split by hand from the translator's phrase,,
28:27:26,شَآءَ,English word meaning,Allah wills,wills,same word's meaning elsewhere in Quran.com WBW,,
28:27:27,ٱللَّهُ,English word meaning,Allah wills,Allah,same word's meaning elsewhere in Quran.com WBW,,
28:29:2,قَضَىٰ,English word meaning,Musa fulfilled,has fulfilled,same word's meaning elsewhere in Quran.com WBW,,
28:29:3,مُوسَى,English word meaning,Musa fulfilled,Musa,same word's meaning elsewhere in Quran.com WBW,,
28:32:7,مِنْ,English word meaning,without,from,split by hand from the translator's phrase,,
28:32:8,غَيْرِ,English word meaning,without,without,split by hand from the translator's phrase,,
28:36:16,ءَابَآئِنَا,English word meaning,our forefathers,our forefathers,split by hand from the translator's phrase,,
28:36:17,ٱلْأَوَّلِينَ,English word meaning,our forefathers,the former,split by hand from the translator's phrase,,
28:37:1,وَقَالَ,English word meaning,And Musa said,And said,same word's meaning elsewhere in Quran.com WBW,,
28:37:2,مُوسَىٰ,English word meaning,And Musa said,Musa,same word's meaning elsewhere in Quran.com WBW,,
28:37:8,مِنْ,English word meaning,from Him,from,same word's meaning elsewhere in Quran.com WBW,,
28:37:9,عِندِهِۦ,English word meaning,from Him,(of) Him,same word's meaning elsewhere in Quran.com WBW,,
28:37:13,عَٰقِبَةُ,English word meaning,the good end in the Hereafter,the end,split by hand from the translator's phrase,,
28:37:14,ٱلدَّارِ,English word meaning,the good end in the Hereafter,(in) the Hereafter,split by hand from the translator's phrase,,
28:38:1,وَقَالَ,English word meaning,And Firaun said,And said,same word's meaning elsewhere in Quran.com WBW,,
28:38:2,فِرْعَوْنُ,English word meaning,And Firaun said,Firaun,same word's meaning elsewhere in Quran.com WBW,,
28:38:3,يَٰٓأَيُّهَا,English word meaning,O chiefs,O you,same word's meaning elsewhere in Quran.com WBW,,
28:38:4,ٱلْمَلَأُ,English word meaning,O chiefs,the chiefs,same word's meaning elsewhere in Quran.com WBW,,
28:39:1,وَٱسْتَكْبَرَ,English word meaning,And he was arrogant,and was arrogant,same word's meaning elsewhere in Quran.com WBW,,
28:39:2,هُوَ,English word meaning,And he was arrogant,He,same word's meaning elsewhere in Quran.com WBW,,
28:43:5,مِنۢ,English word meaning,after [what],from,split by hand from the translator's phrase,,
28:43:6,بَعْدِ,English word meaning,after [what],after,split by hand from the translator's phrase,,
28:43:7,مَآ,English word meaning,after [what],[what],split by hand from the translator's phrase,,
28:46:17,مِّن,English word meaning,before you,from,split by hand from the translator's phrase,,
28:46:18,قَبْلِكَ,English word meaning,before you,before you,split by hand from the translator's phrase,,
28:48:4,مِنْ,English word meaning,from Us,from,same word's meaning elsewhere in Quran.com WBW,,
28:48:5,عِندِنَا,English word meaning,from Us,Us,same word's meaning elsewhere in Quran.com WBW,,
28:48:18,مِن,English word meaning,before,from,split by hand from the translator's phrase,,
28:48:19,قَبْلُ,English word meaning,before,before,split by hand from the translator's phrase,,
28:49:4,مِّنْ,English word meaning,from Allah,from,split by hand from the translator's phrase,,
28:49:5,عِندِ,English word meaning,from Allah,near,split by hand from the translator's phrase,,
28:49:6,ٱللَّهِ,English word meaning,from Allah,Allah,split by hand from the translator's phrase,,
28:52:4,مِن,English word meaning,before it,from,split by hand from the translator's phrase,,
28:52:5,قَبْلِهِۦ,English word meaning,before it,before it,split by hand from the translator's phrase,,
28:53:13,مِن,English word meaning,before it,from,split by hand from the translator's phrase,,
28:53:14,قَبْلِهِۦ,English word meaning,before it,before it,split by hand from the translator's phrase,,
28:58:11,مِّنۢ,English word meaning,after them,from,split by hand from the translator's phrase,,
28:58:12,بَعْدِهِمْ,English word meaning,after them,after them,split by hand from the translator's phrase,,
28:63:17,إِيَّانَا,English word meaning,worship us,Us,split by hand from the translator's phrase,,
28:63:18,يَعْبُدُونَ,English word meaning,worship us,they worship,split by hand from the translator's phrase,,
28:66:6,لَا,English word meaning,will not ask one another,not,same word's meaning elsewhere in Quran.com WBW,,
28:66:7,يَتَسَآءَلُونَ,English word meaning,will not ask one another,questioning one another,same word's meaning elsewhere in Quran.com WBW,,
28:71:4,جَعَلَ,English word meaning,Allah made,made,same word's meaning elsewhere in Quran.com WBW,,
28:71:5,ٱللَّهُ,English word meaning,Allah made,Allah,same word's meaning elsewhere in Quran.com WBW,,
28:72:4,جَعَلَ,English word meaning,Allah made,made,same word's meaning elsewhere in Quran.com WBW,,
28:72:5,ٱللَّهُ,English word meaning,Allah made,Allah,same word's meaning elsewhere in Quran.com WBW,,
28:76:17,أُو۟لِى,English word meaning,possessors of great strength,possessors,split by hand from the translator's phrase,,
28:76:18,ٱلْقُوَّةِ,English word meaning,possessors of great strength,of great strength,split by hand from the translator's phrase,,
28:77:3,ءَاتَىٰكَ,English word meaning,Allah has given you,has given you,split by hand from the translator's phrase,,
28:77:4,ٱللَّهُ,English word meaning,Allah has given you,Allah,split by hand from the translator's phrase,,
28:77:14,أَحْسَنَ,English word meaning,Allah has been good,has been good,split by hand from the translator's phrase,,
28:77:15,ٱللَّهُ,English word meaning,Allah has been good,Allah,split by hand from the translator's phrase,,
28:78:13,مِن,English word meaning,before him,from,split by hand from the translator's phrase,,
28:78:14,قَبْلِهِۦ,English word meaning,before him,before him,split by hand from the translator's phrase,,
28:81:11,مِن,English word meaning,besides,from,split by hand from the translator's phrase,,
28:81:12,دُونِ,English word meaning,besides,besides,split by hand from the translator's phrase,,
28:82:18,مَّنَّ,English word meaning,Allah had favored,bestowed a Favor,same word's meaning elsewhere in Quran.com WBW,,
28:82:19,ٱللَّهُ,English word meaning,Allah had favored,Allah,same word's meaning elsewhere in Quran.com WBW,,
28:82:21,لَخَسَفَ,English word meaning,He would have caused it to swallow us,He would have caused to swallow,split by hand from the translator's phrase,,
28:82:22,بِنَا,English word meaning,He would have caused it to swallow us,us,split by hand from the translator's phrase,,
29:2:9,لَا,English word meaning,will not be tested,not,split by hand from the translator's phrase,,
29:2:10,يُفْتَنُونَ,English word meaning,will not be tested,will be tested,split by hand from the translator's phrase,,
29:3:4,مِن,English word meaning,(were) before them,from,split by hand from the translator's phrase,,
29:3:5,قَبْلِهِمْ,English word meaning,(were) before them,before them,split by hand from the translator's phrase,,
29:3:6,فَلَيَعْلَمَنَّ,English word meaning,And Allah will surely make evident,And will surely make evident,split by hand from the translator's phrase,,
29:3:7,ٱللَّهُ,English word meaning,And Allah will surely make evident,Allah,split by hand from the translator's phrase,,
29:8:3,بِوَٰلِدَيْهِ,English word meaning,goodness to his parents,to his parents,split by hand from the translator's phrase,,
29:8:4,حُسْنًا,English word meaning,goodness to his parents,goodness,split by hand from the translator's phrase,,
29:11:1,وَلَيَعْلَمَنَّ,English word meaning,And Allah will surely make evident,and He will surely make evident,same word's meaning elsewhere in Quran.com WBW,,
29:11:2,ٱللَّهُ,English word meaning,And Allah will surely make evident,Allah,same word's meaning elsewhere in Quran.com WBW,,
29:17:3,مِن,English word meaning,besides,from,split by hand from the translator's phrase,,
29:17:4,دُونِ,English word meaning,besides,besides,split by hand from the translator's phrase,,
29:17:12,مِن,English word meaning,besides,from,split by hand from the translator's phrase,,
29:17:13,دُونِ,English word meaning,besides,besides,split by hand from the translator's phrase,,
29:18:6,مِّن,English word meaning,before you,from,split by hand from the translator's phrase,,
29:18:7,قَبْلِكُمْ,English word meaning,before you,before you,split by hand from the translator's phrase,,
29:19:4,يُبْدِئُ,English word meaning,Allah originates,originates,split by hand from the translator's phrase,,
29:19:5,ٱللَّهُ,English word meaning,Allah originates,Allah,split by hand from the translator's phrase,,
29:22:11,مِّن,English word meaning,besides,from,split by hand from the translator's phrase,,
29:22:12,دُونِ,English word meaning,besides,besides,split by hand from the translator's phrase,,
29:24:11,فَأَنجَىٰهُ,English word meaning,But Allah saved him,But saved him,split by hand from the translator's phrase,,
29:24:12,ٱللَّهُ,English word meaning,But Allah saved him,Allah,split by hand from the translator's phrase,,
29:25:4,مِّن,English word meaning,besides,from,split by hand from the translator's phrase,,
29:25:5,دُونِ,English word meaning,besides,besides,split by hand from the translator's phrase,,
29:25:17,بَعْضُكُم,English word meaning,one another,one of you,split by hand from the translator's phrase,,
29:25:18,بِبَعْضٍ,English word meaning,one another,another,split by hand from the translator's phrase,,
29:25:20,بَعْضُكُم,English word meaning,one another,one of you,split by hand from the translator's phrase,,
29:25:21,بَعْضًا,English word meaning,one another,another,split by hand from the translator's phrase,,
29:41:4,مِن,English word meaning,besides,from,split by hand from the translator's phrase,,
29:41:5,دُونِ,English word meaning,besides,besides,split by hand from the translator's phrase,,
29:42:6,مِن,English word meaning,besides Him,from,split by hand from the translator's phrase,,
29:42:7,دُونِهِۦ,English word meaning,besides Him,besides Him,split by hand from the translator's phrase,,
29:44:1,خَلَقَ,English word meaning,Allah created,created,same word's meaning elsewhere in Quran.com WBW,,
29:44:2,ٱللَّهُ,English word meaning,Allah created,Allah,same word's meaning elsewhere in Quran.com WBW,,
29:46:3,أَهْلَ,English word meaning,(with the) People of the Book,people,same word's meaning elsewhere in Quran.com WBW,,
29:46:4,ٱلْكِتَٰبِ,English word meaning,(with the) People of the Book,(of) the Book,same word's meaning elsewhere in Quran.com WBW,,
29:48:4,مِن,English word meaning,before it,from,split by hand from the translator's phrase,,
29:48:5,قَبْلِهِۦ,English word meaning,before it,before it,split by hand from the translator's phrase,,
29:63:11,مِنۢ,English word meaning,after,from,split by hand from the translator's phrase,,
29:63:12,بَعْدِ,English word meaning,after,after,split by hand from the translator's phrase,,
29:67:9,مِنْ,English word meaning,around them,from,split by hand from the translator's phrase,,
29:67:10,حَوْلِهِمْ,English word meaning,around them,around them,split by hand from the translator's phrase,,
30:3:5,مِّنۢ,English word meaning,after,from,split by hand from the translator's phrase,,
30:3:6,بَعْدِ,English word meaning,after,after,split by hand from the translator's phrase,,
30:4:6,مِن,English word meaning,before,from,split by hand from the translator's phrase,,
30:4:7,قَبْلُ,English word meaning,before,before,split by hand from the translator's phrase,,
30:4:8,وَمِنۢ,English word meaning,and after,and from,split by hand from the translator's phrase,,
30:4:9,بَعْدُ,English word meaning,and after,after,split by hand from the translator's phrase,,
30:8:6,خَلَقَ,English word meaning,Allah (has) created,created,same word's meaning elsewhere in Quran.com WBW,,
30:8:7,ٱللَّهُ,English word meaning,Allah (has) created,Allah,same word's meaning elsewhere in Quran.com WBW,,
30:9:10,مِن,English word meaning,before them,from,split by hand from the translator's phrase,,
30:9:11,قَبْلِهِمْ,English word meaning,before them,before them,split by hand from the translator's phrase,,
30:29:11,أَضَلَّ,English word meaning,Allah has let go astray,has let go astray,split by hand from the translator's phrase,,
30:29:12,ٱللَّهُ,English word meaning,Allah has let go astray,Allah,split by hand from the translator's phrase,,
30:36:2,أَذَقْنَا,English word meaning,We cause people to taste,We cause to taste,same word's meaning elsewhere in Quran.com WBW,,
30:36:3,ٱلنَّاسَ,English word meaning,We cause people to taste,the people,same word's meaning elsewhere in Quran.com WBW,,
30:38:2,ذَا,English word meaning,the relative,the,split by hand from the translator's phrase,,
30:38:3,ٱلْقُرْبَىٰ,English word meaning,the relative,relative,split by hand from the translator's phrase,,
30:38:6,وَٱبْنَ,English word meaning,and the wayfarer,and (the) son,split by hand from the translator's phrase,,
30:38:7,ٱلسَّبِيلِ,English word meaning,and the wayfarer,(of) the way,split by hand from the translator's phrase,,
30:42:10,مِن,English word meaning,(were) before,from,split by hand from the translator's phrase,,
30:42:11,قَبْلُ,English word meaning,(were) before,before,split by hand from the translator's phrase,,
30:42:12,كَانَ,English word meaning,Most of them were,is,same word's meaning elsewhere in Quran.com WBW,,
30:42:13,أَكْثَرُهُم,English word meaning,Most of them were,most of them,same word's meaning elsewhere in Quran.com WBW,,
30:43:5,مِن,English word meaning,before,from,split by hand from the translator's phrase,,
30:43:6,قَبْلِ,English word meaning,before,before,split by hand from the translator's phrase,,
30:47:3,مِن,English word meaning,before you,from,split by hand from the translator's phrase,,
30:47:4,قَبْلِكَ,English word meaning,before you,before you,split by hand from the translator's phrase,,
30:48:20,أَصَابَ,English word meaning,He causes it to fall on,He causes to fall,split by hand from the translator's phrase,,
30:48:21,بِهِۦ,English word meaning,He causes it to fall on,it,split by hand from the translator's phrase,,
30:49:3,مِن,English word meaning,before,from,split by hand from the translator's phrase,,
30:49:4,قَبْلِ,English word meaning,before,before,split by hand from the translator's phrase,,
30:49:8,مِّن,English word meaning,[before it],from,split by hand from the translator's phrase,,
30:49:9,قَبْلِهِۦ,English word meaning,[before it],[before it],split by hand from the translator's phrase,,
30:51:7,مِنۢ,English word meaning,after it,from,split by hand from the translator's phrase,,
30:51:8,بَعْدِهِۦ,English word meaning,after it,after it,split by hand from the translator's phrase,,
30:52:3,تُسْمِعُ,English word meaning,make the dead hear,cause to hear,same word's meaning elsewhere in Quran.com WBW,,
30:52:4,ٱلْمَوْتَىٰ,English word meaning,make the dead hear,(to) the dead,same word's meaning elsewhere in Quran.com WBW,,
30:52:6,تُسْمِعُ,English word meaning,make the deaf hear,cause to hear,same word's meaning elsewhere in Quran.com WBW,,
30:52:7,ٱلصُّمَّ,English word meaning,make the deaf hear,the deaf,same word's meaning elsewhere in Quran.com WBW,,
30:54:8,مِنۢ,English word meaning,after,from,split by hand from the translator's phrase,,
30:54:9,بَعْدِ,English word meaning,after,after,split by hand from the translator's phrase,,
30:54:14,مِنۢ,English word meaning,after,from,split by hand from the translator's phrase,,
30:54:15,بَعْدِ,English word meaning,after,after,split by hand from the translator's phrase,,
30:59:2,يَطْبَعُ,English word meaning,Allah seals,seals,split by hand from the translator's phrase,,
30:59:3,ٱللَّهُ,English word meaning,Allah seals,Allah,split by hand from the translator's phrase,,
31:6:5,لَهْوَ,English word meaning,idle tales,(the) idle,split by hand from the translator's phrase,,
31:6:6,ٱلْحَدِيثِ,English word meaning,idle tales,tales,split by hand from the translator's phrase,,
31:9:3,وَعْدَ,English word meaning,(The) Promise of Allah,(the) Promise,same word's meaning elsewhere in Quran.com WBW,,
31:9:4,ٱللَّهِ,English word meaning,(The) Promise of Allah,Allah,same word's meaning elsewhere in Quran.com WBW,,
31:11:8,مِن,English word meaning,besides Him,from,split by hand from the translator's phrase,,
31:11:9,دُونِهِۦ,English word meaning,besides Him,besides Him,split by hand from the translator's phrase,,
31:16:18,يَأْتِ,English word meaning,Allah will bring it forth,will bring forth,split by hand from the translator's phrase,,
31:16:19,بِهَا,English word meaning,Allah will bring it forth,it,split by hand from the translator's phrase,,
31:16:20,ٱللَّهُ,English word meaning,Allah will bring it forth,Allah,split by hand from the translator's phrase,,
31:17:16,عَزْمِ,English word meaning,the matters requiring determination,(of) the determination,split by hand from the translator's phrase,,
31:17:17,ٱلْأُمُورِ,English word meaning,the matters requiring determination,(of) the matters,split by hand from the translator's phrase,,
31:21:6,أَنزَلَ,English word meaning,Allah (has) revealed,has revealed,same word's meaning elsewhere in Quran.com WBW,,
31:21:7,ٱللَّهُ,English word meaning,Allah (has) revealed,Allah,same word's meaning elsewhere in Quran.com WBW,,
31:21:16,كَانَ,English word meaning,Shaitaan was,is,same word's meaning elsewhere in Quran.com WBW,,
31:21:17,ٱلشَّيْطَٰنُ,English word meaning,Shaitaan was,the Shaitaan,same word's meaning elsewhere in Quran.com WBW,,
31:27:10,مِنۢ,English word meaning,after it,from,split by hand from the translator's phrase,,
31:27:11,بَعْدِهِۦ,English word meaning,after it,after it,split by hand from the translator's phrase,,
31:30:9,مِن,English word meaning,besides Him,from,split by hand from the translator's phrase,,
31:30:10,دُونِهِ,English word meaning,besides Him,besides Him,split by hand from the translator's phrase,,
31:33:23,فَلَا,English word meaning,so let not deceive you,So (do) not,same word's meaning elsewhere in Quran.com WBW,,
31:33:24,تَغُرَّنَّكُمُ,English word meaning,so let not deceive you,deceive you,same word's meaning elsewhere in Quran.com WBW,,
31:33:27,وَلَا,English word meaning,and let not deceive you,and not,same word's meaning elsewhere in Quran.com WBW,,
31:33:28,يَغُرَّنَّكُم,English word meaning,and let not deceive you,deceive you,same word's meaning elsewhere in Quran.com WBW,,
32:3:15,مِّن,English word meaning,before you,from,split by hand from the translator's phrase,,
32:3:16,قَبْلِكَ,English word meaning,before you,before you,split by hand from the translator's phrase,,
32:4:17,مِّن,English word meaning,besides Him,from,split by hand from the translator's phrase,,
32:4:18,دُونِهِۦ,English word meaning,besides Him,besides Him,split by hand from the translator's phrase,,
32:5:12,كَانَ,English word meaning,(the) measure of which is,is,same word's meaning elsewhere in Quran.com WBW,,
32:5:13,مِقْدَارُهُۥٓ,English word meaning,(the) measure of which is,its measure,same word's meaning elsewhere in Quran.com WBW,,
32:14:5,يَوْمِكُمْ,English word meaning,(of) this Day of yours,(of) your day,same word's meaning elsewhere in Quran.com WBW,,
32:14:6,هَٰذَآ,English word meaning,(of) this Day of yours,(is) this,same word's meaning elsewhere in Quran.com WBW,,
32:15:14,لَا,English word meaning,are not arrogant,not,same word's meaning elsewhere in Quran.com WBW,,
32:15:15,يَسْتَكْبِرُونَ,English word meaning,are not arrogant,arrogant,same word's meaning elsewhere in Quran.com WBW,,
32:23:13,لِّبَنِىٓ,English word meaning,for the Children of Israel,for (the) Children,same word's meaning elsewhere in Quran.com WBW,,
32:23:14,إِسْرَٰٓءِيلَ,English word meaning,for the Children of Israel,(of) Israel,same word's meaning elsewhere in Quran.com WBW,,
32:26:6,مِن,English word meaning,before them,from,split by hand from the translator's phrase,,
32:26:7,قَبْلِهِم,English word meaning,before them,before them,split by hand from the translator's phrase,,
33:1:1,يَٰٓأَيُّهَا,English word meaning,O Prophet,O you,same word's meaning elsewhere in Quran.com WBW,,
33:1:2,ٱلنَّبِىُّ,English word meaning,O Prophet,Prophet,same word's meaning elsewhere in Quran.com WBW,,
33:3:4,وَكَفَىٰ,English word meaning,And Allah is sufficient,And is sufficient,same word's meaning elsewhere in Quran.com WBW,,
33:3:5,بِٱللَّهِ,English word meaning,And Allah is sufficient,in Allah,same word's meaning elsewhere in Quran.com WBW,,
33:4:2,جَعَلَ,English word meaning,Allah (has) made,made,same word's meaning elsewhere in Quran.com WBW,,
33:4:3,ٱللَّهُ,English word meaning,Allah (has) made,Allah,same word's meaning elsewhere in Quran.com WBW,,
33:5:25,وَكَانَ,English word meaning,And Allah,And is,same word's meaning elsewhere in Quran.com WBW,,
33:5:26,ٱللَّهُ,English word meaning,And Allah,Allah,same word's meaning elsewhere in Quran.com WBW,,
33:6:25,كَانَ,English word meaning,That is,is,same word's meaning elsewhere in Quran.com WBW,,
33:6:26,ذَٰلِكَ,English word meaning,That is,that,same word's meaning elsewhere in Quran.com WBW,,
33:9:17,وَكَانَ,English word meaning,And Allah is,And is,same word's meaning elsewhere in Quran.com WBW,,
33:9:18,ٱللَّهُ,English word meaning,And Allah is,Allah,same word's meaning elsewhere in Quran.com WBW,,
33:12:9,وَعَدَنَا,English word meaning,Allah promised us,(had) promised us,same word's meaning elsewhere in Quran.com WBW,,
33:12:10,ٱللَّهُ,English word meaning,Allah promised us,Allah,same word's meaning elsewhere in Quran.com WBW,,
33:15:5,مِن,English word meaning,before,from,split by hand from the translator's phrase,,
33:15:6,قَبْلُ,English word meaning,before,before,split by hand from the translator's phrase,,
33:17:3,ذَا,English word meaning,(is) it that,(is) it,split by hand from the translator's phrase,,
33:17:4,ٱلَّذِى,English word meaning,(is) it that,that,split by hand from the translator's phrase,,
33:17:19,مِّن,English word meaning,besides,from,split by hand from the translator's phrase,,
33:17:20,دُونِ,English word meaning,besides,besides,split by hand from the translator's phrase,,
33:18:2,يَعْلَمُ,English word meaning,Allah knows,knows,same word's meaning elsewhere in Quran.com WBW,,
33:18:3,ٱللَّهُ,English word meaning,Allah knows,Allah,same word's meaning elsewhere in Quran.com WBW,,
33:19:12,يُغْشَىٰ,English word meaning,faints,faints,split by hand from the translator's phrase,,
33:19:13,عَلَيْهِ,English word meaning,faints,[on him],split by hand from the translator's phrase,,
33:19:28,فَأَحْبَطَ,English word meaning,so Allah made worthless,so He has made worthless,same word's meaning elsewhere in Quran.com WBW,,
33:19:29,ٱللَّهُ,English word meaning,so Allah made worthless,Allah,same word's meaning elsewhere in Quran.com WBW,,
33:21:7,أُسْوَةٌ,English word meaning,an excellent example,an example,split by hand from the translator's phrase,,
33:21:8,حَسَنَةٌ,English word meaning,an excellent example,excellent,split by hand from the translator's phrase,,
33:22:8,وَعَدَنَا,English word meaning,Allah promised us,(had) promised us,same word's meaning elsewhere in Quran.com WBW,,
33:22:9,ٱللَّهُ,English word meaning,Allah promised us,Allah,same word's meaning elsewhere in Quran.com WBW,,
33:22:11,وَصَدَقَ,English word meaning,and Allah spoke the truth,and told (the) truth,same word's meaning elsewhere in Quran.com WBW,,
33:22:12,ٱللَّهُ,English word meaning,and Allah spoke the truth,Allah,same word's meaning elsewhere in Quran.com WBW,,
33:23:6,عَٰهَدُوا۟,English word meaning,they promised Allah,they promised,split by hand from the translator's phrase,,
33:23:7,ٱللَّهَ,English word meaning,they promised Allah,Allah,split by hand from the translator's phrase,,
33:24:1,لِّيَجْزِىَ,English word meaning,That Allah may reward,That He may reward,same word's meaning elsewhere in Quran.com WBW,,
33:24:2,ٱللَّهُ,English word meaning,That Allah may reward,Allah,same word's meaning elsewhere in Quran.com WBW,,
33:25:1,وَرَدَّ,English word meaning,And Allah turned back,And turned back,split by hand from the translator's phrase,,
33:25:2,ٱللَّهُ,English word meaning,And Allah turned back,Allah,split by hand from the translator's phrase,,
33:25:13,وَكَانَ,English word meaning,and Allah is,And is,same word's meaning elsewhere in Quran.com WBW,,
33:25:14,ٱللَّهُ,English word meaning,and Allah is,Allah,same word's meaning elsewhere in Quran.com WBW,,
33:27:8,وَكَانَ,English word meaning,And Allah is,And is,same word's meaning elsewhere in Quran.com WBW,,
33:27:9,ٱللَّهُ,English word meaning,And Allah is,Allah,same word's meaning elsewhere in Quran.com WBW,,
33:28:1,يَٰٓأَيُّهَا,English word meaning,O Prophet,O you,same word's meaning elsewhere in Quran.com WBW,,
33:28:2,ٱلنَّبِىُّ,English word meaning,O Prophet,Prophet,same word's meaning elsewhere in Quran.com WBW,,
33:30:12,وَكَانَ,English word meaning,And that is,And is,same word's meaning elsewhere in Quran.com WBW,,
33:30:13,ذَٰلِكَ,English word meaning,And that is,that,same word's meaning elsewhere in Quran.com WBW,,
33:33:17,يُرِيدُ,English word meaning,Allah wishes,wishes,split by hand from the translator's phrase,,
33:33:18,ٱللَّهُ,English word meaning,Allah wishes,Allah,split by hand from the translator's phrase,,
33:35:25,أَعَدَّ,English word meaning,Allah has prepared,has prepared,same word's meaning elsewhere in Quran.com WBW,,
33:35:26,ٱللَّهُ,English word meaning,Allah has prepared,Allah,same word's meaning elsewhere in Quran.com WBW,,
33:36:7,قَضَى,English word meaning,Allah has decided,has decided,split by hand from the translator's phrase,,
33:36:8,ٱللَّهُ,English word meaning,Allah has decided,Allah,split by hand from the translator's phrase,,
33:37:4,أَنْعَمَ,English word meaning,Allah bestowed favor,has bestowed (His) Favor,same word's meaning elsewhere in Quran.com WBW,,
33:37:5,ٱللَّهُ,English word meaning,Allah bestowed favor,Allah,same word's meaning elsewhere in Quran.com WBW,,
33:38:8,فَرَضَ,English word meaning,Allah has imposed,has imposed,split by hand from the translator's phrase,,
33:38:9,ٱللَّهُ,English word meaning,Allah has imposed,Allah,split by hand from the translator's phrase,,
33:38:16,مِن,English word meaning,before,from,split by hand from the translator's phrase,,
33:38:17,قَبْلُ,English word meaning,before,before,split by hand from the translator's phrase,,
33:39:11,وَكَفَىٰ,English word meaning,And sufficient is Allah,And is sufficient,same word's meaning elsewhere in Quran.com WBW,,
33:39:12,بِٱللَّهِ,English word meaning,And sufficient is Allah,in Allah,same word's meaning elsewhere in Quran.com WBW,,
33:40:13,وَكَانَ,English word meaning,And Allah is,And is,same word's meaning elsewhere in Quran.com WBW,,
33:40:14,ٱللَّهُ,English word meaning,And Allah is,Allah,same word's meaning elsewhere in Quran.com WBW,,
33:41:1,يَٰٓأَيُّهَا,English word meaning,O you who believe,O you,same word's meaning elsewhere in Quran.com WBW,,
33:41:2,ٱلَّذِينَ,English word meaning,O you who believe,those who,same word's meaning elsewhere in Quran.com WBW,,
33:41:3,ءَامَنُوا۟,English word meaning,O you who believe,believe,same word's meaning elsewhere in Quran.com WBW,,
33:45:1,يَٰٓأَيُّهَا,English word meaning,O Prophet,O you,same word's meaning elsewhere in Quran.com WBW,,
33:45:2,ٱلنَّبِىُّ,English word meaning,O Prophet,Prophet,same word's meaning elsewhere in Quran.com WBW,,
33:48:10,وَكَفَىٰ,English word meaning,And sufficient is Allah,And is sufficient,same word's meaning elsewhere in Quran.com WBW,,
33:48:11,بِٱللَّهِ,English word meaning,And sufficient is Allah,in Allah,same word's meaning elsewhere in Quran.com WBW,,
33:49:1,يَٰٓأَيُّهَا,English word meaning,O you who believe,O you,same word's meaning elsewhere in Quran.com WBW,,
33:49:2,ٱلَّذِينَ,English word meaning,O you who believe,those who,same word's meaning elsewhere in Quran.com WBW,,
33:49:3,ءَامَنُوٓا۟,English word meaning,O you who believe,believe,same word's meaning elsewhere in Quran.com WBW,,
33:49:9,مِن,English word meaning,before,from,split by hand from the translator's phrase,,
33:49:10,قَبْلِ,English word meaning,before,before,split by hand from the translator's phrase,,
33:50:1,يَٰٓأَيُّهَا,English word meaning,O Prophet,O you,same word's meaning elsewhere in Quran.com WBW,,
33:50:2,ٱلنَّبِىُّ,English word meaning,O Prophet,Prophet,same word's meaning elsewhere in Quran.com WBW,,
33:50:11,مَلَكَتْ,English word meaning,you rightfully possess,rightfully possess,split by hand from the translator's phrase,,
33:50:12,يَمِينُكَ,English word meaning,you rightfully possess,you,split by hand from the translator's phrase,,
33:50:14,أَفَآءَ,English word meaning,Allah has given,has given,split by hand from the translator's phrase,,
33:50:15,ٱللَّهُ,English word meaning,Allah has given,Allah,split by hand from the translator's phrase,,
33:50:41,مِن,English word meaning,excluding,from,split by hand from the translator's phrase,,
33:50:42,دُونِ,English word meaning,excluding,excluding,split by hand from the translator's phrase,,
33:50:52,مَلَكَتْ,English word meaning,they rightfully possess,rightfully possess,split by hand from the translator's phrase,,
33:50:53,أَيْمَٰنُهُمْ,English word meaning,they rightfully possess,they,split by hand from the translator's phrase,,
33:50:58,وَكَانَ,English word meaning,And Allah is,And is,same word's meaning elsewhere in Quran.com WBW,,
33:50:59,ٱللَّهُ,English word meaning,And Allah is,Allah,same word's meaning elsewhere in Quran.com WBW,,
33:51:32,وَكَانَ,English word meaning,And Allah is,And is,same word's meaning elsewhere in Quran.com WBW,,
33:51:33,ٱللَّهُ,English word meaning,And Allah is,Allah,same word's meaning elsewhere in Quran.com WBW,,
33:52:5,مِنۢ,English word meaning,after (this),from,split by hand from the translator's phrase,,
33:52:6,بَعْدُ,English word meaning,after (this),after (this),split by hand from the translator's phrase,,
33:52:18,مَلَكَتْ,English word meaning,you rightfully possess,rightfully possess,split by hand from the translator's phrase,,
33:52:19,يَمِينُكَ,English word meaning,you rightfully possess,you,split by hand from the translator's phrase,,
33:52:20,وَكَانَ,English word meaning,And Allah is,And is,same word's meaning elsewhere in Quran.com WBW,,
33:52:21,ٱللَّهُ,English word meaning,And Allah is,Allah,same word's meaning elsewhere in Quran.com WBW,,
33:53:1,يَٰٓأَيُّهَا,English word meaning,O you who believe,O you,same word's meaning elsewhere in Quran.com WBW,,
33:53:2,ٱلَّذِينَ,English word meaning,O you who believe,those who,same word's meaning elsewhere in Quran.com WBW,,
33:53:3,ءَامَنُوا۟,English word meaning,O you who believe,believe,same word's meaning elsewhere in Quran.com WBW,,
33:53:35,لَا,English word meaning,is not shy,not,split by hand from the translator's phrase,,
33:53:36,يَسْتَحْىِۦ,English word meaning,is not shy,is shy,split by hand from the translator's phrase,,
33:53:61,مِنۢ,English word meaning,after him,from,split by hand from the translator's phrase,,
33:53:62,بَعْدِهِۦٓ,English word meaning,after him,after him,split by hand from the translator's phrase,,
33:55:20,مَلَكَتْ,English word meaning,they rightfully possess,rightfully possess,split by hand from the translator's phrase,,
33:55:21,أَيْمَٰنُهُنَّ,English word meaning,they rightfully possess,they,split by hand from the translator's phrase,,
33:56:7,يَٰٓأَيُّهَا,English word meaning,O you who believe,O you,same word's meaning elsewhere in Quran.com WBW,,
33:56:8,ٱلَّذِينَ,English word meaning,O you who believe,those who,same word's meaning elsewhere in Quran.com WBW,,
33:56:9,ءَامَنُوا۟,English word meaning,O you who believe,believe,same word's meaning elsewhere in Quran.com WBW,,
33:57:6,لَعَنَهُمُ,English word meaning,Allah has cursed them,has cursed them,split by hand from the translator's phrase,,
33:57:7,ٱللَّهُ,English word meaning,Allah has cursed them,Allah,split by hand from the translator's phrase,,
33:59:1,يَٰٓأَيُّهَا,English word meaning,O Prophet,O you,same word's meaning elsewhere in Quran.com WBW,,
33:59:2,ٱلنَّبِىُّ,English word meaning,O Prophet,Prophet,same word's meaning elsewhere in Quran.com WBW,,
33:60:12,لَنُغْرِيَنَّكَ,English word meaning,We will let you overpower them,We will let you overpower,split by hand from the translator's phrase,,
33:60:13,بِهِمْ,English word meaning,We will let you overpower them,them,split by hand from the translator's phrase,,
33:61:5,وَقُتِّلُوا۟,English word meaning,and massacred completely,and massacred,split by hand from the translator's phrase,,
33:61:6,تَقْتِيلًا,English word meaning,and massacred completely,completely,split by hand from the translator's phrase,,
33:62:6,مِن,English word meaning,before,from,split by hand from the translator's phrase,,
33:62:7,قَبْلُ,English word meaning,before,before,split by hand from the translator's phrase,,
33:69:1,يَٰٓأَيُّهَا,English word meaning,O you who believe,O you,same word's meaning elsewhere in Quran.com WBW,,
33:69:2,ٱلَّذِينَ,English word meaning,O you who believe,those who,same word's meaning elsewhere in Quran.com WBW,,
33:69:3,ءَامَنُوا۟,English word meaning,O you who believe,believe,same word's meaning elsewhere in Quran.com WBW,,
33:69:9,فَبَرَّأَهُ,English word meaning,then Allah cleared him,then cleared him,split by hand from the translator's phrase,,
33:69:10,ٱللَّهُ,English word meaning,then Allah cleared him,Allah,split by hand from the translator's phrase,,
33:70:1,يَٰٓأَيُّهَا,English word meaning,O you who believe,O you,same word's meaning elsewhere in Quran.com WBW,,
33:70:2,ٱلَّذِينَ,English word meaning,O you who believe,those who,same word's meaning elsewhere in Quran.com WBW,,
33:70:3,ءَامَنُوا۟,English word meaning,O you who believe,believe,same word's meaning elsewhere in Quran.com WBW,,
33:73:1,لِّيُعَذِّبَ,English word meaning,So that Allah may punish,So that may punish,split by hand from the translator's phrase,,
33:73:2,ٱللَّهُ,English word meaning,So that Allah may punish,Allah,split by hand from the translator's phrase,,
33:73:7,وَيَتُوبَ,English word meaning,and Allah will turn (in Mercy),and will turn (in Mercy),split by hand from the translator's phrase,,
33:73:8,ٱللَّهُ,English word meaning,and Allah will turn (in Mercy),Allah,split by hand from the translator's phrase,,
33:73:12,وَكَانَ,English word meaning,And Allah is,And is,same word's meaning elsewhere in Quran.com WBW,,
33:73:13,ٱللَّهُ,English word meaning,And Allah is,Allah,same word's meaning elsewhere in Quran.com WBW,,
34:1:3,ٱلَّذِى,English word meaning,the One to Whom belongs,the One,split by hand from the translator's phrase,,
34:1:4,لَهُۥ,English word meaning,the One to Whom belongs,to Whom belongs,split by hand from the translator's phrase,,
34:9:5,بَيْنَ,English word meaning,(is) before them,before,split by hand from the translator's phrase,,
34:9:6,أَيْدِيهِمْ,English word meaning,(is) before them,them,split by hand from the translator's phrase,,
34:9:14,نَخْسِفْ,English word meaning,We (could) cause to swallow them,We (could) cause to swallow,split by hand from the translator's phrase,,
34:9:15,بِهِمُ,English word meaning,We (could) cause to swallow them,them,split by hand from the translator's phrase,,
34:12:15,بَيْنَ,English word meaning,before him,before,split by hand from the translator's phrase,,
34:12:16,يَدَيْهِ,English word meaning,before him,him,split by hand from the translator's phrase,,
34:16:9,ذَوَاتَىْ,English word meaning,producing fruit,producing,split by hand from the translator's phrase,,
34:16:10,أُكُلٍ,English word meaning,producing fruit,fruit,split by hand from the translator's phrase,,
34:22:5,مِّن,English word meaning,besides,from,split by hand from the translator's phrase,,
34:22:6,دُونِ,English word meaning,besides,besides,split by hand from the translator's phrase,,
34:23:16,قَالَ,English word meaning,your Lord has said,He said,same word's meaning elsewhere in Quran.com WBW,,
34:23:17,رَبُّكُمْ,English word meaning,your Lord has said,your Lord,same word's meaning elsewhere in Quran.com WBW,,
34:31:10,بَيْنَ,English word meaning,(was) before it,before,split by hand from the translator's phrase,,
34:31:11,يَدَيْهِ,English word meaning,(was) before it,it,split by hand from the translator's phrase,,
34:40:7,أَهَٰٓؤُلَآءِ,English word meaning,Were these you,Are these,same word's meaning elsewhere in Quran.com WBW,,
34:40:8,إِيَّاكُمْ,English word meaning,Were these you,you,same word's meaning elsewhere in Quran.com WBW,,
34:41:5,مِن,English word meaning,not them,from,split by hand from the translator's phrase,,
34:41:6,دُونِهِم,English word meaning,not them,not them,split by hand from the translator's phrase,,
34:45:3,مِن,English word meaning,(were) before them,from,split by hand from the translator's phrase,,
34:45:4,قَبْلِهِمْ,English word meaning,(were) before them,before them,split by hand from the translator's phrase,,
34:46:21,بَيْنَ,English word meaning,before,before,split by hand from the translator's phrase,,
34:46:22,يَدَىْ,English word meaning,before,ahead of,split by hand from the translator's phrase,,
34:53:4,مِن,English word meaning,before,from,split by hand from the translator's phrase,,
34:53:5,قَبْلُ,English word meaning,before,before,split by hand from the translator's phrase,,
34:54:9,مِّن,English word meaning,before,from,split by hand from the translator's phrase,,
34:54:10,قَبْلُ,English word meaning,before,before,split by hand from the translator's phrase,,
35:1:9,أُو۟لِىٓ,English word meaning,having wings,having,split by hand from the translator's phrase,,
35:1:10,أَجْنِحَةٍ,English word meaning,having wings,wings,split by hand from the translator's phrase,,
35:2:2,يَفْتَحِ,English word meaning,Allah grants,grants,split by hand from the translator's phrase,,
35:2:3,ٱللَّهُ,English word meaning,Allah grants,Allah,split by hand from the translator's phrase,,
35:2:15,مِنۢ,English word meaning,thereafter,from,split by hand from the translator's phrase,,
35:2:16,بَعْدِهِۦ,English word meaning,thereafter,thereafter,split by hand from the translator's phrase,,
35:3:10,غَيْرُ,English word meaning,other (than) Allah,other than,same word's meaning elsewhere in Quran.com WBW,,
35:3:11,ٱللَّهِ,English word meaning,other (than) Allah,Allah,same word's meaning elsewhere in Quran.com WBW,,
35:4:6,مِّن,English word meaning,before you,from,split by hand from the translator's phrase,,
35:4:7,قَبْلِكَ,English word meaning,before you,before you,split by hand from the translator's phrase,,
35:10:2,كَانَ,English word meaning,[is] desires,[is],split by hand from the translator's phrase,,
35:10:3,يُرِيدُ,English word meaning,[is] desires,desires,split by hand from the translator's phrase,,
35:13:23,مِن,English word meaning,besides Him,from,split by hand from the translator's phrase,,
35:13:24,دُونِهِۦ,English word meaning,besides Him,besides Him,split by hand from the translator's phrase,,
35:18:17,ذَا,English word meaning,near of kin,(of),split by hand from the translator's phrase,,
35:18:18,قُرْبَىٰٓ,English word meaning,near of kin,near of kin,split by hand from the translator's phrase,,
35:25:6,مِن,English word meaning,(were) before them,from,split by hand from the translator's phrase,,
35:25:7,قَبْلِهِمْ,English word meaning,(were) before them,before them,split by hand from the translator's phrase,,
35:27:21,وَغَرَابِيبُ,English word meaning,and intensely black,and,split by hand from the translator's phrase,,
35:27:22,سُودٌ,English word meaning,and intensely black,intensely black,split by hand from the translator's phrase,,
35:31:10,بَيْنَ,English word meaning,before it,before,split by hand from the translator's phrase,,
35:31:11,يَدَيْهِ,English word meaning,before it,it,split by hand from the translator's phrase,,
35:38:9,بِذَاتِ,English word meaning,of what (is) in the breasts,of what,same word's meaning elsewhere in Quran.com WBW,,
35:38:10,ٱلصُّدُورِ,English word meaning,of what (is) in the breasts,(is in) the breasts,same word's meaning elsewhere in Quran.com WBW,,
35:40:6,مِن,English word meaning,besides,from,split by hand from the translator's phrase,,
35:40:7,دُونِ,English word meaning,besides,besides,split by hand from the translator's phrase,,
35:41:14,مِّنۢ,English word meaning,after Him,from,split by hand from the translator's phrase,,
35:41:15,بَعْدِهِۦٓ,English word meaning,after Him,after Him,split by hand from the translator's phrase,,
35:44:10,مِن,English word meaning,(were) before them,from,split by hand from the translator's phrase,,
35:44:11,قَبْلِهِمْ,English word meaning,(were) before them,before them,split by hand from the translator's phrase,,
35:45:2,يُؤَاخِذُ,English word meaning,Allah (were to) punish,(were to) punish,split by hand from the translator's phrase,,
35:45:3,ٱللَّهُ,English word meaning,Allah (were to) punish,Allah,split by hand from the translator's phrase,,
36:9:2,مِنۢ,English word meaning,before them,from,split by hand from the translator's phrase,,
36:9:3,بَيْنِ,English word meaning,before them,before,split by hand from the translator's phrase,,
36:9:4,أَيْدِيهِمْ,English word meaning,before them,them,split by hand from the translator's phrase,,
36:9:6,وَمِنْ,English word meaning,and behind them,and from,split by hand from the translator's phrase,,
36:9:7,خَلْفِهِمْ,English word meaning,and behind them,behind them,split by hand from the translator's phrase,,
36:23:2,مِن,English word meaning,besides Him,from,split by hand from the translator's phrase,,
36:23:3,دُونِهِۦٓ,English word meaning,besides Him,besides Him,split by hand from the translator's phrase,,
36:28:5,مِنۢ,English word meaning,after him,from,split by hand from the translator's phrase,,
36:28:6,بَعْدِهِۦ,English word meaning,after him,after him,split by hand from the translator's phrase,,
36:30:10,بِهِۦ,English word meaning,mock at him,at him,split by hand from the translator's phrase,,
36:30:11,يَسْتَهْزِءُونَ,English word meaning,mock at him,mock,split by hand from the translator's phrase,,
36:31:10,لَا,English word meaning,will not return,not,same word's meaning elsewhere in Quran.com WBW,,
36:31:11,يَرْجِعُونَ,English word meaning,will not return,return,same word's meaning elsewhere in Quran.com WBW,,
36:45:6,بَيْنَ,English word meaning,(is) before you,before,split by hand from the translator's phrase,,
36:45:7,أَيْدِيكُمْ,English word meaning,(is) before you,you,split by hand from the translator's phrase,,
36:47:16,يَشَآءُ,English word meaning,Allah willed ,He wills,same word's meaning elsewhere in Quran.com WBW,,
36:47:17,ٱللَّهُ,English word meaning,Allah willed ,Allah,same word's meaning elsewhere in Quran.com WBW,,
36:59:3,أَيُّهَا,English word meaning,O criminals,O,same word's meaning elsewhere in Quran.com WBW,,
36:59:4,ٱلْمُجْرِمُونَ,English word meaning,O criminals,the criminals,same word's meaning elsewhere in Quran.com WBW,,
36:60:4,يَٰبَنِىٓ,English word meaning,O Children of Adam,O Children,same word's meaning elsewhere in Quran.com WBW,,
36:60:5,ءَادَمَ,English word meaning,O Children of Adam,(of) Adam,same word's meaning elsewhere in Quran.com WBW,,
36:74:2,مِن,English word meaning,besides,from,split by hand from the translator's phrase,,
36:74:3,دُونِ,English word meaning,besides,besides,split by hand from the translator's phrase,,
37:23:1,مِن,English word meaning,Besides,from,split by hand from the translator's phrase,,
37:23:2,دُونِ,English word meaning,Besides,besides,split by hand from the translator's phrase,,
37:48:2,قَٰصِرَٰتُ,English word meaning,(will be) companions of modest gaze,(will be) companions of modest,split by hand from the translator's phrase,,
37:48:3,ٱلطَّرْفِ,English word meaning,(will be) companions of modest gaze,gaze,split by hand from the translator's phrase,,
37:102:3,مَعَهُ,English word meaning,the (age of) working with him,with him,split by hand from the translator's phrase,,
37:102:4,ٱلسَّعْىَ,English word meaning,the (age of) working with him,the (age of) working,split by hand from the translator's phrase,,
37:102:23,شَآءَ,English word meaning,Allah wills,wills,same word's meaning elsewhere in Quran.com WBW,,
37:102:24,ٱللَّهُ,English word meaning,Allah wills,Allah,same word's meaning elsewhere in Quran.com WBW,,
37:116:2,فَكَانُوا۟,English word meaning,so they became,and they became,same word's meaning elsewhere in Quran.com WBW,,
37:116:3,هُمُ,English word meaning,so they became,[they],same word's meaning elsewhere in Quran.com WBW,,
37:126:4,ءَابَآئِكُمُ,English word meaning,(of) your forefathers,(of) your forefathers,split by hand from the translator's phrase,,
37:126:5,ٱلْأَوَّلِينَ,English word meaning,(of) your forefathers,the former,split by hand from the translator's phrase,,
37:152:1,وَلَدَ,English word meaning,Allah has begotten,has begotten,split by hand from the translator's phrase,,
37:152:2,ٱللَّهُ,English word meaning,Allah has begotten,Allah,split by hand from the translator's phrase,,
37:154:1,مَا,English word meaning,What is with you,What,split by hand from the translator's phrase,,
37:154:2,لَكُمْ,English word meaning,What is with you,(is) with you,split by hand from the translator's phrase,,
38:1:3,ذِى,English word meaning,full (of) reminder,full,split by hand from the translator's phrase,,
38:1:4,ٱلذِّكْرِ,English word meaning,full (of) reminder,(of) reminder,split by hand from the translator's phrase,,
38:3:3,مِن,English word meaning,before them,from,split by hand from the translator's phrase,,
38:3:4,قَبْلِهِم,English word meaning,before them,before them,split by hand from the translator's phrase,,
38:5:3,إِلَٰهًا,English word meaning,(into) one god,god,same word's meaning elsewhere in Quran.com WBW,,
38:5:4,وَٰحِدًا,English word meaning,(into) one god,one,same word's meaning elsewhere in Quran.com WBW,,
38:11:2,مَّا,English word meaning,there,(of) whatever,split by hand from the translator's phrase,,
38:11:3,هُنَالِكَ,English word meaning,there,there,split by hand from the translator's phrase,,
38:17:8,ذَا,English word meaning,the possessor of strength,the possessor,split by hand from the translator's phrase,,
38:17:9,ٱلْأَيْدِ,English word meaning,the possessor of strength,of strength,split by hand from the translator's phrase,,
38:23:5,تِسْعٌ,English word meaning,ninety-nine,nine,split by hand from the translator's phrase,,
38:23:6,وَتِسْعُونَ,English word meaning,ninety-nine,and ninety,split by hand from the translator's phrase,,
38:24:22,مَّا,English word meaning,(are) they,(are),split by hand from the translator's phrase,,
38:24:23,هُمْ,English word meaning,(are) they,they,split by hand from the translator's phrase,,
38:29:8,أُو۟لُوا۟,English word meaning,those of understanding,those,split by hand from the translator's phrase,,
38:29:9,ٱلْأَلْبَٰبِ,English word meaning,those of understanding,of understanding,split by hand from the translator's phrase,,
38:31:5,ٱلصَّٰفِنَٰتُ,English word meaning,excellent bred steeds,the excellent bred,split by hand from the translator's phrase,,
38:31:6,ٱلْجِيَادُ,English word meaning,excellent bred steeds,steeds,split by hand from the translator's phrase,,
38:35:11,مِّنۢ,English word meaning,after me,from,split by hand from the translator's phrase,,
38:35:12,بَعْدِىٓ,English word meaning,after me,after me,split by hand from the translator's phrase,,
38:43:9,لِأُو۟لِى,English word meaning,for those of understanding,for those,same word's meaning elsewhere in Quran.com WBW,,
38:43:10,ٱلْأَلْبَٰبِ,English word meaning,for those of understanding,(of) understanding,same word's meaning elsewhere in Quran.com WBW,,
38:48:4,وَذَا,English word meaning,and Dhul-kifl,and,split by hand from the translator's phrase,,
38:48:5,ٱلْكِفْلِ,English word meaning,and Dhul-kifl,Dhul-kifl,split by hand from the translator's phrase,,
38:52:2,قَٰصِرَٰتُ,English word meaning,(will be) companions of modest gaze,(will be) companions of modest,split by hand from the translator's phrase,,
38:52:3,ٱلطَّرْفِ,English word meaning,(will be) companions of modest gaze,gaze,split by hand from the translator's phrase,,
39:3:7,مِن,English word meaning,besides Him,from,split by hand from the translator's phrase,,
39:3:8,دُونِهِۦٓ,English word meaning,besides Him,besides Him,split by hand from the translator's phrase,,
39:4:2,أَرَادَ,English word meaning,Allah (had) intended,He intends,same word's meaning elsewhere in Quran.com WBW,,
39:4:3,ٱللَّهُ,English word meaning,Allah (had) intended,Allah,same word's meaning elsewhere in Quran.com WBW,,
39:6:20,مِّنۢ,English word meaning,after,from,split by hand from the translator's phrase,,
39:6:21,بَعْدِ,English word meaning,after,after,split by hand from the translator's phrase,,
39:7:30,بِذَاتِ,English word meaning,of what (is) in the breasts,of what,same word's meaning elsewhere in Quran.com WBW,,
39:7:31,ٱلصُّدُورِ,English word meaning,of what (is) in the breasts,(is in) the breasts,same word's meaning elsewhere in Quran.com WBW,,
39:8:16,كَانَ,English word meaning,he used to call,he used to,split by hand from the translator's phrase,,
39:8:17,يَدْعُوٓا۟,English word meaning,he used to call,call,split by hand from the translator's phrase,,
39:8:19,مِن,English word meaning,before,from,split by hand from the translator's phrase,,
39:8:20,قَبْلُ,English word meaning,before,before,split by hand from the translator's phrase,,
39:9:23,أُو۟لُوا۟,English word meaning,those of understanding,those,split by hand from the translator's phrase,,
39:9:24,ٱلْأَلْبَٰبِ,English word meaning,those of understanding,of understanding,split by hand from the translator's phrase,,
39:14:2,ٱللَّهَ,English word meaning,I worship Allah,Allah,same word's meaning elsewhere in Quran.com WBW,,
39:14:3,أَعْبُدُ,English word meaning,I worship Allah,I worship,same word's meaning elsewhere in Quran.com WBW,,
39:15:4,مِّن,English word meaning,besides Him,from,split by hand from the translator's phrase,,
39:15:5,دُونِهِۦ,English word meaning,besides Him,besides Him,split by hand from the translator's phrase,,
39:18:8,هَدَىٰهُمُ,English word meaning,Allah has guided them,He has guided them,same word's meaning elsewhere in Quran.com WBW,,
39:18:9,ٱللَّهُ,English word meaning,Allah has guided them,Allah,same word's meaning elsewhere in Quran.com WBW,,
39:18:12,أُو۟لُوا۟,English word meaning,the men of understanding,men,same word's meaning elsewhere in Quran.com WBW,,
39:18:13,ٱلْأَلْبَٰبِ,English word meaning,the men of understanding,(of) understanding,same word's meaning elsewhere in Quran.com WBW,,
39:20:7,مِّن,English word meaning,above them,from,split by hand from the translator's phrase,,
39:20:8,فَوْقِهَا,English word meaning,above them,above them,split by hand from the translator's phrase,,
39:20:18,يُخْلِفُ,English word meaning,Allah fails,fail,same word's meaning elsewhere in Quran.com WBW,,
39:20:19,ٱللَّهُ,English word meaning,Allah fails,Allah,same word's meaning elsewhere in Quran.com WBW,,
39:21:30,لِأُو۟لِى,English word meaning,for those of understanding,for those,same word's meaning elsewhere in Quran.com WBW,,
39:21:31,ٱلْأَلْبَٰبِ,English word meaning,for those of understanding,(of) understanding,same word's meaning elsewhere in Quran.com WBW,,
39:22:2,شَرَحَ,English word meaning,Allah has expanded,has expanded,split by hand from the translator's phrase,,
39:22:3,ٱللَّهُ,English word meaning,Allah has expanded,Allah,split by hand from the translator's phrase,,
39:22:15,ذِكْرِ,English word meaning,(the) remembrance of Allah,(the) remembrance,same word's meaning elsewhere in Quran.com WBW,,
39:22:16,ٱللَّهِ,English word meaning,(the) remembrance of Allah,Allah,same word's meaning elsewhere in Quran.com WBW,,
39:23:29,يُضْلِلِ,English word meaning,Allah lets go astray,lets go astray,split by hand from the translator's phrase,,
39:23:30,ٱللَّهُ,English word meaning,Allah lets go astray,Allah,split by hand from the translator's phrase,,
39:25:3,مِن,English word meaning,(were) before them,from,split by hand from the translator's phrase,,
39:25:4,قَبْلِهِمْ,English word meaning,(were) before them,before them,split by hand from the translator's phrase,,
39:26:1,فَأَذَاقَهُمُ,English word meaning,So Allah made them,So made them,split by hand from the translator's phrase,,
39:26:2,ٱللَّهُ,English word meaning,So Allah made them,Allah,split by hand from the translator's phrase,,
39:29:1,ضَرَبَ,English word meaning,Allah sets forth,He sets forth,same word's meaning elsewhere in Quran.com WBW,,
39:29:2,ٱللَّهُ,English word meaning,Allah sets forth,Allah,same word's meaning elsewhere in Quran.com WBW,,
39:35:1,لِيُكَفِّرَ,English word meaning,That Allah will remove,That will remove,split by hand from the translator's phrase,,
39:35:2,ٱللَّهُ,English word meaning,That Allah will remove,Allah,split by hand from the translator's phrase,,
39:36:7,مِن,English word meaning,besides Him,from,split by hand from the translator's phrase,,
39:36:8,دُونِهِۦ,English word meaning,besides Him,besides Him,split by hand from the translator's phrase,,
39:36:10,يُضْلِلِ,English word meaning,Allah lets go astray ,lets go astray,split by hand from the translator's phrase,,
39:36:11,ٱللَّهُ,English word meaning,Allah lets go astray ,Allah,split by hand from the translator's phrase,,
39:37:2,يَهْدِ,English word meaning,Allah guides,guides,split by hand from the translator's phrase,,
39:37:3,ٱللَّهُ,English word meaning,Allah guides,Allah,split by hand from the translator's phrase,,
39:37:11,ذِى,English word meaning,All-Able of retribution,All-Able,split by hand from the translator's phrase,,
39:37:12,ٱنتِقَامٍ,English word meaning,All-Able of retribution,of retribution,split by hand from the translator's phrase,,
39:38:13,مِن,English word meaning,besides,from,split by hand from the translator's phrase,,
39:38:14,دُونِ,English word meaning,besides,besides,split by hand from the translator's phrase,,
39:38:17,أَرَادَنِىَ,English word meaning,Allah intended for me,if He intended for me,same word's meaning elsewhere in Quran.com WBW,,
39:38:18,ٱللَّهُ,English word meaning,Allah intended for me,Allah,same word's meaning elsewhere in Quran.com WBW,,
39:38:32,حَسْبِىَ,English word meaning,Sufficient (is) Allah for me,Sufficient for me,same word's meaning elsewhere in Quran.com WBW,,
39:38:33,ٱللَّهُ,English word meaning,Sufficient (is) Allah for me,Allah,same word's meaning elsewhere in Quran.com WBW,,
39:43:3,مِن,English word meaning,besides,from,split by hand from the translator's phrase,,
39:43:4,دُونِ,English word meaning,besides,besides,split by hand from the translator's phrase,,
39:45:2,ذُكِرَ,English word meaning,Allah is mentioned,is mentioned,same word's meaning elsewhere in Quran.com WBW,,
39:45:3,ٱللَّهُ,English word meaning,Allah is mentioned,Allah,same word's meaning elsewhere in Quran.com WBW,,
39:45:14,مِن,English word meaning,besides Him,from,split by hand from the translator's phrase,,
39:45:15,دُونِهِۦٓ,English word meaning,besides Him,besides Him,split by hand from the translator's phrase,,
39:47:1,وَلَوْ,English word meaning,And if,And if,split by hand from the translator's phrase,,
39:47:2,أَنَّ,English word meaning,And if,[that],split by hand from the translator's phrase,,
39:50:4,مِن,English word meaning,before them,from,split by hand from the translator's phrase,,
39:50:5,قَبْلِهِمْ,English word meaning,before them,before them,split by hand from the translator's phrase,,
39:54:6,مِن,English word meaning,before,from,split by hand from the translator's phrase,,
39:54:7,قَبْلِ,English word meaning,before,before,split by hand from the translator's phrase,,
39:55:8,مِّن,English word meaning,before,from,split by hand from the translator's phrase,,
39:55:9,قَبْلِ,English word meaning,before,before,split by hand from the translator's phrase,,
39:57:3,لَوْ,English word meaning,If that,If,same word's meaning elsewhere in Quran.com WBW,,
39:57:4,أَنَّ,English word meaning,If that,that,same word's meaning elsewhere in Quran.com WBW,,
39:61:1,وَيُنَجِّى,English word meaning,And Allah will deliver,And will deliver,split by hand from the translator's phrase,,
39:61:2,ٱللَّهُ,English word meaning,And Allah will deliver,Allah,split by hand from the translator's phrase,,
39:65:6,مِن,English word meaning,(were) before you,from,split by hand from the translator's phrase,,
39:65:7,قَبْلِكَ,English word meaning,(were) before you,before you,split by hand from the translator's phrase,,
39:66:2,ٱللَّهَ,English word meaning,But worship Allah,Allah,same word's meaning elsewhere in Quran.com WBW,,
39:66:3,فَٱعْبُدْ,English word meaning,But worship Allah,so worship,same word's meaning elsewhere in Quran.com WBW,,
39:68:13,شَآءَ,English word meaning,Allah wills,wills,same word's meaning elsewhere in Quran.com WBW,,
39:68:14,ٱللَّهُ,English word meaning,Allah wills,Allah,same word's meaning elsewhere in Quran.com WBW,,
39:69:14,لَا,English word meaning,will not be wronged,not,same word's meaning elsewhere in Quran.com WBW,,
39:69:15,يُظْلَمُونَ,English word meaning,will not be wronged,be wronged,same word's meaning elsewhere in Quran.com WBW,,
40:3:7,ذِى,English word meaning,Owner (of) the abundance,Owner (of),split by hand from the translator's phrase,,
40:3:8,ٱلطَّوْلِ,English word meaning,Owner (of) the abundance,the abundance,split by hand from the translator's phrase,,
40:5:6,مِنۢ,English word meaning,after them,from,split by hand from the translator's phrase,,
40:5:7,بَعْدِهِمْ,English word meaning,after them,after them,split by hand from the translator's phrase,,
40:10:5,لَمَقْتُ,English word meaning,Certainly Allah's hatred,Certainly hatred,split by hand from the translator's phrase,,
40:10:6,ٱللَّهِ,English word meaning,Certainly Allah's hatred,Allah's,split by hand from the translator's phrase,,
40:12:4,دُعِىَ,English word meaning,Allah was invoked,was invoked,split by hand from the translator's phrase,,
40:12:5,ٱللَّهُ,English word meaning,Allah was invoked,Allah,split by hand from the translator's phrase,,
40:15:1,رَفِيعُ,English word meaning,Possessor of the Highest Ranks,Possessor,split by hand from the translator's phrase,,
40:15:2,ٱلدَّرَجَٰتِ,English word meaning,Possessor of the Highest Ranks,of the Highest Ranks,split by hand from the translator's phrase,,
40:15:3,ذُو,English word meaning,Owner (of) the Throne,Owner,split by hand from the translator's phrase,,
40:15:4,ٱلْعَرْشِ,English word meaning,Owner (of) the Throne,(of) the Throne,split by hand from the translator's phrase,,
40:19:2,خَآئِنَةَ,English word meaning,(the) stealthy glance,(the) stealthy,split by hand from the translator's phrase,,
40:19:3,ٱلْأَعْيُنِ,English word meaning,(the) stealthy glance,glance,split by hand from the translator's phrase,,
40:20:6,مِن,English word meaning,besides Him,from,split by hand from the translator's phrase,,
40:20:7,دُونِهِۦ,English word meaning,besides Him,besides Him,split by hand from the translator's phrase,,
40:21:11,مِن,English word meaning,before them,from,split by hand from the translator's phrase,,
40:21:12,قَبْلِهِمْ,English word meaning,before them,before them,split by hand from the translator's phrase,,
40:21:21,فَأَخَذَهُمُ,English word meaning,but Allah seized them,so seized them,same word's meaning elsewhere in Quran.com WBW,,
40:21:22,ٱللَّهُ,English word meaning,but Allah seized them,Allah,same word's meaning elsewhere in Quran.com WBW,,
40:22:3,كَانَت,English word meaning,used to come to them,was,same word's meaning elsewhere in Quran.com WBW,,
40:22:4,تَّأْتِيهِمْ,English word meaning,used to come to them,come to them,same word's meaning elsewhere in Quran.com WBW,,
40:22:8,فَأَخَذَهُمُ,English word meaning,So Allah seized them,so seized them,same word's meaning elsewhere in Quran.com WBW,,
40:22:9,ٱللَّهُ,English word meaning,So Allah seized them,Allah,same word's meaning elsewhere in Quran.com WBW,,
40:31:8,مِنۢ,English word meaning,after them,from,split by hand from the translator's phrase,,
40:31:9,بَعْدِهِمْ,English word meaning,after them,after them,split by hand from the translator's phrase,,
40:31:10,وَمَا,English word meaning,And Allah (does) not,And not,same word's meaning elsewhere in Quran.com WBW,,
40:31:11,ٱللَّهُ,English word meaning,And Allah (does) not,Allah,same word's meaning elsewhere in Quran.com WBW,,
40:33:11,يُضْلِلِ,English word meaning,Allah lets go astray,lets go astray,split by hand from the translator's phrase,,
40:33:12,ٱللَّهُ,English word meaning,Allah lets go astray,Allah,split by hand from the translator's phrase,,
40:34:4,مِن,English word meaning,before,from,split by hand from the translator's phrase,,
40:34:5,قَبْلُ,English word meaning,before,before,split by hand from the translator's phrase,,
40:34:19,يَبْعَثَ,English word meaning,will Allah raise,will raise,split by hand from the translator's phrase,,
40:34:20,ٱللَّهُ,English word meaning,will Allah raise,Allah,split by hand from the translator's phrase,,
40:34:21,مِنۢ,English word meaning,after him,from,split by hand from the translator's phrase,,
40:34:22,بَعْدِهِۦ,English word meaning,after him,after him,split by hand from the translator's phrase,,
40:34:25,يُضِلُّ,English word meaning,Allah lets go astray,He lets go astray,same word's meaning elsewhere in Quran.com WBW,,
40:34:26,ٱللَّهُ,English word meaning,Allah lets go astray,Allah,same word's meaning elsewhere in Quran.com WBW,,
40:35:11,عِندَ,English word meaning,near Allah,near,same word's meaning elsewhere in Quran.com WBW,,
40:35:12,ٱللَّهِ,English word meaning,near Allah,Allah,same word's meaning elsewhere in Quran.com WBW,,
40:35:17,يَطْبَعُ,English word meaning,Allah sets a seal,sets a seal,split by hand from the translator's phrase,,
40:35:18,ٱللَّهُ,English word meaning,Allah sets a seal,Allah,split by hand from the translator's phrase,,
40:45:1,فَوَقَىٰهُ,English word meaning,So Allah protected him,So protected him,split by hand from the translator's phrase,,
40:45:2,ٱللَّهُ,English word meaning,So Allah protected him,Allah,split by hand from the translator's phrase,,
40:50:2,أَوَلَمْ,English word meaning,Did there not,Do not,same word's meaning elsewhere in Quran.com WBW,,
40:50:3,تَكُ,English word meaning,Did there not,be,same word's meaning elsewhere in Quran.com WBW,,
40:53:6,بَنِىٓ,English word meaning,(the) Children of Israel,(the) Children,same word's meaning elsewhere in Quran.com WBW,,
40:53:7,إِسْرَٰٓءِيلَ,English word meaning,(the) Children of Israel,(of) Israel,same word's meaning elsewhere in Quran.com WBW,,
40:55:3,وَعْدَ,English word meaning,(the) Promise of Allah,(the) Promise,same word's meaning elsewhere in Quran.com WBW,,
40:55:4,ٱللَّهِ,English word meaning,(the) Promise of Allah,Allah,same word's meaning elsewhere in Quran.com WBW,,
40:61:12,لَذُو,English word meaning,(is) Full (of) Bounty,(is) Full,split by hand from the translator's phrase,,
40:61:13,فَضْلٍ,English word meaning,(is) Full (of) Bounty,(of) Bounty,split by hand from the translator's phrase,,
40:66:8,مِن,English word meaning,besides,from,split by hand from the translator's phrase,,
40:66:9,دُونِ,English word meaning,besides,besides,split by hand from the translator's phrase,,
40:67:24,مِن,English word meaning,before ,from,split by hand from the translator's phrase,,
40:67:25,قَبْلُ,English word meaning,before ,before,split by hand from the translator's phrase,,
40:74:1,مِن,English word meaning,Other than,from,split by hand from the translator's phrase,,
40:74:2,دُونِ,English word meaning,Other than,other than,split by hand from the translator's phrase,,
40:74:11,مِن,English word meaning,before,from,split by hand from the translator's phrase,,
40:74:12,قَبْلُ,English word meaning,before,before,split by hand from the translator's phrase,,
40:74:15,يُضِلُّ,English word meaning,Allah lets go astray,He lets go astray,same word's meaning elsewhere in Quran.com WBW,,
40:74:16,ٱللَّهُ,English word meaning,Allah lets go astray,Allah,same word's meaning elsewhere in Quran.com WBW,,
40:78:4,مِّن,English word meaning,before you,from,split by hand from the translator's phrase,,
40:78:5,قَبْلِكَ,English word meaning,before you,before you,split by hand from the translator's phrase,,
40:82:10,مِن,English word meaning,(were) before them,from,split by hand from the translator's phrase,,
40:82:11,قَبْلِهِمْ,English word meaning,(were) before them,before them,split by hand from the translator's phrase,,
40:85:1,فَلَمْ,English word meaning,But did not,and not,same word's meaning elsewhere in Quran.com WBW,,
40:85:2,يَكُ,English word meaning,But did not,he was,same word's meaning elsewhere in Quran.com WBW,,
41:5:11,وَمِنۢ,English word meaning,and between us,and from,split by hand from the translator's phrase,,
41:5:12,بَيْنِنَا,English word meaning,and between us,between us,split by hand from the translator's phrase,,
41:8:8,غَيْرُ,English word meaning,never ending,never,split by hand from the translator's phrase,,
41:8:9,مَمْنُونٍ,English word meaning,never ending,ending,split by hand from the translator's phrase,,
41:10:4,مِن,English word meaning,above it,from,split by hand from the translator's phrase,,
41:10:5,فَوْقِهَا,English word meaning,above it,above it,split by hand from the translator's phrase,,
41:14:4,مِنۢ,English word meaning,from before them,from,split by hand from the translator's phrase,,
41:14:5,بَيْنِ,English word meaning,from before them,before,split by hand from the translator's phrase,,
41:14:6,أَيْدِيهِمْ,English word meaning,from before them,them,split by hand from the translator's phrase,,
41:16:18,لَا,English word meaning,will not be helped,not,same word's meaning elsewhere in Quran.com WBW,,
41:16:19,يُنصَرُونَ,English word meaning,will not be helped,will be helped,same word's meaning elsewhere in Quran.com WBW,,
41:20:2,إِذَا,English word meaning,when,when,split by hand from the translator's phrase,,
41:20:3,مَا,English word meaning,when,[that],split by hand from the translator's phrase,,
41:21:7,أَنطَقَنَا,English word meaning,Allah made us speak,made us speak,split by hand from the translator's phrase,,
41:21:8,ٱللَّهُ,English word meaning,Allah made us speak,Allah,split by hand from the translator's phrase,,
41:25:7,بَيْنَ,English word meaning,(was) before them,before,split by hand from the translator's phrase,,
41:25:8,أَيْدِيهِمْ,English word meaning,(was) before them,them,split by hand from the translator's phrase,,
41:25:16,قَدْ,English word meaning,(that have) passed away,(that have),split by hand from the translator's phrase,,
41:25:17,خَلَتْ,English word meaning,(that have) passed away,passed away,split by hand from the translator's phrase,,
41:25:18,مِن,English word meaning,before them,from,split by hand from the translator's phrase,,
41:25:19,قَبْلِهِم,English word meaning,before them,before them,split by hand from the translator's phrase,,
41:42:5,بَيْنِ,English word meaning,before it,before,split by hand from the translator's phrase,,
41:42:6,يَدَيْهِ,English word meaning,before it,it,split by hand from the translator's phrase,,
41:43:6,قَدْ,English word meaning,was said,(has),split by hand from the translator's phrase,,
41:43:7,قِيلَ,English word meaning,was said,been said,split by hand from the translator's phrase,,
41:43:9,مِن,English word meaning,before you,from,split by hand from the translator's phrase,,
41:43:10,قَبْلِكَ,English word meaning,before you,before you,split by hand from the translator's phrase,,
41:48:6,مِن,English word meaning,before,from,split by hand from the translator's phrase,,
41:48:7,قَبْلُ,English word meaning,before,before,split by hand from the translator's phrase,,
41:50:5,مِنۢ,English word meaning,after,from,split by hand from the translator's phrase,,
41:50:6,بَعْدِ,English word meaning,after,after,split by hand from the translator's phrase,,
41:51:6,وَنَـَٔا,English word meaning,and distances himself,and distances,split by hand from the translator's phrase,,
41:51:7,بِجَانِبِهِۦ,English word meaning,and distances himself,himself,split by hand from the translator's phrase,,
41:52:5,مِنْ,English word meaning,from,from,split by hand from the translator's phrase,,
41:52:6,عِندِ,English word meaning,from,near,split by hand from the translator's phrase,,
42:3:6,مِن,English word meaning,before you ,from,split by hand from the translator's phrase,,
42:3:7,قَبْلِكَ,English word meaning,before you ,before you,split by hand from the translator's phrase,,
42:6:3,مِن,English word meaning,besides,from,split by hand from the translator's phrase,,
42:6:4,دُونِهِۦٓ,English word meaning,besides,besides Him,split by hand from the translator's phrase,,
42:8:2,شَآءَ,English word meaning,Allah willed,wills,same word's meaning elsewhere in Quran.com WBW,,
42:8:3,ٱللَّهُ,English word meaning,Allah willed,Allah,same word's meaning elsewhere in Quran.com WBW,,
42:9:3,مِن,English word meaning,besides Him,from,split by hand from the translator's phrase,,
42:9:4,دُونِهِۦٓ,English word meaning,besides Him,besides Him,split by hand from the translator's phrase,,
42:14:4,مِنۢ,English word meaning,after,from,split by hand from the translator's phrase,,
42:14:5,بَعْدِ,English word meaning,after,after,split by hand from the translator's phrase,,
42:14:25,مِنۢ,English word meaning,after them,from,split by hand from the translator's phrase,,
42:14:26,بَعْدِهِمْ,English word meaning,after them,after them,split by hand from the translator's phrase,,
42:15:12,أَنزَلَ,English word meaning,Allah has sent down,has sent down,split by hand from the translator's phrase,,
42:15:13,ٱللَّهُ,English word meaning,Allah has sent down,Allah,split by hand from the translator's phrase,,
42:16:5,مِنۢ,English word meaning,after,from,split by hand from the translator's phrase,,
42:16:6,بَعْدِ,English word meaning,after,after,split by hand from the translator's phrase,,
42:16:8,ٱسْتُجِيبَ,English word meaning,response has been made to Him,response has been made,split by hand from the translator's phrase,,
42:16:9,لَهُۥ,English word meaning,response has been made to Him,to Him,split by hand from the translator's phrase,,
42:21:10,يَأْذَنۢ,English word meaning,Allah has given permission of it,has given permission,split by hand from the translator's phrase,,
42:21:11,بِهِ,English word meaning,Allah has given permission of it,of it,split by hand from the translator's phrase,,
42:21:12,ٱللَّهُ,English word meaning,Allah has given permission of it,Allah,split by hand from the translator's phrase,,
42:23:3,يُبَشِّرُ,English word meaning,Allah gives glad tidings,gives glad tidings,split by hand from the translator's phrase,,
42:23:4,ٱللَّهُ,English word meaning,Allah gives glad tidings,Allah,split by hand from the translator's phrase,,
42:24:8,يَشَإِ,English word meaning,Allah willed,wills,same word's meaning elsewhere in Quran.com WBW,,
42:24:9,ٱللَّهُ,English word meaning,Allah willed,Allah,same word's meaning elsewhere in Quran.com WBW,,
42:24:13,وَيَمْحُ,English word meaning,And Allah eliminates,And eliminates,split by hand from the translator's phrase,,
42:24:14,ٱللَّهُ,English word meaning,And Allah eliminates,Allah,split by hand from the translator's phrase,,
42:27:2,بَسَطَ,English word meaning,Allah extends,extends,split by hand from the translator's phrase,,
42:27:3,ٱللَّهُ,English word meaning,Allah extends,Allah,split by hand from the translator's phrase,,
42:28:5,مِنۢ,English word meaning,after,from,split by hand from the translator's phrase,,
42:28:6,بَعْدِ,English word meaning,after,after,split by hand from the translator's phrase,,
42:31:8,مِّن,English word meaning,besides,from,split by hand from the translator's phrase,,
42:31:9,دُونِ,English word meaning,besides,besides,split by hand from the translator's phrase,,
42:33:3,يُسْكِنِ,English word meaning,He can cause the wind to become still,He can cause to become still,split by hand from the translator's phrase,,
42:33:4,ٱلرِّيحَ,English word meaning,He can cause the wind to become still,the wind,split by hand from the translator's phrase,,
42:37:6,وَإِذَا,English word meaning,and when,and when,split by hand from the translator's phrase,,
42:37:7,مَا,English word meaning,and when,[that],split by hand from the translator's phrase,,
42:43:7,عَزْمِ,English word meaning,matters of determination,(of) the determination,split by hand from the translator's phrase,,
42:43:8,ٱلْأُمُورِ,English word meaning,matters of determination,(of) the matters,split by hand from the translator's phrase,,
42:44:2,يُضْلِلِ,English word meaning,Allah lets go astray,lets go astray,split by hand from the translator's phrase,,
42:44:3,ٱللَّهُ,English word meaning,Allah lets go astray,Allah,split by hand from the translator's phrase,,
42:44:8,مِّنۢ,English word meaning,after Him,from,split by hand from the translator's phrase,,
42:44:9,بَعْدِهِۦ,English word meaning,after Him,after Him,split by hand from the translator's phrase,,
42:46:7,مِّن,English word meaning,besides,from,split by hand from the translator's phrase,,
42:46:8,دُونِ,English word meaning,besides,besides,split by hand from the translator's phrase,,
42:46:11,يُضْلِلِ,English word meaning,Allah lets go astray,lets go astray,split by hand from the translator's phrase,,
42:46:12,ٱللَّهُ,English word meaning,Allah lets go astray,Allah,split by hand from the translator's phrase,,
42:47:3,مِّن,English word meaning,before,from,split by hand from the translator's phrase,,
42:47:4,قَبْلِ,English word meaning,before,before,split by hand from the translator's phrase,,
42:51:5,يُكَلِّمَهُ,English word meaning,Allah should speak to him,should speak to him,split by hand from the translator's phrase,,
42:51:6,ٱللَّهُ,English word meaning,Allah should speak to him,Allah,split by hand from the translator's phrase,,
43:7:3,مِّن,English word meaning,any Prophet,any,split by hand from the translator's phrase,,
43:7:4,نَّبِىٍّ,English word meaning,any Prophet,Prophet,split by hand from the translator's phrase,,
43:7:7,بِهِۦ,English word meaning,mock at him,at him,split by hand from the translator's phrase,,
43:7:8,يَسْتَهْزِءُونَ,English word meaning,mock at him,mock,split by hand from the translator's phrase,,
43:15:8,لَكَفُورٌ,English word meaning,surely (is) clearly ungrateful,(is) surely ungrateful,same word's meaning elsewhere in Quran.com WBW,,
43:15:9,مُّبِينٌ,English word meaning,surely (is) clearly ungrateful,clear,same word's meaning elsewhere in Quran.com WBW,,
43:20:5,مَا,English word meaning,we would not have worshipped them,not,split by hand from the translator's phrase,,
43:20:6,عَبَدْنَٰهُم,English word meaning,we would not have worshipped them,we would have worshipped them,split by hand from the translator's phrase,,
43:21:4,مِّن,English word meaning,before it,from,split by hand from the translator's phrase,,
43:21:5,قَبْلِهِۦ,English word meaning,before it,before it,split by hand from the translator's phrase,,
43:23:4,مِن,English word meaning,before you,from,split by hand from the translator's phrase,,
43:23:5,قَبْلِكَ,English word meaning,before you,before you,split by hand from the translator's phrase,,
43:26:2,قَالَ,English word meaning,Ibrahim Said,He said,same word's meaning elsewhere in Quran.com WBW,,
43:26:3,إِبْرَٰهِيمُ,English word meaning,Ibrahim Said,Ibrahim,same word's meaning elsewhere in Quran.com WBW,,
43:41:2,نَذْهَبَنَّ,English word meaning,We take you away,We take away,split by hand from the translator's phrase,,
43:41:3,بِكَ,English word meaning,We take you away,you,split by hand from the translator's phrase,,
43:45:4,مِن,English word meaning,before you,from,split by hand from the translator's phrase,,
43:45:5,قَبْلِكَ,English word meaning,before you,before you,split by hand from the translator's phrase,,
43:45:9,مِن,English word meaning,besides,from,split by hand from the translator's phrase,,
43:45:10,دُونِ,English word meaning,besides,besides,split by hand from the translator's phrase,,
43:51:14,مِن,English word meaning,underneath me,from,split by hand from the translator's phrase,,
43:51:15,تَحْتِىٓ,English word meaning,underneath me,underneath me,split by hand from the translator's phrase,,
43:52:9,وَلَا,English word meaning,and hardly,and,split by hand from the translator's phrase,,
43:52:10,يَكَادُ,English word meaning,and hardly,hardly,split by hand from the translator's phrase,,
43:59:9,لِّبَنِىٓ,English word meaning,for (the) Children of Israel,for (the) Children,same word's meaning elsewhere in Quran.com WBW,,
43:59:10,إِسْرَٰٓءِيلَ,English word meaning,for (the) Children of Israel,(of) Israel,same word's meaning elsewhere in Quran.com WBW,,
43:86:5,مِن,English word meaning,besides Him,from,split by hand from the translator's phrase,,
43:86:6,دُونِهِ,English word meaning,besides Him,besides Him,split by hand from the translator's phrase,,
44:30:3,بَنِىٓ,English word meaning,(the) Children of Israel,(the) Children,same word's meaning elsewhere in Quran.com WBW,,
44:30:4,إِسْرَٰٓءِيلَ,English word meaning,(the) Children of Israel,(of) Israel,same word's meaning elsewhere in Quran.com WBW,,
44:37:7,مِن,English word meaning,before them,from,split by hand from the translator's phrase,,
44:37:8,قَبْلِهِمْ,English word meaning,before them,before them,split by hand from the translator's phrase,,
44:40:2,يَوْمَ,English word meaning,(the) Day of Judgment,(on the) Day,same word's meaning elsewhere in Quran.com WBW,,
44:40:3,ٱلْفَصْلِ,English word meaning,(the) Day of Judgment,(of) Judgment,same word's meaning elsewhere in Quran.com WBW,,
44:42:3,رَّحِمَ,English word meaning,Allah has mercy,He has mercy,same word's meaning elsewhere in Quran.com WBW,,
44:42:4,ٱللَّهُ,English word meaning,Allah has mercy,Allah,same word's meaning elsewhere in Quran.com WBW,,
44:54:3,بِحُورٍ,English word meaning,(to) companions with beautiful eyes,(to) companions,split by hand from the translator's phrase,,
44:54:4,عِينٍ,English word meaning,(to) companions with beautiful eyes,with beautiful eyes,split by hand from the translator's phrase,,
45:5:5,أَنزَلَ,English word meaning,Allah sends down,sends down,split by hand from the translator's phrase,,
45:5:6,ٱللَّهُ,English word meaning,Allah sends down,Allah,split by hand from the translator's phrase,,
45:10:1,مِّن,English word meaning,Before them,from,split by hand from the translator's phrase,,
45:10:2,وَرَآئِهِمْ,English word meaning,Before them,Before them,split by hand from the translator's phrase,,
45:10:13,مِن,English word meaning,besides,from,split by hand from the translator's phrase,,
45:10:14,دُونِ,English word meaning,besides,besides,split by hand from the translator's phrase,,
45:16:3,بَنِىٓ,English word meaning,(the) Children of Israel,(the) Children,same word's meaning elsewhere in Quran.com WBW,,
45:16:4,إِسْرَٰٓءِيلَ,English word meaning,(the) Children of Israel,(of) Israel,same word's meaning elsewhere in Quran.com WBW,,
45:17:8,مِنۢ,English word meaning,after,from,split by hand from the translator's phrase,,
45:17:9,بَعْدِ,English word meaning,after,after,split by hand from the translator's phrase,,
45:22:1,وَخَلَقَ,English word meaning,And Allah created,and created,same word's meaning elsewhere in Quran.com WBW,,
45:22:2,ٱللَّهُ,English word meaning,And Allah created,Allah,same word's meaning elsewhere in Quran.com WBW,,
45:22:12,لَا,English word meaning,will not be wronged,not,same word's meaning elsewhere in Quran.com WBW,,
45:22:13,يُظْلَمُونَ,English word meaning,will not be wronged,be wronged,same word's meaning elsewhere in Quran.com WBW,,
45:23:6,وَأَضَلَّهُ,English word meaning,and Allah lets him go astray,and lets him go astray,split by hand from the translator's phrase,,
45:23:7,ٱللَّهُ,English word meaning,and Allah lets him go astray,Allah,split by hand from the translator's phrase,,
45:23:8,عَلَىٰ,English word meaning,knowingly,on,split by hand from the translator's phrase,,
45:23:9,عِلْمٍ,English word meaning,knowingly,knowledge (knowingly),split by hand from the translator's phrase,,
45:23:20,مِنۢ,English word meaning,after,from,split by hand from the translator's phrase,,
45:23:21,بَعْدِ,English word meaning,after,after,split by hand from the translator's phrase,,
45:31:4,أَفَلَمْ,English word meaning,Then were not,Then do not,same word's meaning elsewhere in Quran.com WBW,,
45:31:5,تَكُنْ,English word meaning,Then were not,was,same word's meaning elsewhere in Quran.com WBW,,
45:34:7,يَوْمِكُمْ,English word meaning,(of) this Day of yours,(of) your day,same word's meaning elsewhere in Quran.com WBW,,
45:34:8,هَٰذَا,English word meaning,(of) this Day of yours,this,same word's meaning elsewhere in Quran.com WBW,,
46:4:5,مِن,English word meaning,besides,from,split by hand from the translator's phrase,,
46:4:6,دُونِ,English word meaning,besides,besides,split by hand from the translator's phrase,,
46:5:5,مِن,English word meaning,besides,from,split by hand from the translator's phrase,,
46:5:6,دُونِ,English word meaning,besides,besides,split by hand from the translator's phrase,,
46:5:9,لَّا,English word meaning,will not respond,not,same word's meaning elsewhere in Quran.com WBW,,
46:5:10,يَسْتَجِيبُ,English word meaning,will not respond,respond,same word's meaning elsewhere in Quran.com WBW,,
46:8:18,كَفَىٰ,English word meaning,Sufficient is He,Sufficient,split by hand from the translator's phrase,,
46:8:19,بِهِۦ,English word meaning,Sufficient is He,is He,split by hand from the translator's phrase,,
46:10:5,مِنْ,English word meaning,from Allah,from,split by hand from the translator's phrase,,
46:10:6,عِندِ,English word meaning,from Allah,near,split by hand from the translator's phrase,,
46:10:7,ٱللَّهِ,English word meaning,from Allah,Allah,split by hand from the translator's phrase,,
46:10:13,بَنِىٓ,English word meaning,(the) Children of Israel,(the) Children,same word's meaning elsewhere in Quran.com WBW,,
46:10:14,إِسْرَٰٓءِيلَ,English word meaning,(the) Children of Israel,(of) Israel,same word's meaning elsewhere in Quran.com WBW,,
46:12:1,وَمِن,English word meaning,And before it,And from,split by hand from the translator's phrase,,
46:12:2,قَبْلِهِۦ,English word meaning,And before it,before it,split by hand from the translator's phrase,,
46:17:9,وَقَدْ,English word meaning,and have already passed away,and already,split by hand from the translator's phrase,,
46:17:10,خَلَتِ,English word meaning,and have already passed away,have passed away,split by hand from the translator's phrase,,
46:17:12,مِن,English word meaning,before me,from,split by hand from the translator's phrase,,
46:17:13,قَبْلِى,English word meaning,before me,before me,split by hand from the translator's phrase,,
46:18:8,قَدْ,English word meaning,(that) already passed away,(that),split by hand from the translator's phrase,,
46:18:9,خَلَتْ,English word meaning,(that) already passed away,already passed away,split by hand from the translator's phrase,,
46:18:10,مِن,English word meaning,before them,from,split by hand from the translator's phrase,,
46:18:11,قَبْلِهِم,English word meaning,before them,before them,split by hand from the translator's phrase,,
46:19:8,لَا,English word meaning,will not be wronged,not,same word's meaning elsewhere in Quran.com WBW,,
46:19:9,يُظْلَمُونَ,English word meaning,will not be wronged,be wronged,same word's meaning elsewhere in Quran.com WBW,,
46:21:8,وَقَدْ,English word meaning,and had already passed away,and already,split by hand from the translator's phrase,,
46:21:9,خَلَتِ,English word meaning,and had already passed away,had passed away,split by hand from the translator's phrase,,
46:21:11,مِنۢ,English word meaning,before him,from,split by hand from the translator's phrase,,
46:21:12,بَيْنِ,English word meaning,before him,before,split by hand from the translator's phrase,,
46:21:13,يَدَيْهِ,English word meaning,before him,him,split by hand from the translator's phrase,,
46:21:14,وَمِنْ,English word meaning,and after him,and from,split by hand from the translator's phrase,,
46:21:15,خَلْفِهِۦٓ,English word meaning,and after him,after him,split by hand from the translator's phrase,,
46:23:4,عِندَ,English word meaning,(is) with Allah,(is) with,split by hand from the translator's phrase,,
46:23:5,ٱللَّهِ,English word meaning,(is) with Allah,Allah,split by hand from the translator's phrase,,
46:24:13,ٱسْتَعْجَلْتُم,English word meaning,you were asking it to be hastened,you were asking to be hastened,split by hand from the translator's phrase,,
46:24:14,بِهِۦ,English word meaning,you were asking it to be hastened,it,split by hand from the translator's phrase,,
46:28:5,مِن,English word meaning,besides,from,split by hand from the translator's phrase,,
46:28:6,دُونِ,English word meaning,besides,besides,split by hand from the translator's phrase,,
46:28:8,قُرْبَانًا,English word meaning,gods as a way of approach,(as) a way of approach,split by hand from the translator's phrase,,
46:28:9,ءَالِهَةًۢ,English word meaning,gods as a way of approach,gods,split by hand from the translator's phrase,,
46:30:7,مِنۢ,English word meaning,after,from,split by hand from the translator's phrase,,
46:30:8,بَعْدِ,English word meaning,after,after,split by hand from the translator's phrase,,
46:30:12,بَيْنَ,English word meaning,(was) before it,before,split by hand from the translator's phrase,,
46:30:13,يَدَيْهِ,English word meaning,(was) before it,it,split by hand from the translator's phrase,,
46:32:12,مِن,English word meaning,besides Him,from,split by hand from the translator's phrase,,
46:32:13,دُونِهِۦٓ,English word meaning,besides Him,besides Him,split by hand from the translator's phrase,,
46:33:13,عَلَىٰٓ,English word meaning,to give life,[on],split by hand from the translator's phrase,,
46:33:14,أَن,English word meaning,to give life,[that],split by hand from the translator's phrase,,
46:33:15,يُحْۦِىَ,English word meaning,to give life,to give life,split by hand from the translator's phrase,,
46:35:4,أُو۟لُوا۟,English word meaning,those of determination,those,split by hand from the translator's phrase,,
46:35:5,ٱلْعَزْمِ,English word meaning,those of determination,of determination,split by hand from the translator's phrase,,
47:1:5,سَبِيلِ,English word meaning,(the) way of Allah,(the) way,same word's meaning elsewhere in Quran.com WBW,,
47:1:6,ٱللَّهِ,English word meaning,(the) way of Allah,Allah,same word's meaning elsewhere in Quran.com WBW,,
47:3:15,يَضْرِبُ,English word meaning,Allah presents,presents,split by hand from the translator's phrase,,
47:3:16,ٱللَّهُ,English word meaning,Allah presents,Allah,split by hand from the translator's phrase,,
47:4:23,يَشَآءُ,English word meaning,Allah had willed,He wills,same word's meaning elsewhere in Quran.com WBW,,
47:4:24,ٱللَّهُ,English word meaning,Allah had willed,Allah,same word's meaning elsewhere in Quran.com WBW,,
47:4:34,سَبِيلِ,English word meaning,(the) way of Allah,(the) way,same word's meaning elsewhere in Quran.com WBW,,
47:4:35,ٱللَّهِ,English word meaning,(the) way of Allah,Allah,same word's meaning elsewhere in Quran.com WBW,,
47:7:1,يَٰٓأَيُّهَا,English word meaning,O you who believe,O you,same word's meaning elsewhere in Quran.com WBW,,
47:7:2,ٱلَّذِينَ,English word meaning,O you who believe,those who,same word's meaning elsewhere in Quran.com WBW,,
47:7:3,ءَامَنُوٓا۟,English word meaning,O you who believe,believe,same word's meaning elsewhere in Quran.com WBW,,
47:9:5,أَنزَلَ,English word meaning,Allah has revealed,has revealed,same word's meaning elsewhere in Quran.com WBW,,
47:9:6,ٱللَّهُ,English word meaning,Allah has revealed,Allah,same word's meaning elsewhere in Quran.com WBW,,
47:10:10,مِن,English word meaning,before them,from,split by hand from the translator's phrase,,
47:10:11,قَبْلِهِمْ,English word meaning,before them,before them,split by hand from the translator's phrase,,
47:10:12,دَمَّرَ,English word meaning,Allah destroyed,destroyed,split by hand from the translator's phrase,,
47:10:13,ٱللَّهُ,English word meaning,Allah destroyed,Allah,split by hand from the translator's phrase,,
47:15:35,كَمَنْ,English word meaning,like he who,like (the one) who,same word's meaning elsewhere in Quran.com WBW,,
47:15:36,هُوَ,English word meaning,like he who,He,same word's meaning elsewhere in Quran.com WBW,,
47:16:19,طَبَعَ,English word meaning,Allah has set a seal,(has) set a seal,same word's meaning elsewhere in Quran.com WBW,,
47:16:20,ٱللَّهُ,English word meaning,Allah has set a seal,Allah,same word's meaning elsewhere in Quran.com WBW,,
47:20:22,ٱلْمَغْشِىِّ,English word meaning,(of) one fainting,(of) one fainting,split by hand from the translator's phrase,,
47:20:23,عَلَيْهِ,English word meaning,(of) one fainting,[on him],split by hand from the translator's phrase,,
47:23:3,لَعَنَهُمُ,English word meaning,Allah has cursed them,has cursed them,split by hand from the translator's phrase,,
47:23:4,ٱللَّهُ,English word meaning,Allah has cursed them,Allah,split by hand from the translator's phrase,,
47:25:6,مِّنۢ,English word meaning,after,from,split by hand from the translator's phrase,,
47:25:7,بَعْدِ,English word meaning,after,after,split by hand from the translator's phrase,,
47:26:7,نَزَّلَ,English word meaning,Allah has revealed,revealed,same word's meaning elsewhere in Quran.com WBW,,
47:26:8,ٱللَّهُ,English word meaning,Allah has revealed,Allah,same word's meaning elsewhere in Quran.com WBW,,
47:29:9,يُخْرِجَ,English word meaning,will Allah bring forth,He brings forth,same word's meaning elsewhere in Quran.com WBW,,
47:29:10,ٱللَّهُ,English word meaning,will Allah bring forth,Allah,same word's meaning elsewhere in Quran.com WBW,,
47:32:6,سَبِيلِ,English word meaning,(the) way of Allah,(the) way,same word's meaning elsewhere in Quran.com WBW,,
47:32:7,ٱللَّهِ,English word meaning,(the) way of Allah,Allah,same word's meaning elsewhere in Quran.com WBW,,
47:32:10,مِنۢ,English word meaning,after,from,split by hand from the translator's phrase,,
47:32:11,بَعْدِ,English word meaning,after,after,split by hand from the translator's phrase,,
47:33:1,يَٰٓأَيُّهَا,English word meaning,O you who believe,O you,same word's meaning elsewhere in Quran.com WBW,,
47:33:2,ٱلَّذِينَ,English word meaning,O you who believe,those who,same word's meaning elsewhere in Quran.com WBW,,
47:33:3,ءَامَنُوٓا۟,English word meaning,O you who believe,believe,same word's meaning elsewhere in Quran.com WBW,,
47:34:13,يَغْفِرَ,English word meaning,will Allah forgive,will forgive,same word's meaning elsewhere in Quran.com WBW,,
47:34:14,ٱللَّهُ,English word meaning,will Allah forgive,Allah,same word's meaning elsewhere in Quran.com WBW,,
48:3:1,وَيَنصُرَكَ,English word meaning,And Allah may help you,And may help you,split by hand from the translator's phrase,,
48:3:2,ٱللَّهُ,English word meaning,And Allah may help you,Allah,split by hand from the translator's phrase,,
48:4:16,وَكَانَ,English word meaning,and Allah,And is,same word's meaning elsewhere in Quran.com WBW,,
48:4:17,ٱللَّهُ,English word meaning,and Allah,Allah,same word's meaning elsewhere in Quran.com WBW,,
48:6:13,وَغَضِبَ,English word meaning,and Allah's wrath (is),and (is) wrathful,split by hand from the translator's phrase,,
48:6:14,ٱللَّهُ,English word meaning,and Allah's wrath (is),Allah,split by hand from the translator's phrase,,
48:7:5,وَكَانَ,English word meaning,and Allah,And is,same word's meaning elsewhere in Quran.com WBW,,
48:7:6,ٱللَّهُ,English word meaning,and Allah,Allah,same word's meaning elsewhere in Quran.com WBW,,
48:12:11,وَزُيِّنَ,English word meaning,that was made fair-seeming,and was made fair-seeming,split by hand from the translator's phrase,,
48:12:12,ذَٰلِكَ,English word meaning,that was made fair-seeming,that,split by hand from the translator's phrase,,
48:13:2,لَّمْ,English word meaning,(has) not believed,not,same word's meaning elsewhere in Quran.com WBW,,
48:13:3,يُؤْمِنۢ,English word meaning,(has) not believed,believes,same word's meaning elsewhere in Quran.com WBW,,
48:15:19,قَالَ,English word meaning,Allah said,He said,same word's meaning elsewhere in Quran.com WBW,,
48:15:20,ٱللَّهُ,English word meaning,Allah said,Allah,same word's meaning elsewhere in Quran.com WBW,,
48:15:21,مِن,English word meaning,before,from,split by hand from the translator's phrase,,
48:15:22,قَبْلُ,English word meaning,before,before,split by hand from the translator's phrase,,
48:16:8,أُو۟لِى,English word meaning,possessors of military might,possessors,same word's meaning elsewhere in Quran.com WBW,,
48:16:9,بَأْسٍ,English word meaning,possessors of military might,(of) might,same word's meaning elsewhere in Quran.com WBW,,
48:16:16,يُؤْتِكُمُ,English word meaning,Allah will give you,He will give you,same word's meaning elsewhere in Quran.com WBW,,
48:16:17,ٱللَّهُ,English word meaning,Allah will give you,Allah,same word's meaning elsewhere in Quran.com WBW,,
48:16:24,مِّن,English word meaning,before,from,split by hand from the translator's phrase,,
48:16:25,قَبْلُ,English word meaning,before,before,split by hand from the translator's phrase,,
48:18:2,رَضِىَ,English word meaning,Allah was pleased,is pleased,same word's meaning elsewhere in Quran.com WBW,,
48:18:3,ٱللَّهُ,English word meaning,Allah was pleased,Allah,same word's meaning elsewhere in Quran.com WBW,,
48:20:1,وَعَدَكُمُ,English word meaning,Allah has promised you,promised you,same word's meaning elsewhere in Quran.com WBW,,
48:20:2,ٱللَّهُ,English word meaning,Allah has promised you,Allah,same word's meaning elsewhere in Quran.com WBW,,
48:21:6,أَحَاطَ,English word meaning,Allah encompassed,has encompassed,same word's meaning elsewhere in Quran.com WBW,,
48:21:7,ٱللَّهُ,English word meaning,Allah encompassed,Allah,same word's meaning elsewhere in Quran.com WBW,,
48:23:4,قَدْ,English word meaning,passed away,(that),split by hand from the translator's phrase,,
48:23:5,خَلَتْ,English word meaning,passed away,passed away,split by hand from the translator's phrase,,
48:23:6,مِن,English word meaning,before,from,split by hand from the translator's phrase,,
48:23:7,قَبْلُ,English word meaning,before,before,split by hand from the translator's phrase,,
48:23:10,لِسُنَّةِ,English word meaning,in (the) way of Allah,in (the) Way,same word's meaning elsewhere in Quran.com WBW,,
48:23:11,ٱللَّهِ,English word meaning,in (the) way of Allah,Allah,same word's meaning elsewhere in Quran.com WBW,,
48:24:10,مِنۢ,English word meaning,after,from,split by hand from the translator's phrase,,
48:24:11,بَعْدِ,English word meaning,after,after,split by hand from the translator's phrase,,
48:25:6,ٱلْمَسْجِدِ,English word meaning,Al-Masjid Al-Haraam,Al-Masjid,same word's meaning elsewhere in Quran.com WBW,,
48:25:7,ٱلْحَرَامِ,English word meaning,Al-Masjid Al-Haraam,Al-Haraam,same word's meaning elsewhere in Quran.com WBW,,
48:25:27,لِّيُدْخِلَ,English word meaning,That Allah may admit,That He may admit,same word's meaning elsewhere in Quran.com WBW,,
48:25:28,ٱللَّهُ,English word meaning,That Allah may admit,Allah,same word's meaning elsewhere in Quran.com WBW,,
48:26:10,فَأَنزَلَ,English word meaning,Then Allah sent down,so He sent down,same word's meaning elsewhere in Quran.com WBW,,
48:26:11,ٱللَّهُ,English word meaning,Then Allah sent down,Allah,same word's meaning elsewhere in Quran.com WBW,,
48:27:2,صَدَقَ,English word meaning,Allah has fulfilled,has fulfilled,split by hand from the translator's phrase,,
48:27:3,ٱللَّهُ,English word meaning,Allah has fulfilled,Allah,split by hand from the translator's phrase,,
48:27:8,ٱلْمَسْجِدَ,English word meaning,Al-Masjid Al-Haraam,Al-Masjid,split by hand from the translator's phrase,,
48:27:9,ٱلْحَرَامَ,English word meaning,Al-Masjid Al-Haraam,Al-Haraam,split by hand from the translator's phrase,,
48:27:11,شَآءَ,English word meaning,Allah wills,wills,same word's meaning elsewhere in Quran.com WBW,,
48:27:12,ٱللَّهُ,English word meaning,Allah wills,Allah,same word's meaning elsewhere in Quran.com WBW,,
48:27:24,مِن,English word meaning,besides,from,split by hand from the translator's phrase,,
48:27:25,دُونِ,English word meaning,besides,besides,split by hand from the translator's phrase,,
48:29:16,مِّنَ,English word meaning,from Allah,of,same word's meaning elsewhere in Quran.com WBW,,
48:29:17,ٱللَّهِ,English word meaning,from Allah,Allah,same word's meaning elsewhere in Quran.com WBW,,
48:29:45,وَعَدَ,English word meaning,Allah has promised,promised,same word's meaning elsewhere in Quran.com WBW,,
48:29:46,ٱللَّهُ,English word meaning,Allah has promised,Allah,same word's meaning elsewhere in Quran.com WBW,,
49:1:1,يَٰٓأَيُّهَا,English word meaning,O you who believe,O you,same word's meaning elsewhere in Quran.com WBW,,
49:1:2,ٱلَّذِينَ,English word meaning,O you who believe,those who,same word's meaning elsewhere in Quran.com WBW,,
49:1:3,ءَامَنُوا۟,English word meaning,O you who believe,believe,same word's meaning elsewhere in Quran.com WBW,,
49:1:6,بَيْنَ,English word meaning,before Allah,before,split by hand from the translator's phrase,,
49:1:7,يَدَىِ,English word meaning,before Allah,(the) hands,split by hand from the translator's phrase,,
49:1:8,ٱللَّهِ,English word meaning,before Allah,(of) Allah,split by hand from the translator's phrase,,
49:1:10,وَٱتَّقُوا۟,English word meaning,and fear Allah,And fear,same word's meaning elsewhere in Quran.com WBW,,
49:1:11,ٱللَّهَ,English word meaning,and fear Allah,Allah,same word's meaning elsewhere in Quran.com WBW,,
49:2:1,يَٰٓأَيُّهَا,English word meaning,O you who believe,O you,same word's meaning elsewhere in Quran.com WBW,,
49:2:2,ٱلَّذِينَ,English word meaning,O you who believe,those who,same word's meaning elsewhere in Quran.com WBW,,
49:2:3,ءَامَنُوا۟,English word meaning,O you who believe,believe,same word's meaning elsewhere in Quran.com WBW,,
49:3:6,رَسُولِ,English word meaning,(of the) Messenger of Allah ,(the) Messenger,same word's meaning elsewhere in Quran.com WBW,,
49:3:7,ٱللَّهِ,English word meaning,(of the) Messenger of Allah ,Allah,same word's meaning elsewhere in Quran.com WBW,,
49:3:10,ٱمْتَحَنَ,English word meaning,Allah has tested,has tested,split by hand from the translator's phrase,,
49:3:11,ٱللَّهُ,English word meaning,Allah has tested,Allah,split by hand from the translator's phrase,,
49:6:1,يَٰٓأَيُّهَا,English word meaning,O you who believe,O you,same word's meaning elsewhere in Quran.com WBW,,
49:6:2,ٱلَّذِينَ,English word meaning,O you who believe,those who,same word's meaning elsewhere in Quran.com WBW,,
49:6:3,ءَامَنُوٓا۟,English word meaning,O you who believe,believe,same word's meaning elsewhere in Quran.com WBW,,
49:7:4,رَسُولَ,English word meaning,(is the) Messenger of Allah,(the) Messenger,same word's meaning elsewhere in Quran.com WBW,,
49:7:5,ٱللَّهِ,English word meaning,(is the) Messenger of Allah,Allah,same word's meaning elsewhere in Quran.com WBW,,
49:8:2,مِّنَ,English word meaning,from Allah,of,same word's meaning elsewhere in Quran.com WBW,,
49:8:3,ٱللَّهِ,English word meaning,from Allah,Allah,same word's meaning elsewhere in Quran.com WBW,,
49:10:7,وَٱتَّقُوا۟,English word meaning,and fear Allah,And fear,same word's meaning elsewhere in Quran.com WBW,,
49:10:8,ٱللَّهَ,English word meaning,and fear Allah,Allah,same word's meaning elsewhere in Quran.com WBW,,
49:11:1,يَٰٓأَيُّهَا,English word meaning,O you who believe,O you,same word's meaning elsewhere in Quran.com WBW,,
49:11:2,ٱلَّذِينَ,English word meaning,O you who believe,those who,same word's meaning elsewhere in Quran.com WBW,,
49:11:3,ءَامَنُوا۟,English word meaning,O you who believe,believe,same word's meaning elsewhere in Quran.com WBW,,
49:12:1,يَٰٓأَيُّهَا,English word meaning,O you who believe,O you,same word's meaning elsewhere in Quran.com WBW,,
49:12:2,ٱلَّذِينَ,English word meaning,O you who believe,those who,same word's meaning elsewhere in Quran.com WBW,,
49:12:3,ءَامَنُوا۟,English word meaning,O you who believe,believe,same word's meaning elsewhere in Quran.com WBW,,
49:12:26,وَٱتَّقُوا۟,English word meaning,And fear Allah,And fear,same word's meaning elsewhere in Quran.com WBW,,
49:12:27,ٱللَّهَ,English word meaning,And fear Allah,Allah,same word's meaning elsewhere in Quran.com WBW,,
49:13:1,يَٰٓأَيُّهَا,English word meaning,O mankind,O you,same word's meaning elsewhere in Quran.com WBW,,
49:13:2,ٱلنَّاسُ,English word meaning,O mankind,mankind,same word's meaning elsewhere in Quran.com WBW,,
50:16:13,حَبْلِ,English word meaning,(his) jugular vein,(the) vein,split by hand from the translator's phrase,,
50:16:14,ٱلْوَرِيدِ,English word meaning,(his) jugular vein,(his) jugular,split by hand from the translator's phrase,,
50:37:10,أَلْقَى,English word meaning,(who) gives ear,(who) gives,split by hand from the translator's phrase,,
50:37:11,ٱلسَّمْعَ,English word meaning,(who) gives ear,ear,split by hand from the translator's phrase,,
51:16:3,ءَاتَىٰهُمْ,English word meaning,their Lord has given them,has given them,same word's meaning elsewhere in Quran.com WBW,,
51:16:4,رَبُّهُمْ,English word meaning,their Lord has given them,their Lord,same word's meaning elsewhere in Quran.com WBW,,
51:31:4,أَيُّهَا,English word meaning,O messengers,O,same word's meaning elsewhere in Quran.com WBW,,
51:31:5,ٱلْمُرْسَلُونَ,English word meaning,O messengers,the Messengers,same word's meaning elsewhere in Quran.com WBW,,
51:34:2,عِندَ,English word meaning,by your Lord,by,split by hand from the translator's phrase,,
51:34:3,رَبِّكَ,English word meaning,by your Lord,your Lord,split by hand from the translator's phrase,,
51:46:3,مِّن,English word meaning,before,from,split by hand from the translator's phrase,,
51:46:4,قَبْلُ,English word meaning,before,before,split by hand from the translator's phrase,,
51:52:5,مِن,English word meaning,before them,from,split by hand from the translator's phrase,,
51:52:6,قَبْلِهِم,English word meaning,before them,before them,split by hand from the translator's phrase,,
51:53:1,أَتَوَاصَوْا۟,English word meaning,Have they transmitted it to them,Have they transmitted to them,split by hand from the translator's phrase,,
51:53:2,بِهِۦ,English word meaning,Have they transmitted it to them,it,split by hand from the translator's phrase,,
51:59:8,فَلَا,English word meaning,so let them not ask Me to hasten,so (let) not,split by hand from the translator's phrase,,
51:59:9,يَسْتَعْجِلُونِ,English word meaning,so let them not ask Me to hasten,them ask Me to hasten,split by hand from the translator's phrase,,
52:15:1,أَفَسِحْرٌ,English word meaning,Then is this magic,Then is magic,split by hand from the translator's phrase,,
52:15:2,هَٰذَآ,English word meaning,Then is this magic,this,split by hand from the translator's phrase,,
52:27:1,فَمَنَّ,English word meaning,But Allah conferred favor,then conferred favor,same word's meaning elsewhere in Quran.com WBW,,
52:27:2,ٱللَّهُ,English word meaning,But Allah conferred favor,Allah,same word's meaning elsewhere in Quran.com WBW,,
52:28:3,مِن,English word meaning,before,from,split by hand from the translator's phrase,,
52:28:4,قَبْلُ,English word meaning,before,before,split by hand from the translator's phrase,,
52:30:6,رَيْبَ,English word meaning,a misfortune of time,a misfortune,split by hand from the translator's phrase,,
52:30:7,ٱلْمَنُونِ,English word meaning,a misfortune of time,of time,split by hand from the translator's phrase,,
52:35:4,غَيْرِ,English word meaning,nothing,not,split by hand from the translator's phrase,,
52:35:5,شَىْءٍ,English word meaning,nothing,anything,split by hand from the translator's phrase,,
53:6:1,ذُو,English word meaning,Possessor of soundness,Possessor,split by hand from the translator's phrase,,
53:6:2,مِرَّةٍ,English word meaning,Possessor of soundness,of soundness,split by hand from the translator's phrase,,
53:23:9,أَنزَلَ,English word meaning,has Allah sent down,has sent down,split by hand from the translator's phrase,,
53:23:10,ٱللَّهُ,English word meaning,has Allah sent down,Allah,split by hand from the translator's phrase,,
53:26:11,مِنۢ,English word meaning,after,from,split by hand from the translator's phrase,,
53:26:12,بَعْدِ,English word meaning,after,after,split by hand from the translator's phrase,,
53:26:14,يَأْذَنَ,English word meaning,Allah has given permission,has given permission,split by hand from the translator's phrase,,
53:26:15,ٱللَّهُ,English word meaning,Allah has given permission,Allah,split by hand from the translator's phrase,,
53:32:13,أَعْلَمُ,English word meaning,(is) most knowing about you,(is) most knowing,split by hand from the translator's phrase,,
53:32:14,بِكُمْ,English word meaning,(is) most knowing about you,about you,split by hand from the translator's phrase,,
53:52:3,مِّن,English word meaning,before,from,split by hand from the translator's phrase,,
53:52:4,قَبْلُ,English word meaning,before,before,split by hand from the translator's phrase,,
53:52:6,كَانُوا۟,English word meaning,they were,they,split by hand from the translator's phrase,,
53:52:7,هُمْ,English word meaning,they were,were,split by hand from the translator's phrase,,
53:58:3,مِن,English word meaning,besides,from,split by hand from the translator's phrase,,
53:58:4,دُونِ,English word meaning,besides,besides,split by hand from the translator's phrase,,
54:4:5,مَا,English word meaning,wherein,wherein,split by hand from the translator's phrase,,
54:4:6,فِيهِ,English word meaning,wherein,[in it],split by hand from the translator's phrase,,
54:13:3,ذَاتِ,English word meaning,(ark) made of planks,(ark) made,split by hand from the translator's phrase,,
54:13:4,أَلْوَٰحٍ,English word meaning,(ark) made of planks,of planks,split by hand from the translator's phrase,,
54:37:2,رَٰوَدُوهُ,English word meaning,they demanded from him,they demanded,split by hand from the translator's phrase,,
54:37:3,عَن,English word meaning,they demanded from him,from him,split by hand from the translator's phrase,,
55:56:2,قَٰصِرَٰتُ,English word meaning,(will be) companions of modest gaze,(will be) companions of modest,split by hand from the translator's phrase,,
55:56:3,ٱلطَّرْفِ,English word meaning,(will be) companions of modest gaze,gaze,split by hand from the translator's phrase,,
55:62:1,وَمِن,English word meaning,Besides these two,And from,split by hand from the translator's phrase,,
55:62:2,دُونِهِمَا,English word meaning,Besides these two,besides these two,split by hand from the translator's phrase,,
56:26:3,سَلَٰمًا,English word meaning,Peace,Peace,same word's meaning elsewhere in Quran.com WBW,,
56:26:4,سَلَٰمًا,English word meaning,Peace,Peace,same word's meaning elsewhere in Quran.com WBW,,
56:51:3,أَيُّهَا,English word meaning,O those astray,O,same word's meaning elsewhere in Quran.com WBW,,
56:51:4,ٱلضَّآلُّونَ,English word meaning,O those astray,(are) those who have gone astray,same word's meaning elsewhere in Quran.com WBW,,
56:70:5,فَلَوْلَا,English word meaning,then why are you not grateful,So if not,same word's meaning elsewhere in Quran.com WBW,,
56:70:6,تَشْكُرُونَ,English word meaning,then why are you not grateful,(be) grateful,same word's meaning elsewhere in Quran.com WBW,,
56:85:6,لَّا,English word meaning,you (do) not see,not,same word's meaning elsewhere in Quran.com WBW,,
56:85:7,تُبْصِرُونَ,English word meaning,you (do) not see,you see,same word's meaning elsewhere in Quran.com WBW,,
57:4:30,أَيْنَ,English word meaning,wherever,wherever,split by hand from the translator's phrase,,
57:4:31,مَا,English word meaning,wherever,[that],split by hand from the translator's phrase,,
57:6:11,بِذَاتِ,English word meaning,of what is in the breasts,of what,same word's meaning elsewhere in Quran.com WBW,,
57:6:12,ٱلصُّدُورِ,English word meaning,of what is in the breasts,(is in) the breasts,same word's meaning elsewhere in Quran.com WBW,,
57:10:17,مِن,English word meaning,before,from,split by hand from the translator's phrase,,
57:10:18,قَبْلِ,English word meaning,before,before,split by hand from the translator's phrase,,
57:10:27,مِنۢ,English word meaning,afterwards,from,split by hand from the translator's phrase,,
57:10:28,بَعْدُ,English word meaning,afterwards,afterwards,split by hand from the translator's phrase,,
57:10:31,وَعَدَ,English word meaning,Allah has promised,promised,same word's meaning elsewhere in Quran.com WBW,,
57:10:32,ٱللَّهُ,English word meaning,Allah has promised,Allah,same word's meaning elsewhere in Quran.com WBW,,
57:11:2,ذَا,English word meaning,the one who,the one,split by hand from the translator's phrase,,
57:11:3,ٱلَّذِى,English word meaning,the one who,who,split by hand from the translator's phrase,,
57:12:7,بَيْنَ,English word meaning,before them,before,split by hand from the translator's phrase,,
57:12:8,أَيْدِيهِمْ,English word meaning,before them,them,split by hand from the translator's phrase,,
57:13:25,مِن,English word meaning,facing towards [it],from,split by hand from the translator's phrase,,
57:13:26,قِبَلِهِ,English word meaning,facing towards [it],facing towards [it],split by hand from the translator's phrase,,
57:16:8,لِذِكْرِ,English word meaning,at (the) remembrance (of) Allah,at (the) remembrance,split by hand from the translator's phrase,,
57:16:9,ٱللَّهِ,English word meaning,at (the) remembrance (of) Allah,(of) Allah,split by hand from the translator's phrase,,
57:16:19,مِن,English word meaning,before,from,split by hand from the translator's phrase,,
57:16:20,قَبْلُ,English word meaning,before,before,split by hand from the translator's phrase,,
57:21:23,ذُو,English word meaning,(is) the Possessor of Bounty,(is the) Possessor,same word's meaning elsewhere in Quran.com WBW,,
57:21:24,ٱلْفَضْلِ,English word meaning,(is) the Possessor of Bounty,(of) Bounty,same word's meaning elsewhere in Quran.com WBW,,
57:22:13,مِّن,English word meaning,before,from,split by hand from the translator's phrase,,
57:22:14,قَبْلِ,English word meaning,before,before,split by hand from the translator's phrase,,
57:25:19,وَلِيَعْلَمَ,English word meaning,and so that Allah may make evident,[and] so that makes evident,same word's meaning elsewhere in Quran.com WBW,,
57:25:20,ٱللَّهُ,English word meaning,and so that Allah may make evident,Allah,same word's meaning elsewhere in Quran.com WBW,,
57:28:1,يَٰٓأَيُّهَا,English word meaning,O you who believe,O you,same word's meaning elsewhere in Quran.com WBW,,
57:28:2,ٱلَّذِينَ,English word meaning,O you who believe,those who,same word's meaning elsewhere in Quran.com WBW,,
57:28:3,ءَامَنُوا۟,English word meaning,O you who believe,believe,same word's meaning elsewhere in Quran.com WBW,,
57:29:14,بِيَدِ,English word meaning,(is) in Allah's Hand,(is) in Hand,split by hand from the translator's phrase,,
57:29:15,ٱللَّهِ,English word meaning,(is) in Allah's Hand,Allah's,split by hand from the translator's phrase,,
57:29:20,ذُو,English word meaning,(is) the Possessor of Bounty,(is the) Possessor,same word's meaning elsewhere in Quran.com WBW,,
57:29:21,ٱلْفَضْلِ,English word meaning,(is) the Possessor of Bounty,(of) Bounty,same word's meaning elsewhere in Quran.com WBW,,
58:1:2,سَمِعَ,English word meaning,Allah has heard,heard,same word's meaning elsewhere in Quran.com WBW,,
58:1:3,ٱللَّهُ,English word meaning,Allah has heard,Allah,same word's meaning elsewhere in Quran.com WBW,,
58:3:11,مِّن,English word meaning,before,from,split by hand from the translator's phrase,,
58:3:12,قَبْلِ,English word meaning,before,before,split by hand from the translator's phrase,,
58:4:7,مِن,English word meaning,before,from,split by hand from the translator's phrase,,
58:4:8,قَبْلِ,English word meaning,before,before,split by hand from the translator's phrase,,
58:5:10,مِن,English word meaning,before them,from,split by hand from the translator's phrase,,
58:5:11,قَبْلِهِمْ,English word meaning,before them,before them,split by hand from the translator's phrase,,
58:6:2,يَبْعَثُهُمُ,English word meaning,(when) Allah will raise them,will resurrect them,same word's meaning elsewhere in Quran.com WBW,,
58:6:3,ٱللَّهُ,English word meaning,(when) Allah will raise them,Allah,same word's meaning elsewhere in Quran.com WBW,,
58:6:8,أَحْصَىٰهُ,English word meaning,Allah has recorded it,has recorded it,split by hand from the translator's phrase,,
58:6:9,ٱللَّهُ,English word meaning,Allah has recorded it,Allah,split by hand from the translator's phrase,,
58:7:34,أَيْنَ,English word meaning,wherever,wherever,split by hand from the translator's phrase,,
58:7:35,مَا,English word meaning,wherever,[that],split by hand from the translator's phrase,,
58:8:30,يُعَذِّبُنَا,English word meaning,Allah punish us,punish us,split by hand from the translator's phrase,,
58:8:31,ٱللَّهُ,English word meaning,Allah punish us,Allah,split by hand from the translator's phrase,,
58:9:1,يَٰٓأَيُّهَا,English word meaning,O you who believe,O you,same word's meaning elsewhere in Quran.com WBW,,
58:9:2,ٱلَّذِينَ,English word meaning,O you who believe,those who,same word's meaning elsewhere in Quran.com WBW,,
58:9:3,ءَامَنُوٓا۟,English word meaning,O you who believe,believe,same word's meaning elsewhere in Quran.com WBW,,
58:10:12,بِإِذْنِ,English word meaning,by Allah's permission,by (the) permission,split by hand from the translator's phrase,,
58:10:13,ٱللَّهِ,English word meaning,by Allah's permission,(of) Allah,split by hand from the translator's phrase,,
58:11:1,يَٰٓأَيُّهَا,English word meaning,O you who believe,O you,same word's meaning elsewhere in Quran.com WBW,,
58:11:2,ٱلَّذِينَ,English word meaning,O you who believe,those who,same word's meaning elsewhere in Quran.com WBW,,
58:11:3,ءَامَنُوٓا۟,English word meaning,O you who believe,believe,same word's meaning elsewhere in Quran.com WBW,,
58:11:11,يَفْسَحِ,English word meaning,Allah will make room,will make room,split by hand from the translator's phrase,,
58:11:12,ٱللَّهُ,English word meaning,Allah will make room,Allah,split by hand from the translator's phrase,,
58:11:18,يَرْفَعِ,English word meaning,Allah will raise,will raise,split by hand from the translator's phrase,,
58:11:19,ٱللَّهُ,English word meaning,Allah will raise,Allah,split by hand from the translator's phrase,,
58:12:1,يَٰٓأَيُّهَا,English word meaning,O you who believe,O you,same word's meaning elsewhere in Quran.com WBW,,
58:12:2,ٱلَّذِينَ,English word meaning,O you who believe,those who,same word's meaning elsewhere in Quran.com WBW,,
58:12:3,ءَامَنُوٓا۟,English word meaning,O you who believe,believe,same word's meaning elsewhere in Quran.com WBW,,
58:12:8,بَيْنَ,English word meaning,before,before,split by hand from the translator's phrase,,
58:12:9,يَدَىْ,English word meaning,before,ahead of,split by hand from the translator's phrase,,
58:13:4,بَيْنَ,English word meaning,before,before,split by hand from the translator's phrase,,
58:13:5,يَدَىْ,English word meaning,before,ahead of,split by hand from the translator's phrase,,
58:13:9,لَمْ,English word meaning,you do not,not,same word's meaning elsewhere in Quran.com WBW,,
58:13:10,تَفْعَلُوا۟,English word meaning,you do not,you do,same word's meaning elsewhere in Quran.com WBW,,
58:13:11,وَتَابَ,English word meaning,and Allah has forgiven,and has forgiven,split by hand from the translator's phrase,,
58:13:12,ٱللَّهُ,English word meaning,and Allah has forgiven,Allah,split by hand from the translator's phrase,,
58:14:10,مَّا,English word meaning,They (are) not,not,split by hand from the translator's phrase,,
58:14:11,هُم,English word meaning,They (are) not,They (are),split by hand from the translator's phrase,,
58:15:1,أَعَدَّ,English word meaning,Allah has prepared,has prepared,same word's meaning elsewhere in Quran.com WBW,,
58:15:2,ٱللَّهُ,English word meaning,Allah has prepared,Allah,same word's meaning elsewhere in Quran.com WBW,,
58:16:6,سَبِيلِ,English word meaning,(the) way of Allah,(the) way,same word's meaning elsewhere in Quran.com WBW,,
58:16:7,ٱللَّهِ,English word meaning,(the) way of Allah,Allah,same word's meaning elsewhere in Quran.com WBW,,
58:18:2,يَبْعَثُهُمُ,English word meaning,Allah will raise them,will resurrect them,same word's meaning elsewhere in Quran.com WBW,,
58:18:3,ٱللَّهُ,English word meaning,Allah will raise them,Allah,same word's meaning elsewhere in Quran.com WBW,,
58:21:1,كَتَبَ,English word meaning,Allah has decreed,He has decreed,same word's meaning elsewhere in Quran.com WBW,,
58:21:2,ٱللَّهُ,English word meaning,Allah has decreed,Allah,same word's meaning elsewhere in Quran.com WBW,,
58:22:1,لَّا,English word meaning,You will not find,not,same word's meaning elsewhere in Quran.com WBW,,
58:22:2,تَجِدُ,English word meaning,You will not find,will find,same word's meaning elsewhere in Quran.com WBW,,
58:22:38,رَضِىَ,English word meaning,Allah is pleased,is pleased,same word's meaning elsewhere in Quran.com WBW,,
58:22:39,ٱللَّهُ,English word meaning,Allah is pleased,Allah,same word's meaning elsewhere in Quran.com WBW,,
