id,corpus_tags,occurrences,example_word,urdu_title,urdu_explanation,approved (Y/N),correction
10,P|CONJ|PREF,8694,1:5:3,حرفِ عطف,جوڑتا ہے (اور / پھر / یا),,
3,P|DET|PREF,8377,1:1:3,ال,حرفِ تعریف (اسم کو معرفہ بناتا ہے),,
19,P|P,7673,1:7:4,حرفِ جر,اس کے بعد والا اسم مجرور ہوتا ہے,,
20,N|PRON|SUFF|3MP,7366,1:7:4,ضمیر,ضمیرِ متصل — لفظ کے آخر میں جڑی ہوئی | جمع مذکر غائب — وہ سب,,
0,P|P|PREF,5317,1:1:1,حرفِ جر,اس کے بعد والا اسم مجرور ہوتا ہے,,
71,N|PRON|SUFF|2MP,4643,2:11:5,ضمیر,ضمیرِ متصل — لفظ کے آخر میں جڑی ہوئی | جمع مذکر حاضر — تم سب,,
1,N|M|GEN,3082,1:1:1,اسم,مذکر | مجرور — حرفِ جر کے بعد یا مضاف الیہ,,
34,P|REM|PREF,2925,2:3:6,حرفِ استئناف,نئی بات شروع کرتا ہے,,
29,N|PRON|SUFF|3MS,2727,2:2:5,ضمیر,ضمیرِ متصل — لفظ کے آخر میں جڑی ہوئی | واحد مذکر غائب — وہ (ایک مرد),,
22,P|NEG,2600,1:7:8,حرفِ نفی,نہیں,,
13,N|PRON|SUFF|1P,2347,1:6:1,ضمیر,ضمیرِ متصل — لفظ کے آخر میں جڑی ہوئی | جمع متکلم — ہم,,
44,P|ACC|FAM:إِنّ,2292,2:6:1,حرفِ نصب,بعد والے اسم یا فعل کو منصوب کرتا ہے | إنّ اور اس کے اخوات — اسم کو منصوب اور خبر کو مرفوع کرتے ہیں,,
14,N|M|ACC,2174,1:6:2,اسم,مذکر | منصوب — عموماً مفعول، حال، یا إنّ کا اسم,,
35,N|REL,2125,2:3:6,اسمِ موصول (جو / جس نے),,,
49,V|PERF|VF:1|3MS,2040,2:7:1,فعلِ ماضی — گزرا ہوا کام,ثلاثی مجرد (فَعَلَ) | واحد مذکر غائب — وہ (ایک مرد),,
5,N|M|NOM,1710,1:2:1,اسم,مذکر | مرفوع — عموماً فاعل، مبتدا یا خبر,,
65,N|M|INDEF|ACC,1619,2:10:6,اسم,مذکر | منصوب — عموماً مفعول، حال، یا إنّ کا اسم | نکرہ — غیر معین,,
2,N|PN|GEN,1385,1:1:2,عَلَم (خاص نام),مجرور — حرفِ جر کے بعد یا مضاف الیہ,,
18,N|PRON|SUFF|2MS,1299,1:7:3,ضمیر,ضمیرِ متصل — لفظ کے آخر میں جڑی ہوئی | واحد مذکر حاضر — تُو (ایک مرد),,
149,N|PRON|SUFF|1S,1239,2:30:5,ضمیر,ضمیرِ متصل — لفظ کے آخر میں جڑی ہوئی | واحد متکلم — میں,,
42,N|M|INDEF|GEN,1205,2:5:3,اسم,مذکر | مجرور — حرفِ جر کے بعد یا مضاف الیہ | نکرہ — غیر معین,,
6,N|MP|GEN,1131,1:2:4,اسم,مذکر، جمع | مجرور — حرفِ جر کے بعد یا مضاف الیہ,,
113,N|PRON|3MS,1126,2:22:13,ضمیر,ضمیرِ منفصل — الگ لکھی ہوئی | واحد مذکر غائب — وہ (ایک مرد),,
45,V|PERF|VF:1|3MP,1104,2:6:3,فعلِ ماضی — گزرا ہوا کام,ثلاثی مجرد (فَعَلَ) | جمع مذکر غائب — وہ سب,,
16,N|REL|MP,1080,1:7:2,اسمِ موصول (جو / جس نے),مذکر، جمع,,
50,N|PN|NOM,1072,2:7:2,عَلَم (خاص نام),مرفوع — عموماً فاعل، مبتدا یا خبر,,
125,N|PRON|SUFF|3FS,1062,2:24:9,ضمیر,ضمیرِ متصل — لفظ کے آخر میں جڑی ہوئی | واحد مؤنث غائب — وہ (ایک عورت),,
72,N|F|GEN,1001,2:11:7,اسم,مؤنث | مجرور — حرفِ جر کے بعد یا مضاف الیہ,,
106,P|EMPH|PREF,1001,2:20:17,لامِ تاکید,یقیناً، ضرور,,
62,V|IMPF|VF:1|3MP|MOOD:IND,975,2:9:6,فعلِ مضارع — حال یا مستقبل کا کام,ثلاثی مجرد (فَعَلَ) | جمع مذکر غائب — وہ سب | مرفوع (عام حالت),,
54,V|IMPF|VF:1|3MS|MOOD:IND,974,2:8:4,فعلِ مضارع — حال یا مستقبل کا کام,ثلاثی مجرد (فَعَلَ) | واحد مذکر غائب — وہ (ایک مرد) | مرفوع (عام حالت),,
67,N|T,947,2:11:1,ظرفِ زمان (وقت بتاتا ہے),,,
40,N|PRON|3MP,907,2:4:11,ضمیر,ضمیرِ منفصل — الگ لکھی ہوئی | جمع مذکر غائب — وہ سب,,
30,N|M|INDEF|NOM,850,2:2:6,اسم,مذکر | مرفوع — عموماً فاعل، مبتدا یا خبر | نکرہ — غیر معین,,
105,P|COND,810,2:20:14,حرفِ شرط,اگر,,
47,P|CONJ,756,2:6:7,حرفِ عطف,جوڑتا ہے (اور / پھر / یا),,
51,N|FP|GEN,734,2:7:4,اسم,مؤنث، جمع | مجرور — حرفِ جر کے بعد یا مضاف الیہ,,
25,N|DEM|MS,710,2:2:1,اسمِ اشارہ (یہ / وہ),مذکر، واحد,,
101,N|MP|ACC,694,2:19:10,اسم,مذکر، جمع | منصوب — عموماً مفعول، حال، یا إنّ کا اسم,,
60,N|PN|ACC,691,2:9:2,عَلَم (خاص نام),منصوب — عموماً مفعول، حال، یا إنّ کا اسم,,
81,N|MP|NOM,689,2:13:7,اسم,مذکر، جمع | مرفوع — عموماً فاعل، مبتدا یا خبر,,
27,P|ADDR|SUFF|M,682,2:2:1,حرفِ خطاب,مخاطب کی طرف اشارہ,,
79,P|SUB,671,2:13:5,حرفِ مصدری,بعد والے فعل کو مصدر کے معنی دیتا ہے (کہ),,
12,V|IMPV|VF:1|2MS,670,1:6:1,فعلِ امر — حکم,ثلاثی مجرد (فَعَلَ) | واحد مذکر حاضر — تُو (ایک مرد),,
38,N|GEN,635,2:4:9,اسم,مجرور — حرفِ جر کے بعد یا مضاف الیہ,,
84,N|LOC|ACC,576,2:14:13,ظرفِ مکان (جگہ بتاتا ہے),منصوب — عموماً مفعول، حال، یا إنّ کا اسم,,
63,P|RES,557,2:9:7,حرفِ حصر,صرف / ہی,,
112,N|PRON|2MP,536,2:22:3,ضمیر,ضمیرِ منفصل — الگ لکھی ہوئی | جمع مذکر حاضر — تم سب,,
26,P|DIST|SUFF,531,2:2:1,لامِ بُعد,دوری کا اشارہ,,
33,N|F|ACC,519,2:3:5,اسم,مؤنث | منصوب — عموماً مفعول، حال، یا إنّ کا اسم,,
157,N|MS|NOM,511,2:32:11,اسم,مذکر، واحد | مرفوع — عموماً فاعل، مبتدا یا خبر,,
36,V|PERF|VF:1|1P,510,2:3:7,فعلِ ماضی — گزرا ہوا کام,ثلاثی مجرد (فَعَلَ) | جمع متکلم — ہم,,
82,N|INTG|PREF,507,2:13:9,اسمِ استفہام (سوالیہ),,,
164,V|PERF|VF:1|FAM:كَان|3MS,495,2:34:11,فعلِ ماضی — گزرا ہوا کام,ثلاثی مجرد (فَعَلَ) | کانَ اور اس کے اخوات (افعالِ ناقصہ) — اسم مرفوع، خبر منصوب | واحد مذکر غائب — وہ (ایک مرد),,
80,V|PERF|VF:4|3MS,485,2:13:6,فعلِ ماضی — گزرا ہوا کام,بابِ افعال (أَفْعَلَ) — اکثر کسی کو کچھ کروانا | واحد مذکر غائب — وہ (ایک مرد),,
116,V|IMPF|VF:1|2MP|MOOD:IND,476,2:22:23,فعلِ مضارع — حال یا مستقبل کا کام,ثلاثی مجرد (فَعَلَ) | جمع مذکر حاضر — تم سب | مرفوع (عام حالت),,
110,V|IMPV|VF:1|2MP,454,2:21:3,فعلِ امر — حکم,ثلاثی مجرد (فَعَلَ) | جمع مذکر حاضر — تم سب,,
55,V|PERF|VF:4|1P,442,2:8:5,فعلِ ماضی — گزرا ہوا کام,بابِ افعال (أَفْعَلَ) — اکثر کسی کو کچھ کروانا | جمع متکلم — ہم,,
53,N|MS|INDEF|NOM|ADJ,427,2:7:12,اسمِ صفت,صفت (نعت) — پہلے اسم کی خوبی بیان کرتا ہے | مذکر، واحد | مرفوع — عموماً فاعل، مبتدا یا خبر | نکرہ — غیر معین,,
217,P|CERT,415,2:60:14,حرفِ تحقیق (قَدْ),یقیناً / تحقیق,,
61,V|PERF|VF:4|3MP,386,2:9:4,فعلِ ماضی — گزرا ہوا کام,بابِ افعال (أَفْعَلَ) — اکثر کسی کو کچھ کروانا | جمع مذکر غائب — وہ سب,,
90,N|F|NOM,385,2:16:8,اسم,مؤنث | مرفوع — عموماً فاعل، مبتدا یا خبر,,
148,N|MS|INDEF|NOM,374,2:29:19,اسم,مذکر، واحد | مرفوع — عموماً فاعل، مبتدا یا خبر | نکرہ — غیر معین,,
107,P|VOC|PREF,361,2:21:1,حرفِ ندا,اے,,
141,V|IMPF|VF:4|3MS|MOOD:IND,353,2:26:29,فعلِ مضارع — حال یا مستقبل کا کام,بابِ افعال (أَفْعَلَ) — اکثر کسی کو کچھ کروانا | واحد مذکر غائب — وہ (ایک مرد) | مرفوع (عام حالت),,
119,P|RSLT|PREF,350,2:23:9,جوابِ شرط کا حرف,تو,,
94,N|F|INDEF|ACC,347,2:17:5,اسم,مؤنث | منصوب — عموماً مفعول، حال، یا إنّ کا اسم | نکرہ — غیر معین,,
69,P|PRO,332,2:11:4,حرفِ نہی,نہ کرو,,
132,P|ATT|PREF,330,2:25:20,حرفِ تنبیہ,سنو / خبردار,,
191,N|MS|INDEF|ACC|ADJ,330,2:41:16,اسمِ صفت,صفت (نعت) — پہلے اسم کی خوبی بیان کرتا ہے | مذکر، واحد | منصوب — عموماً مفعول، حال، یا إنّ کا اسم | نکرہ — غیر معین,,
253,P|PRP|PREF,319,2:76:18,لامِ تعلیل,تاکہ / کی خاطر,,
136,N|ACT_PCPL|VF:1|MP|NOM,318,2:25:34,اسمِ فاعل,کام کرنے والا | مذکر، جمع | مرفوع — عموماً فاعل، مبتدا یا خبر,,
89,V|PERF|VF:1|3FS,314,2:16:7,فعلِ ماضی — گزرا ہوا کام,ثلاثی مجرد (فَعَلَ) | واحد مؤنث غائب — وہ (ایک عورت),,
23,N|ACT_PCPL|VF:1|MP|GEN,305,1:7:9,اسمِ فاعل,کام کرنے والا | مذکر، جمع | مجرور — حرفِ جر کے بعد یا مضاف الیہ,,
92,N|REL|MS,304,2:17:3,اسمِ موصول (جو / جس نے),مذکر، واحد,,
142,N|MS|INDEF|ACC,300,2:26:31,اسم,مذکر، واحد | منصوب — عموماً مفعول، حال، یا إنّ کا اسم | نکرہ — غیر معین,,
56,P|CIRC|PREF,293,2:8:9,واوِ حالیہ,اس حال میں کہ,,
121,N|ACT_PCPL|VF:1|MP|ACC,280,2:23:20,اسمِ فاعل,کام کرنے والا | مذکر، جمع | منصوب — عموماً مفعول، حال، یا إنّ کا اسم,,
66,V|PERF|VF:1|FAM:كَان|3MP,272,2:10:11,فعلِ ماضی — گزرا ہوا کام,ثلاثی مجرد (فَعَلَ) | کانَ اور اس کے اخوات (افعالِ ناقصہ) — اسم مرفوع، خبر منصوب | جمع مذکر غائب — وہ سب,,
39,N|FS|GEN,268,2:4:10,اسم,مؤنث، واحد | مجرور — حرفِ جر کے بعد یا مضاف الیہ,,
147,N|PRON|SUFF|3FP,267,2:29:13,ضمیر,ضمیرِ متصل — لفظ کے آخر میں جڑی ہوئی | جمع مؤنث غائب — وہ سب (عورتیں),,
32,V|IMPF|VF:4|3MP|MOOD:IND,263,2:3:2,فعلِ مضارع — حال یا مستقبل کا کام,بابِ افعال (أَفْعَلَ) — اکثر کسی کو کچھ کروانا | جمع مذکر غائب — وہ سب | مرفوع (عام حالت),,
120,N|F|INDEF|GEN,258,2:23:10,اسم,مؤنث | مجرور — حرفِ جر کے بعد یا مضاف الیہ | نکرہ — غیر معین,,
41,N|DEM|P,254,2:5:1,اسمِ اشارہ (یہ / وہ),,,
315,V|IMPF|VF:1|3MS|MOOD:JUS,244,2:121:11,فعلِ مضارع — حال یا مستقبل کا کام,ثلاثی مجرد (فَعَلَ) | واحد مذکر غائب — وہ (ایک مرد) | مجزوم — لَمْ، لائے نہی، لامِ امر یا شرط کی وجہ سے,,
181,P|EMPH|SUFF,243,2:38:6,لامِ تاکید,یقیناً، ضرور,,
137,V|IMPF|VF:1|3MS|MOOD:SUBJ,236,2:26:6,فعلِ مضارع — حال یا مستقبل کا کام,ثلاثی مجرد (فَعَلَ) | واحد مذکر غائب — وہ (ایک مرد) | منصوب — أَنْ، لَنْ، کَيْ وغیرہ کی وجہ سے,,
64,N|FP|ACC,235,2:9:8,اسم,مؤنث، جمع | منصوب — عموماً مفعول، حال، یا إنّ کا اسم,,
146,V|PERF|VF:2|3MS,223,2:29:13,فعلِ ماضی — گزرا ہوا کام,بابِ تفعیل (فَعَّلَ) — اکثر شدت یا کسی سے کام کروانا | واحد مذکر غائب — وہ (ایک مرد),,
9,V|IMPF|VF:1|1P|MOOD:IND,218,1:5:2,فعلِ مضارع — حال یا مستقبل کا کام,ثلاثی مجرد (فَعَلَ) | جمع متکلم — ہم | مرفوع (عام حالت),,
182,N|COND,216,2:38:9,اسمِ شرط,,,
140,N|INTG,215,2:26:24,اسمِ استفہام (سوالیہ),,,
76,P|SUP|PREF,214,2:12:5,حرفِ زائد,تاکید کے لیے,,
158,N|MS|NOM|ADJ,214,2:32:12,اسمِ صفت,صفت (نعت) — پہلے اسم کی خوبی بیان کرتا ہے | مذکر، واحد | مرفوع — عموماً فاعل، مبتدا یا خبر,,
248,N|FP|NOM,214,2:74:3,اسم,مؤنث، جمع | مرفوع — عموماً فاعل، مبتدا یا خبر,,
159,N|PN|M|NOM,211,2:33:2,عَلَم (خاص نام),مذکر | مرفوع — عموماً فاعل، مبتدا یا خبر,,
189,N|MS|ACC,209,2:41:9,اسم,مذکر، واحد | منصوب — عموماً مفعول، حال، یا إنّ کا اسم,,
52,N|F|INDEF|NOM,208,2:7:9,اسم,مؤنث | مرفوع — عموماً فاعل، مبتدا یا خبر | نکرہ — غیر معین,,
130,V|IMPF|VF:1|3FS|MOOD:IND,208,2:25:9,فعلِ مضارع — حال یا مستقبل کا کام,ثلاثی مجرد (فَعَلَ) | واحد مؤنث غائب — وہ (ایک عورت) | مرفوع (عام حالت),,
117,V|PERF|VF:1|FAM:كَان|2MP,203,2:23:2,فعلِ ماضی — گزرا ہوا کام,ثلاثی مجرد (فَعَلَ) | کانَ اور اس کے اخوات (افعالِ ناقصہ) — اسم مرفوع، خبر منصوب | جمع مذکر حاضر — تم سب,,
163,N|PN|M|GEN,200,2:34:5,عَلَم (خاص نام),مذکر | مجرور — حرفِ جر کے بعد یا مضاف الیہ,,
204,V|PERF|VF:1|2MP,199,2:54:7,فعلِ ماضی — گزرا ہوا کام,ثلاثی مجرد (فَعَلَ) | جمع مذکر حاضر — تم سب,,
108,N|ACC,198,2:21:1,اسم,منصوب — عموماً مفعول، حال، یا إنّ کا اسم,,
115,N|MP|INDEF|ACC,190,2:22:21,اسم,مذکر، جمع | منصوب — عموماً مفعول، حال، یا إنّ کا اسم | نکرہ — غیر معین,,
235,N|PRON|3FS,189,2:68:8,ضمیر,ضمیرِ منفصل — الگ لکھی ہوئی | واحد مؤنث غائب — وہ (ایک عورت),,
175,N|PRON|SUFF|3D,179,2:36:1,ضمیر,ضمیرِ متصل — لفظ کے آخر میں جڑی ہوئی | تثنیہ غائب — وہ دونوں,,
58,N|ACT_PCPL|VF:4|MP|GEN,178,2:8:11,اسمِ فاعل,کام کرنے والا | مذکر، جمع | مجرور — حرفِ جر کے بعد یا مضاف الیہ,,
263,N|MS|GEN,178,2:83:12,اسم,مذکر، واحد | مجرور — حرفِ جر کے بعد یا مضاف الیہ,,
74,N|PRON|1P,176,2:11:10,ضمیر,ضمیرِ منفصل — الگ لکھی ہوئی | جمع متکلم — ہم,,
213,N|ACT_PCPL|VF:4|MP|ACC,175,2:58:20,اسمِ فاعل,کام کرنے والا | مذکر، جمع | منصوب — عموماً مفعول، حال، یا إنّ کا اسم,,
153,V|IMPF|VF:1|1S|MOOD:IND,171,2:30:25,فعلِ مضارع — حال یا مستقبل کا کام,ثلاثی مجرد (فَعَلَ) | واحد متکلم — میں | مرفوع (عام حالت),,
78,V|IMPV|VF:4|2MP,169,2:13:4,فعلِ امر — حکم,بابِ افعال (أَفْعَلَ) — اکثر کسی کو کچھ کروانا | جمع مذکر حاضر — تم سب,,
68,V|PERF|VF:1|PASS|3MS,165,2:11:2,فعلِ ماضی — گزرا ہوا کام,مجہول — کام کرنے والے کا ذکر نہیں | ثلاثی مجرد (فَعَلَ) | واحد مذکر غائب — وہ (ایک مرد),,
114,V|IMPF|VF:1|2MP|MOOD:JUS,164,2:22:19,فعلِ مضارع — حال یا مستقبل کا کام,ثلاثی مجرد (فَعَلَ) | جمع مذکر حاضر — تم سب | مجزوم — لَمْ، لائے نہی، لامِ امر یا شرط کی وجہ سے,,
8,N|PRON|2MS,163,1:5:1,ضمیر,ضمیرِ منفصل — الگ لکھی ہوئی | واحد مذکر حاضر — تُو (ایک مرد),,
219,N|MS|INDEF|GEN|ADJ,163,2:61:8,اسمِ صفت,صفت (نعت) — پہلے اسم کی خوبی بیان کرتا ہے | مذکر، واحد | مجرور — حرفِ جر کے بعد یا مضاف الیہ | نکرہ — غیر معین,,
73,P|PREV,162,2:11:9,حرفِ کافّہ,پچھلے حرف کا عمل روک دیتا ہے,,
118,V|PERF|VF:2|1P,162,2:23:6,فعلِ ماضی — گزرا ہوا کام,بابِ تفعیل (فَعَّلَ) — اکثر شدت یا کسی سے کام کروانا | جمع متکلم — ہم,,
145,V|PERF|VF:8|3MS,158,2:29:10,فعلِ ماضی — گزرا ہوا کام,بابِ افتعال (افْتَعَلَ) | واحد مذکر غائب — وہ (ایک مرد),,
109,P|ATT|SUFF,154,2:21:1,حرفِ تنبیہ,سنو / خبردار,,
186,N|PRON|1S,151,2:40:12,ضمیر,ضمیرِ منفصل — الگ لکھی ہوئی | واحد متکلم — میں,,
310,V|IMPF|VF:2|3MS|MOOD:IND,145,2:118:6,فعلِ مضارع — حال یا مستقبل کا کام,بابِ تفعیل (فَعَّلَ) — اکثر شدت یا کسی سے کام کروانا | واحد مذکر غائب — وہ (ایک مرد) | مرفوع (عام حالت),,
151,V|IMPF|VF:1|2MS|MOOD:IND,144,2:30:11,فعلِ مضارع — حال یا مستقبل کا کام,ثلاثی مجرد (فَعَلَ) | واحد مذکر حاضر — تُو (ایک مرد) | مرفوع (عام حالت),,
154,N|PN|M|ACC,144,2:31:2,عَلَم (خاص نام),مذکر | منصوب — عموماً مفعول، حال، یا إنّ کا اسم,,
43,N|ACT_PCPL|VF:4|MP|NOM,143,2:5:8,اسمِ فاعل,کام کرنے والا | مذکر، جمع | مرفوع — عموماً فاعل، مبتدا یا خبر,,
4,N|MS|GEN|ADJ,131,1:1:3,اسمِ صفت,صفت (نعت) — پہلے اسم کی خوبی بیان کرتا ہے | مذکر، واحد | مجرور — حرفِ جر کے بعد یا مضاف الیہ,,
123,V|IMPV|VF:8|2MP,131,2:24:6,فعلِ امر — حکم,بابِ افتعال (افْتَعَلَ) | جمع مذکر حاضر — تم سب,,
88,V|PERF|VF:8|3MP,126,2:16:3,فعلِ ماضی — گزرا ہوا کام,بابِ افتعال (افْتَعَلَ) | جمع مذکر غائب — وہ سب,,
244,V|PERF|VF:1|2MS,125,2:71:19,فعلِ ماضی — گزرا ہوا کام,ثلاثی مجرد (فَعَلَ) | واحد مذکر حاضر — تُو (ایک مرد),,
277,P|RET,122,2:88:4,حرفِ اضراب,بلکہ,,
167,N|PRON|SUFF|2D,120,2:35:7,ضمیر,ضمیرِ متصل — لفظ کے آخر میں جڑی ہوئی | تثنیہ حاضر — تم دونوں,,
212,P|FUT|PREF,119,2:58:19,حرفِ استقبال,عنقریب,,
224,V|IMPF|VF:8|3MP|MOOD:IND,119,2:61:59,فعلِ مضارع — حال یا مستقبل کا کام,بابِ افتعال (افْتَعَلَ) | جمع مذکر غائب — وہ سب | مرفوع (عام حالت),,
243,N|T|ACC,114,2:71:18,ظرفِ زمان (وقت بتاتا ہے),منصوب — عموماً مفعول، حال، یا إنّ کا اسم,,
297,V|IMPF|VF:1|2MS|MOOD:JUS,113,2:102:34,فعلِ مضارع — حال یا مستقبل کا کام,ثلاثی مجرد (فَعَلَ) | واحد مذکر حاضر — تُو (ایک مرد) | مجزوم — لَمْ، لائے نہی، لامِ امر یا شرط کی وجہ سے,,
518,V|IMPF|VF:1|3MP|MOOD:JUS,113,3:100:11,فعلِ مضارع — حال یا مستقبل کا کام,ثلاثی مجرد (فَعَلَ) | جمع مذکر غائب — وہ سب | مجزوم — لَمْ، لائے نہی، لامِ امر یا شرط کی وجہ سے,,
122,V|IMPF|VF:1|2MP|MOOD:SUBJ,110,2:24:5,فعلِ مضارع — حال یا مستقبل کا کام,ثلاثی مجرد (فَعَلَ) | جمع مذکر حاضر — تم سب | منصوب — أَنْ، لَنْ، کَيْ وغیرہ کی وجہ سے,,
160,V|IMPV|VF:4|2MS,110,2:33:3,فعلِ امر — حکم,بابِ افعال (أَفْعَلَ) — اکثر کسی کو کچھ کروانا | واحد مذکر حاضر — تُو (ایک مرد),,
279,V|IMPF|VF:1|3MP|MOOD:SUBJ,110,2:90:6,فعلِ مضارع — حال یا مستقبل کا کام,ثلاثی مجرد (فَعَلَ) | جمع مذکر غائب — وہ سب | منصوب — أَنْ، لَنْ، کَيْ وغیرہ کی وجہ سے,,
301,N|MS|INDEF|GEN,110,2:105:14,اسم,مذکر، واحد | مجرور — حرفِ جر کے بعد یا مضاف الیہ | نکرہ — غیر معین,,
155,P|EXP,105,2:32:6,حرفِ استثناء,سوائے / مگر,,
37,V|PERF|VF:4|PASS|3MS,104,2:4:4,فعلِ ماضی — گزرا ہوا کام,مجہول — کام کرنے والے کا ذکر نہیں | بابِ افعال (أَفْعَلَ) — اکثر کسی کو کچھ کروانا | واحد مذکر غائب — وہ (ایک مرد),,
97,N|FP|INDEF|GEN,104,2:17:15,اسم,مؤنث، جمع | مجرور — حرفِ جر کے بعد یا مضاف الیہ | نکرہ — غیر معین,,
196,N|FS|INDEF|GEN,104,2:48:7,اسم,مؤنث، واحد | مجرور — حرفِ جر کے بعد یا مضاف الیہ | نکرہ — غیر معین,,
150,N|ACT_PCPL|VF:1|M|INDEF|NOM,97,2:30:6,اسمِ فاعل,کام کرنے والا | مذکر | مرفوع — عموماً فاعل، مبتدا یا خبر | نکرہ — غیر معین,,
218,N|MP|INDEF|GEN,97,2:60:17,اسم,مذکر، جمع | مجرور — حرفِ جر کے بعد یا مضاف الیہ | نکرہ — غیر معین,,
144,V|IMPF|VF:1|PASS|2MP|MOOD:IND,96,2:28:13,فعلِ مضارع — حال یا مستقبل کا کام,مجہول — کام کرنے والے کا ذکر نہیں | ثلاثی مجرد (فَعَلَ) | جمع مذکر حاضر — تم سب | مرفوع (عام حالت),,
162,V|IMPF|VF:4|2MP|MOOD:IND,96,2:33:19,فعلِ مضارع — حال یا مستقبل کا کام,بابِ افعال (أَفْعَلَ) — اکثر کسی کو کچھ کروانا | جمع مذکر حاضر — تم سب | مرفوع (عام حالت),,
227,N|ACT_PCPL|VF:1|M|INDEF|ACC,96,2:62:14,اسمِ فاعل,کام کرنے والا | مذکر | منصوب — عموماً مفعول، حال، یا إنّ کا اسم | نکرہ — غیر معین,,
83,V|IMPF|VF:4|1P|MOOD:IND,95,2:13:9,فعلِ مضارع — حال یا مستقبل کا کام,بابِ افعال (أَفْعَلَ) — اکثر کسی کو کچھ کروانا | جمع متکلم — ہم | مرفوع (عام حالت),,
220,V|IMPF|VF:4|3MS|MOOD:JUS,94,2:61:12,فعلِ مضارع — حال یا مستقبل کا کام,بابِ افعال (أَفْعَلَ) — اکثر کسی کو کچھ کروانا | واحد مذکر غائب — وہ (ایک مرد) | مجزوم — لَمْ، لائے نہی، لامِ امر یا شرط کی وجہ سے,,
99,N|MP|INDEF|NOM,93,2:18:3,اسم,مذکر، جمع | مرفوع — عموماً فاعل، مبتدا یا خبر | نکرہ — غیر معین,,
387,P|INTG,93,2:210:1,حرفِ استفہام,کیا؟,,
198,V|IMPF|VF:1|PASS|3MP|MOOD:IND,92,2:48:19,فعلِ مضارع — حال یا مستقبل کا کام,مجہول — کام کرنے والے کا ذکر نہیں | ثلاثی مجرد (فَعَلَ) | جمع مذکر غائب — وہ سب | مرفوع (عام حالت),,
208,N|FS|NOM,92,2:55:12,اسم,مؤنث، واحد | مرفوع — عموماً فاعل، مبتدا یا خبر,,
172,N|DEM|FS,90,2:35:14,اسمِ اشارہ (یہ / وہ),مؤنث، واحد,,
258,V|IMPF|VF:4|3MS|MOOD:SUBJ,90,2:80:14,فعلِ مضارع — حال یا مستقبل کا کام,بابِ افعال (أَفْعَلَ) — اکثر کسی کو کچھ کروانا | واحد مذکر غائب — وہ (ایک مرد) | منصوب — أَنْ، لَنْ، کَيْ وغیرہ کی وجہ سے,,
183,V|PERF|VF:2|3MP,89,2:39:3,فعلِ ماضی — گزرا ہوا کام,بابِ تفعیل (فَعَّلَ) — اکثر شدت یا کسی سے کام کروانا | جمع مذکر غائب — وہ سب,,
173,P|CAUS|PREF,88,2:35:16,حرفِ سببیت,تو، اس لیے,,
271,N|T|M|ACC,87,2:85:39,ظرفِ زمان (وقت بتاتا ہے),مذکر | منصوب — عموماً مفعول، حال، یا إنّ کا اسم,,
449,V|PERF|VF:1|1S,86,2:259:27,فعلِ ماضی — گزرا ہوا کام,ثلاثی مجرد (فَعَلَ) | واحد متکلم — میں,,
87,N|VN|VF:1|M|GEN,84,2:15:6,مصدر,کام کا نام | مذکر | مجرور — حرفِ جر کے بعد یا مضاف الیہ,,
246,N|FS|INDEF|ACC,82,2:72:3,اسم,مؤنث، واحد | منصوب — عموماً مفعول، حال، یا إنّ کا اسم | نکرہ — غیر معین,,
616,V|PERF|VF:1|FAM:كَان|1P,82,4:97:11,فعلِ ماضی — گزرا ہوا کام,ثلاثی مجرد (فَعَلَ) | کانَ اور اس کے اخوات (افعالِ ناقصہ) — اسم مرفوع، خبر منصوب | جمع متکلم — ہم,,
200,V|IMPF|VF:10|3MP|MOOD:IND,81,2:49:11,فعلِ مضارع — حال یا مستقبل کا کام,بابِ استفعال (اسْتَفْعَلَ) — اکثر طلب کرنا | جمع مذکر غائب — وہ سب | مرفوع (عام حالت),,
127,V|IMPV|VF:2|2MS,79,2:25:1,فعلِ امر — حکم,بابِ تفعیل (فَعَّلَ) — اکثر شدت یا کسی سے کام کروانا | واحد مذکر حاضر — تُو (ایک مرد),,
327,N|FS|ACC,78,2:130:9,اسم,مؤنث، واحد | منصوب — عموماً مفعول، حال، یا إنّ کا اسم,,
366,P|IMPV|PREF,78,2:185:17,لامِ امر,چاہیے کہ,,
323,N|NOM,74,2:126:30,اسم,مرفوع — عموماً فاعل، مبتدا یا خبر,,
103,N|ACT_PCPL|VF:4|M|INDEF|NOM,69,2:19:18,اسمِ فاعل,کام کرنے والا | مذکر | مرفوع — عموماً فاعل، مبتدا یا خبر | نکرہ — غیر معین,,
139,P|EXL,69,2:26:12,حرفِ تفصیل (أَمَّا),رہا / جہاں تک,,
124,N|REL|FS,68,2:24:8,اسمِ موصول (جو / جس نے),مؤنث، واحد,,
129,N|FP|INDEF|ACC,66,2:25:8,اسم,مؤنث، جمع | منصوب — عموماً مفعول، حال، یا إنّ کا اسم | نکرہ — غیر معین,,
77,P|AMD,65,2:12:5,حرفِ استدراک,لیکن,,
214,N|VN|VF:1|M|INDEF|ACC,65,2:59:4,مصدر,کام کا نام | مذکر | منصوب — عموماً مفعول، حال، یا إنّ کا اسم | نکرہ — غیر معین,,
250,N|ACT_PCPL|VF:1|M|INDEF|GEN,65,2:74:35,اسمِ فاعل,کام کرنے والا | مذکر | مجرور — حرفِ جر کے بعد یا مضاف الیہ | نکرہ — غیر معین,,
265,V|PERF|VF:4|2MP,64,2:84:13,فعلِ ماضی — گزرا ہوا کام,بابِ افعال (أَفْعَلَ) — اکثر کسی کو کچھ کروانا | جمع مذکر حاضر — تم سب,,
179,V|PERF|VF:5|3MS,63,2:37:1,فعلِ ماضی — گزرا ہوا کام,بابِ تفعّل (تَفَعَّلَ) — اکثر خود پر اثر لینا | واحد مذکر غائب — وہ (ایک مرد),,
197,V|IMPF|VF:1|PASS|3MS|MOOD:IND,60,2:48:10,فعلِ مضارع — حال یا مستقبل کا کام,مجہول — کام کرنے والے کا ذکر نہیں | ثلاثی مجرد (فَعَلَ) | واحد مذکر غائب — وہ (ایک مرد) | مرفوع (عام حالت),,
543,N|MD|NOM,60,3:155:7,اسم,مذکر، تثنیہ (دو) | مرفوع — عموماً فاعل، مبتدا یا خبر,,
586,N|PASS_PCPL|VF:1|M|INDEF|ACC,60,4:47:28,اسمِ مفعول,جس پر کام ہوا | مذکر | منصوب — عموماً مفعول، حال، یا إنّ کا اسم | نکرہ — غیر معین,,
207,V|IMPF|VF:1|1P|MOOD:SUBJ,59,2:55:8,فعلِ مضارع — حال یا مستقبل کا کام,ثلاثی مجرد (فَعَلَ) | جمع متکلم — ہم | منصوب — أَنْ، لَنْ، کَيْ وغیرہ کی وجہ سے,,
282,V|PERF|VF:4|PASS|3MP,59,2:93:15,فعلِ ماضی — گزرا ہوا کام,مجہول — کام کرنے والے کا ذکر نہیں | بابِ افعال (أَفْعَلَ) — اکثر کسی کو کچھ کروانا | جمع مذکر غائب — وہ سب,,
259,P|ANS,58,2:81:1,حرفِ جواب,ہاں / ضرور,,
619,N|ACT_PCPL|VF:1|FP|GEN,58,4:124:4,اسمِ فاعل,کام کرنے والا | مؤنث، جمع | مجرور — حرفِ جر کے بعد یا مضاف الیہ,,
28,P|NEG|FAM:إِنّ,57,2:2:3,حرفِ نفی,نہیں | إنّ اور اس کے اخوات — اسم کو منصوب اور خبر کو مرفوع کرتے ہیں,,
152,V|IMPF|VF:2|1P|MOOD:IND,57,2:30:19,فعلِ مضارع — حال یا مستقبل کا کام,بابِ تفعیل (فَعَّلَ) — اکثر شدت یا کسی سے کام کروانا | جمع متکلم — ہم | مرفوع (عام حالت),,
169,N|LOC,57,2:35:10,ظرفِ مکان (جگہ بتاتا ہے),,,
111,V|IMPF|VF:8|2MP|MOOD:IND,56,2:21:11,فعلِ مضارع — حال یا مستقبل کا کام,بابِ افتعال (افْتَعَلَ) | جمع مذکر حاضر — تم سب | مرفوع (عام حالت),,
316,N|ACT_PCPL|VF:1|M|NOM,56,2:124:9,اسمِ فاعل,کام کرنے والا | مذکر | مرفوع — عموماً فاعل، مبتدا یا خبر,,
70,V|IMPF|VF:4|2MP|MOOD:JUS,55,2:11:5,فعلِ مضارع — حال یا مستقبل کا کام,بابِ افعال (أَفْعَلَ) — اکثر کسی کو کچھ کروانا | جمع مذکر حاضر — تم سب | مجزوم — لَمْ، لائے نہی، لامِ امر یا شرط کی وجہ سے,,
256,V|IMPF|VF:1|3FS|MOOD:SUBJ,55,2:80:3,فعلِ مضارع — حال یا مستقبل کا کام,ثلاثی مجرد (فَعَلَ) | واحد مؤنث غائب — وہ (ایک عورت) | منصوب — أَنْ، لَنْ، کَيْ وغیرہ کی وجہ سے,,
260,N|PN|F|GEN,55,2:82:7,عَلَم (خاص نام),مؤنث | مجرور — حرفِ جر کے بعد یا مضاف الیہ,,
298,V|IMPF|VF:5|3MP|MOOD:IND,53,2:102:35,فعلِ مضارع — حال یا مستقبل کا کام,بابِ تفعّل (تَفَعَّلَ) — اکثر خود پر اثر لینا | جمع مذکر غائب — وہ سب | مرفوع (عام حالت),,
362,N|ACT_PCPL|VF:4|M|INDEF|GEN,53,2:182:4,اسمِ فاعل,کام کرنے والا | مذکر | مجرور — حرفِ جر کے بعد یا مضاف الیہ | نکرہ — غیر معین,,
497,N|PRON|SUFF|2FS,53,3:42:7,ضمیر,ضمیرِ متصل — لفظ کے آخر میں جڑی ہوئی | واحد مؤنث حاضر — تُو (ایک عورت),,
193,N|FS|INDEF|NOM,51,2:45:5,اسم,مؤنث، واحد | مرفوع — عموماً فاعل، مبتدا یا خبر | نکرہ — غیر معین,,
368,V|IMPF|VF:4|1S|MOOD:IND,51,2:186:7,فعلِ مضارع — حال یا مستقبل کا کام,بابِ افعال (أَفْعَلَ) — اکثر کسی کو کچھ کروانا | واحد متکلم — میں | مرفوع (عام حالت),,
540,P|INC,51,3:152:8,حرفِ ابتداء,,,
587,V|IMPF|VF:1|2MS|MOOD:SUBJ,51,4:52:9,فعلِ مضارع — حال یا مستقبل کا کام,ثلاثی مجرد (فَعَلَ) | واحد مذکر حاضر — تُو (ایک مرد) | منصوب — أَنْ، لَنْ، کَيْ وغیرہ کی وجہ سے,,
131,V|PERF|VF:1|PASS|3MP,50,2:25:14,فعلِ ماضی — گزرا ہوا کام,مجہول — کام کرنے والے کا ذکر نہیں | ثلاثی مجرد (فَعَلَ) | جمع مذکر غائب — وہ سب,,
201,P|ADDR|SUFF|MP,50,2:49:14,حرفِ خطاب,مخاطب کی طرف اشارہ,,
394,V|PERF|VF:10|3MP,50,2:217:37,فعلِ ماضی — گزرا ہوا کام,بابِ استفعال (اسْتَفْعَلَ) — اکثر طلب کرنا | جمع مذکر غائب — وہ سب,,
450,N|,50,2:259:52,اسم,,,
7,N|ACT_PCPL|VF:1|M|GEN,49,1:4:1,اسمِ فاعل,کام کرنے والا | مذکر | مجرور — حرفِ جر کے بعد یا مضاف الیہ,,
455,N|VN|VF:2|M|INDEF|ACC,49,2:265:8,مصدر,کام کا نام | مذکر | منصوب — عموماً مفعول، حال، یا إنّ کا اسم | نکرہ — غیر معین,,
59,V|IMPF|VF:3|3MP|MOOD:IND,47,2:9:1,فعلِ مضارع — حال یا مستقبل کا کام,بابِ مفاعلہ (فاعَلَ) — اکثر دوسرے کے ساتھ مل کر کام | جمع مذکر غائب — وہ سب | مرفوع (عام حالت),,
317,P|INT,47,2:125:16,حرفِ تفسیر,یعنی,,
100,N|FP|INDEF|NOM,46,2:19:6,اسم,مؤنث، جمع | مرفوع — عموماً فاعل، مبتدا یا خبر | نکرہ — غیر معین,,
102,N|VN|VF:1|M|ACC,46,2:19:15,مصدر,کام کا نام | مذکر | منصوب — عموماً مفعول، حال، یا إنّ کا اسم,,
216,N|FD|NOM,46,2:60:11,اسم,مؤنث، تثنیہ (دو) | مرفوع — عموماً فاعل، مبتدا یا خبر,,
261,N|MD|GEN,46,2:83:10,اسم,مذکر، تثنیہ (دو) | مجرور — حرفِ جر کے بعد یا مضاف الیہ,,
31,N|ACT_PCPL|VF:8|MP|GEN,45,2:2:7,اسمِ فاعل,کام کرنے والا | مذکر، جمع | مجرور — حرفِ جر کے بعد یا مضاف الیہ,,
292,V|PERF|VF:3|3MP,45,2:100:2,فعلِ ماضی — گزرا ہوا کام,بابِ مفاعلہ (فاعَلَ) — اکثر دوسرے کے ساتھ مل کر کام | جمع مذکر غائب — وہ سب,,
274,V|IMPF|VF:1|3FS|MOOD:JUS,44,2:87:22,فعلِ مضارع — حال یا مستقبل کا کام,ثلاثی مجرد (فَعَلَ) | واحد مؤنث غائب — وہ (ایک عورت) | مجزوم — لَمْ، لائے نہی، لامِ امر یا شرط کی وجہ سے,,
190,V|IMPF|VF:8|2MP|MOOD:JUS,42,2:41:13,فعلِ مضارع — حال یا مستقبل کا کام,بابِ افتعال (افْتَعَلَ) | جمع مذکر حاضر — تم سب | مجزوم — لَمْ، لائے نہی، لامِ امر یا شرط کی وجہ سے,,
270,N|FS|GEN|ADJ,42,2:85:38,اسمِ صفت,صفت (نعت) — پہلے اسم کی خوبی بیان کرتا ہے | مؤنث، واحد | مجرور — حرفِ جر کے بعد یا مضاف الیہ,,
288,N|T|M|INDEF|ACC,42,2:95:3,ظرفِ زمان (وقت بتاتا ہے),مذکر | منصوب — عموماً مفعول، حال، یا إنّ کا اسم | نکرہ — غیر معین,,
335,V|PERF|VF:1|FAM:كَان|2MS,42,2:143:17,فعلِ ماضی — گزرا ہوا کام,ثلاثی مجرد (فَعَلَ) | کانَ اور اس کے اخوات (افعالِ ناقصہ) — اسم مرفوع، خبر منصوب | واحد مذکر حاضر — تُو (ایک مرد),,
444,V|PERF|VF:3|3MS,42,2:249:31,فعلِ ماضی — گزرا ہوا کام,بابِ مفاعلہ (فاعَلَ) — اکثر دوسرے کے ساتھ مل کر کام | واحد مذکر غائب — وہ (ایک مرد),,
580,P|FUT,42,4:30:6,حرفِ استقبال,عنقریب,,
302,V|IMPF|VF:8|3MS|MOOD:IND,41,2:105:18,فعلِ مضارع — حال یا مستقبل کا کام,بابِ افتعال (افْتَعَلَ) | واحد مذکر غائب — وہ (ایک مرد) | مرفوع (عام حالت),,
305,N|VN|VF:4|M|GEN,41,2:108:14,مصدر,کام کا نام | مذکر | مجرور — حرفِ جر کے بعد یا مضاف الیہ,,
309,P|EXH,41,2:118:5,حرفِ تحضیض,کیوں نہیں (ترغیب),,
93,V|PERF|VF:10|3MS,40,2:17:4,فعلِ ماضی — گزرا ہوا کام,بابِ استفعال (اسْتَفْعَلَ) — اکثر طلب کرنا | واحد مذکر غائب — وہ (ایک مرد),,
264,N|P|GEN,40,2:83:14,اسم,مجرور — حرفِ جر کے بعد یا مضاف الیہ,,
283,V|PERF|VF:1|FAM:كَان|3FS,40,2:94:3,فعلِ ماضی — گزرا ہوا کام,ثلاثی مجرد (فَعَلَ) | کانَ اور اس کے اخوات (افعالِ ناقصہ) — اسم مرفوع، خبر منصوب | واحد مؤنث غائب — وہ (ایک عورت),,
412,N|PASS_PCPL|VF:1|M|INDEF|GEN,40,2:229:4,اسمِ مفعول,جس پر کام ہوا | مذکر | مجرور — حرفِ جر کے بعد یا مضاف الیہ | نکرہ — غیر معین,,
489,N|ACT_PCPL|VF:1|M|ACC,40,3:26:3,اسمِ فاعل,کام کرنے والا | مذکر | منصوب — عموماً مفعول، حال، یا إنّ کا اسم,,
598,P|SUR,40,4:77:17,حرفِ مفاجات,اچانک,,
57,P|NEG|FAM:كَان,39,2:8:9,حرفِ نفی,نہیں | کانَ اور اس کے اخوات (افعالِ ناقصہ) — اسم مرفوع، خبر منصوب,,
75,P|ATT,39,2:12:1,حرفِ تنبیہ,سنو / خبردار,,
95,V|PERF|VF:4|3FS,39,2:17:7,فعلِ ماضی — گزرا ہوا کام,بابِ افعال (أَفْعَلَ) — اکثر کسی کو کچھ کروانا | واحد مؤنث غائب — وہ (ایک عورت),,
128,N|ACT_PCPL|VF:1|FP|ACC,39,2:25:5,اسمِ فاعل,کام کرنے والا | مؤنث، جمع | منصوب — عموماً مفعول، حال، یا إنّ کا اسم,,
184,V|PERF|VF:4|1S,39,2:40:6,فعلِ ماضی — گزرا ہوا کام,بابِ افعال (أَفْعَلَ) — اکثر کسی کو کچھ کروانا | واحد متکلم — میں,,
223,V|PERF|VF:1|PASS|3FS,39,2:61:37,فعلِ ماضی — گزرا ہوا کام,مجہول — کام کرنے والے کا ذکر نہیں | ثلاثی مجرد (فَعَلَ) | واحد مؤنث غائب — وہ (ایک عورت),,
378,V|IMPF|VF:1|FAM:كَان|3MS|MOOD:JUS,39,2:196:62,فعلِ مضارع — حال یا مستقبل کا کام,ثلاثی مجرد (فَعَلَ) | کانَ اور اس کے اخوات (افعالِ ناقصہ) — اسم مرفوع، خبر منصوب | واحد مذکر غائب — وہ (ایک مرد) | مجزوم — لَمْ، لائے نہی، لامِ امر یا شرط کی وجہ سے,,
424,N|ACT_PCPL|VF:1|F|INDEF|NOM,39,2:233:24,اسمِ فاعل,کام کرنے والا | مؤنث | مرفوع — عموماً فاعل، مبتدا یا خبر | نکرہ — غیر معین,,
735,N|INTG|GEN,39,7:185:19,اسمِ استفہام (سوالیہ),مجرور — حرفِ جر کے بعد یا مضاف الیہ,,
762,N|PASS_PCPL|VF:4|MP|NOM,39,9:106:2,اسمِ مفعول,جس پر کام ہوا | مذکر، جمع | مرفوع — عموماً فاعل، مبتدا یا خبر,,
177,N|PRON|SUFF|3MD,38,2:36:6,ضمیر,ضمیرِ متصل — لفظ کے آخر میں جڑی ہوئی | تثنیہ مذکر غائب — وہ دونوں,,
199,V|IMPF|VF:2|3MP|MOOD:IND,38,2:49:9,فعلِ مضارع — حال یا مستقبل کا کام,بابِ تفعیل (فَعَّلَ) — اکثر شدت یا کسی سے کام کروانا | جمع مذکر غائب — وہ سب | مرفوع (عام حالت),,
251,V|IMPF|VF:4|3MP|MOOD:SUBJ,38,2:75:3,فعلِ مضارع — حال یا مستقبل کا کام,بابِ افعال (أَفْعَلَ) — اکثر کسی کو کچھ کروانا | جمع مذکر غائب — وہ سب | منصوب — أَنْ، لَنْ، کَيْ وغیرہ کی وجہ سے,,
21,N|PASS_PCPL|VF:1|M|GEN,37,1:7:6,اسمِ مفعول,جس پر کام ہوا | مذکر | مجرور — حرفِ جر کے بعد یا مضاف الیہ,,
383,N|VN|VF:1|M|NOM,37,2:204:5,مصدر,کام کا نام | مذکر | مرفوع — عموماً فاعل، مبتدا یا خبر,,
594,V|IMPF|VF:1|1S|MOOD:SUBJ,37,4:73:16,فعلِ مضارع — حال یا مستقبل کا کام,ثلاثی مجرد (فَعَلَ) | واحد متکلم — میں | منصوب — أَنْ، لَنْ، کَيْ وغیرہ کی وجہ سے,,
289,V|PERF|VF:2|3FS,36,2:95:5,فعلِ ماضی — گزرا ہوا کام,بابِ تفعیل (فَعَّلَ) — اکثر شدت یا کسی سے کام کروانا | واحد مؤنث غائب — وہ (ایک عورت),,
391,V|PERF|VF:2|PASS|3MS,36,2:212:1,فعلِ ماضی — گزرا ہوا کام,مجہول — کام کرنے والے کا ذکر نہیں | بابِ تفعیل (فَعَّلَ) — اکثر شدت یا کسی سے کام کروانا | واحد مذکر غائب — وہ (ایک مرد),,
451,V|IMPF|VF:4|2MS|MOOD:IND,35,2:260:7,فعلِ مضارع — حال یا مستقبل کا کام,بابِ افعال (أَفْعَلَ) — اکثر کسی کو کچھ کروانا | واحد مذکر حاضر — تُو (ایک مرد) | مرفوع (عام حالت),,
96,N|LOC|M|ACC,34,2:17:9,ظرفِ مکان (جگہ بتاتا ہے),مذکر | منصوب — عموماً مفعول، حال، یا إنّ کا اسم,,
280,V|IMPF|VF:2|3MS|MOOD:SUBJ,34,2:90:12,فعلِ مضارع — حال یا مستقبل کا کام,بابِ تفعیل (فَعَّلَ) — اکثر شدت یا کسی سے کام کروانا | واحد مذکر غائب — وہ (ایک مرد) | منصوب — أَنْ، لَنْ، کَيْ وغیرہ کی وجہ سے,,
143,V|IMPF|VF:1|PASS|3MS|MOOD:SUBJ,33,2:27:14,فعلِ مضارع — حال یا مستقبل کا کام,مجہول — کام کرنے والے کا ذکر نہیں | ثلاثی مجرد (فَعَلَ) | واحد مذکر غائب — وہ (ایک مرد) | منصوب — أَنْ، لَنْ، کَيْ وغیرہ کی وجہ سے,,
230,N|ACT_PCPL|VF:1|MP|ACC|ADJ,33,2:65:12,اسمِ فاعل,کام کرنے والا | صفت (نعت) — پہلے اسم کی خوبی بیان کرتا ہے | مذکر، جمع | منصوب — عموماً مفعول، حال، یا إنّ کا اسم,,
234,V|IMPF|VF:2|3MS|MOOD:JUS,33,2:68:5,فعلِ مضارع — حال یا مستقبل کا کام,بابِ تفعیل (فَعَّلَ) — اکثر شدت یا کسی سے کام کروانا | واحد مذکر غائب — وہ (ایک مرد) | مجزوم — لَمْ، لائے نہی، لامِ امر یا شرط کی وجہ سے,,
241,N|ACT_PCPL|VF:8|MP|NOM,33,2:70:17,اسمِ فاعل,کام کرنے والا | مذکر، جمع | مرفوع — عموماً فاعل، مبتدا یا خبر,,
249,V|IMPF|VF:5|3MS|MOOD:IND,33,2:74:16,فعلِ مضارع — حال یا مستقبل کا کام,بابِ تفعّل (تَفَعَّلَ) — اکثر خود پر اثر لینا | واحد مذکر غائب — وہ (ایک مرد) | مرفوع (عام حالت),,
367,V|IMPF|VF:4|2MP|MOOD:SUBJ,33,2:185:36,فعلِ مضارع — حال یا مستقبل کا کام,بابِ افعال (أَفْعَلَ) — اکثر کسی کو کچھ کروانا | جمع مذکر حاضر — تم سب | منصوب — أَنْ، لَنْ، کَيْ وغیرہ کی وجہ سے,,
389,N|INTG|ACC,33,2:211:4,اسمِ استفہام (سوالیہ),منصوب — عموماً مفعول، حال، یا إنّ کا اسم,,
875,P|AVR,33,19:79:1,حرفِ ردع,ہرگز نہیں,,
210,V|IMPF|VF:1|1P|MOOD:JUS,32,2:58:16,فعلِ مضارع — حال یا مستقبل کا کام,ثلاثی مجرد (فَعَلَ) | جمع متکلم — ہم | مجزوم — لَمْ، لائے نہی، لامِ امر یا شرط کی وجہ سے,,
284,N|FS|NOM|ADJ,32,2:94:6,اسمِ صفت,صفت (نعت) — پہلے اسم کی خوبی بیان کرتا ہے | مؤنث، واحد | مرفوع — عموماً فاعل، مبتدا یا خبر,,
381,N|VN|VF:3|M|GEN,31,2:202:8,مصدر,کام کا نام | مذکر | مجرور — حرفِ جر کے بعد یا مضاف الیہ,,
1010,V|IMPF|VF:2|2D|MOOD:IND,31,55:13:4,فعلِ مضارع — حال یا مستقبل کا کام,بابِ تفعیل (فَعَّلَ) — اکثر شدت یا کسی سے کام کروانا | تثنیہ حاضر — تم دونوں | مرفوع (عام حالت),,
17,V|PERF|VF:4|2MS,30,1:7:3,فعلِ ماضی — گزرا ہوا کام,بابِ افعال (أَفْعَلَ) — اکثر کسی کو کچھ کروانا | واحد مذکر حاضر — تُو (ایک مرد),,
24,P|INL,30,2:1:1,حروفِ مقطعات,ان کا صحیح مطلب اللہ ہی جانتا ہے,,
221,V|IMPF|VF:4|3FS|MOOD:IND,30,2:61:15,فعلِ مضارع — حال یا مستقبل کا کام,بابِ افعال (أَفْعَلَ) — اکثر کسی کو کچھ کروانا | واحد مؤنث غائب — وہ (ایک عورت) | مرفوع (عام حالت),,
487,V|PERF|VF:2|PASS|3FS,30,3:25:8,فعلِ ماضی — گزرا ہوا کام,مجہول — کام کرنے والے کا ذکر نہیں | بابِ تفعیل (فَعَّلَ) — اکثر شدت یا کسی سے کام کروانا | واحد مؤنث غائب — وہ (ایک عورت),,
802,N|PRON|SUFF|2FP,30,12:28:10,ضمیر,ضمیرِ متصل — لفظ کے آخر میں جڑی ہوئی | جمع مؤنث حاضر — تم سب (عورتیں),,
91,N|ACT_PCPL|VF:8|MP|ACC,29,2:16:11,اسمِ فاعل,کام کرنے والا | مذکر، جمع | منصوب — عموماً مفعول، حال، یا إنّ کا اسم,,
240,V|PERF|VF:6|3MS,29,2:70:11,فعلِ ماضی — گزرا ہوا کام,بابِ تفاعل (تَفاعَلَ) — اکثر باہم ایک دوسرے سے | واحد مذکر غائب — وہ (ایک مرد),,
321,V|IMPF|VF:2|1S|MOOD:IND,29,2:126:22,فعلِ مضارع — حال یا مستقبل کا کام,بابِ تفعیل (فَعَّلَ) — اکثر شدت یا کسی سے کام کروانا | واحد متکلم — میں | مرفوع (عام حالت),,
388,V|IMPF|VF:1|PASS|3FS|MOOD:IND,29,2:210:16,فعلِ مضارع — حال یا مستقبل کا کام,مجہول — کام کرنے والے کا ذکر نہیں | ثلاثی مجرد (فَعَلَ) | واحد مؤنث غائب — وہ (ایک عورت) | مرفوع (عام حالت),,
447,N|PASS_PCPL|VF:4|MP|GEN,29,2:252:9,اسمِ مفعول,جس پر کام ہوا | مذکر، جمع | مجرور — حرفِ جر کے بعد یا مضاف الیہ,,
606,N|ACT_PCPL|VF:4|M|INDEF|ACC,29,4:85:22,اسمِ فاعل,کام کرنے والا | مذکر | منصوب — عموماً مفعول، حال، یا إنّ کا اسم | نکرہ — غیر معین,,
396,V|IMPF|VF:5|2MP|MOOD:IND,28,2:219:26,فعلِ مضارع — حال یا مستقبل کا کام,بابِ تفعّل (تَفَعَّلَ) — اکثر خود پر اثر لینا | جمع مذکر حاضر — تم سب | مرفوع (عام حالت),,
407,V|IMPF|VF:3|3MS|MOOD:IND,28,2:225:2,فعلِ مضارع — حال یا مستقبل کا کام,بابِ مفاعلہ (فاعَلَ) — اکثر دوسرے کے ساتھ مل کر کام | واحد مذکر غائب — وہ (ایک مرد) | مرفوع (عام حالت),,
165,N|PN|F|ACC,27,2:35:6,عَلَم (خاص نام),مؤنث | منصوب — عموماً مفعول، حال، یا إنّ کا اسم,,
206,V|IMPF|VF:4|1P|MOOD:SUBJ,27,2:55:5,فعلِ مضارع — حال یا مستقبل کا کام,بابِ افعال (أَفْعَلَ) — اکثر کسی کو کچھ کروانا | جمع متکلم — ہم | منصوب — أَنْ، لَنْ، کَيْ وغیرہ کی وجہ سے,,
231,N|FD|GEN,27,2:66:5,اسم,مؤنث، تثنیہ (دو) | مجرور — حرفِ جر کے بعد یا مضاف الیہ,,
285,N|ACT_PCPL|VF:1|F|INDEF|ACC,27,2:94:9,اسمِ فاعل,کام کرنے والا | مؤنث | منصوب — عموماً مفعول، حال، یا إنّ کا اسم | نکرہ — غیر معین,,
286,V|IMPV|VF:5|2MP,27,2:94:13,فعلِ امر — حکم,بابِ تفعّل (تَفَعَّلَ) — اکثر خود پر اثر لینا | جمع مذکر حاضر — تم سب,,
372,N|PRON|3FP,27,2:187:8,ضمیر,ضمیرِ منفصل — الگ لکھی ہوئی | جمع مؤنث غائب — وہ سب (عورتیں),,
373,V|IMPV|VF:3|2MP,27,2:187:25,فعلِ امر — حکم,بابِ مفاعلہ (فاعَلَ) — اکثر دوسرے کے ساتھ مل کر کام | جمع مذکر حاضر — تم سب,,
384,V|IMPV|VF:8|2MS,27,2:206:4,فعلِ امر — حکم,بابِ افتعال (افْتَعَلَ) | واحد مذکر حاضر — تُو (ایک مرد),,
731,N|MS|ACC|ADJ,27,7:157:5,اسمِ صفت,صفت (نعت) — پہلے اسم کی خوبی بیان کرتا ہے | مذکر، واحد | منصوب — عموماً مفعول، حال، یا إنّ کا اسم,,
329,V|PERF|VF:5|3MP,26,2:137:10,فعلِ ماضی — گزرا ہوا کام,بابِ تفعّل (تَفَعَّلَ) — اکثر خود پر اثر لینا | جمع مذکر غائب — وہ سب,,
395,V|IMPF|VF:8|3MS|MOOD:JUS,26,2:217:39,فعلِ مضارع — حال یا مستقبل کا کام,بابِ افتعال (افْتَعَلَ) | واحد مذکر غائب — وہ (ایک مرد) | مجزوم — لَمْ، لائے نہی، لامِ امر یا شرط کی وجہ سے,,
446,N|ACT_PCPL|VF:1|MP|GEN|ADJ,26,2:250:15,اسمِ فاعل,کام کرنے والا | صفت (نعت) — پہلے اسم کی خوبی بیان کرتا ہے | مذکر، جمع | مجرور — حرفِ جر کے بعد یا مضاف الیہ,,
48,V|IMPF|VF:4|2MS|MOOD:JUS,25,2:6:9,فعلِ مضارع — حال یا مستقبل کا کام,بابِ افعال (أَفْعَلَ) — اکثر کسی کو کچھ کروانا | واحد مذکر حاضر — تُو (ایک مرد) | مجزوم — لَمْ، لائے نہی، لامِ امر یا شرط کی وجہ سے,,
304,V|IMPF|VF:5|3MS|MOOD:JUS,25,2:108:12,فعلِ مضارع — حال یا مستقبل کا کام,بابِ تفعّل (تَفَعَّلَ) — اکثر خود پر اثر لینا | واحد مذکر غائب — وہ (ایک مرد) | مجزوم — لَمْ، لائے نہی، لامِ امر یا شرط کی وجہ سے,,
334,V|IMPF|VF:1|FAM:كَان|3MS|MOOD:SUBJ,25,2:143:9,فعلِ مضارع — حال یا مستقبل کا کام,ثلاثی مجرد (فَعَلَ) | کانَ اور اس کے اخوات (افعالِ ناقصہ) — اسم مرفوع، خبر منصوب | واحد مذکر غائب — وہ (ایک مرد) | منصوب — أَنْ، لَنْ، کَيْ وغیرہ کی وجہ سے,,
380,V|IMPF|VF:8|2MP|MOOD:SUBJ,25,2:198:5,فعلِ مضارع — حال یا مستقبل کا کام,بابِ افتعال (افْتَعَلَ) | جمع مذکر حاضر — تم سب | منصوب — أَنْ، لَنْ، کَيْ وغیرہ کی وجہ سے,,
425,N|PASS_PCPL|VF:1|M|INDEF|NOM,25,2:233:27,اسمِ مفعول,جس پر کام ہوا | مذکر | مرفوع — عموماً فاعل، مبتدا یا خبر | نکرہ — غیر معین,,
456,N|MD|ACC,25,2:265:18,اسم,مذکر، تثنیہ (دو) | منصوب — عموماً مفعول، حال، یا إنّ کا اسم,,
276,V|PERF|VF:2|2MP,24,2:87:26,فعلِ ماضی — گزرا ہوا کام,بابِ تفعیل (فَعَّلَ) — اکثر شدت یا کسی سے کام کروانا | جمع مذکر حاضر — تم سب,,
281,N|ACT_PCPL|VF:4|M|INDEF|NOM|ADJ,24,2:90:27,اسمِ فاعل,کام کرنے والا | صفت (نعت) — پہلے اسم کی خوبی بیان کرتا ہے | مذکر | مرفوع — عموماً فاعل، مبتدا یا خبر | نکرہ — غیر معین,,
340,V|IMPV|VF:2|2MP,24,2:144:18,فعلِ امر — حکم,بابِ تفعیل (فَعَّلَ) — اکثر شدت یا کسی سے کام کروانا | جمع مذکر حاضر — تم سب,,
589,N|ACT_PCPL|VF:3|MP|ACC,24,4:61:12,اسمِ فاعل,کام کرنے والا | مذکر، جمع | منصوب — عموماً مفعول، حال، یا إنّ کا اسم,,
126,V|PERF|VF:4|PASS|3FS,23,2:24:12,فعلِ ماضی — گزرا ہوا کام,مجہول — کام کرنے والے کا ذکر نہیں | بابِ افعال (أَفْعَلَ) — اکثر کسی کو کچھ کروانا | واحد مؤنث غائب — وہ (ایک عورت),,
138,P|SUP,23,2:26:8,حرفِ زائد,تاکید کے لیے,,
211,N|P|ACC,23,2:58:18,اسم,منصوب — عموماً مفعول، حال، یا إنّ کا اسم,,
272,N|FS|ACC|ADJ,23,2:86:5,اسمِ صفت,صفت (نعت) — پہلے اسم کی خوبی بیان کرتا ہے | مؤنث، واحد | منصوب — عموماً مفعول، حال، یا إنّ کا اسم,,
324,V|IMPV|VF:5|2MS,23,2:127:9,فعلِ امر — حکم,بابِ تفعّل (تَفَعَّلَ) — اکثر خود پر اثر لینا | واحد مذکر حاضر — تُو (ایک مرد),,
262,N|VN|VF:4|M|INDEF|ACC,22,2:83:11,مصدر,کام کا نام | مذکر | منصوب — عموماً مفعول، حال، یا إنّ کا اسم | نکرہ — غیر معین,,
414,V|PERF|VF:8|3FS,22,2:229:33,فعلِ ماضی — گزرا ہوا کام,بابِ افتعال (افْتَعَلَ) | واحد مؤنث غائب — وہ (ایک عورت),,
533,N|ACT_PCPL|VF:2|MP|GEN,22,3:137:13,اسمِ فاعل,کام کرنے والا | مذکر، جمع | مجرور — حرفِ جر کے بعد یا مضاف الیہ,,
346,V|IMPF|VF:5|3MS|MOOD:SUBJ,21,2:158:16,فعلِ مضارع — حال یا مستقبل کا کام,بابِ تفعّل (تَفَعَّلَ) — اکثر خود پر اثر لینا | واحد مذکر غائب — وہ (ایک مرد) | منصوب — أَنْ، لَنْ، کَيْ وغیرہ کی وجہ سے,,
441,V|IMPF|VF:1|FAM:كَان|3MS|MOOD:IND,21,2:247:13,فعلِ مضارع — حال یا مستقبل کا کام,ثلاثی مجرد (فَعَلَ) | کانَ اور اس کے اخوات (افعالِ ناقصہ) — اسم مرفوع، خبر منصوب | واحد مذکر غائب — وہ (ایک مرد) | مرفوع (عام حالت),,
548,V|IMPV|VF:10|2MS,21,3:159:17,فعلِ امر — حکم,بابِ استفعال (اسْتَفْعَلَ) — اکثر طلب کرنا | واحد مذکر حاضر — تُو (ایک مرد),,
593,V|PERF|VF:1|FAM:كَان|1S,21,4:73:14,فعلِ ماضی — گزرا ہوا کام,ثلاثی مجرد (فَعَلَ) | کانَ اور اس کے اخوات (افعالِ ناقصہ) — اسم مرفوع، خبر منصوب | واحد متکلم — میں,,
86,V|IMPF|VF:10|3MS|MOOD:IND,20,2:15:2,فعلِ مضارع — حال یا مستقبل کا کام,بابِ استفعال (اسْتَفْعَلَ) — اکثر طلب کرنا | واحد مذکر غائب — وہ (ایک مرد) | مرفوع (عام حالت),,
187,N|ACT_PCPL|VF:2|M|INDEF|ACC,20,2:41:4,اسمِ فاعل,کام کرنے والا | مذکر | منصوب — عموماً مفعول، حال، یا إنّ کا اسم | نکرہ — غیر معین,,
192,V|IMPV|VF:10|2MP,20,2:45:1,فعلِ امر — حکم,بابِ استفعال (اسْتَفْعَلَ) — اکثر طلب کرنا | جمع مذکر حاضر — تم سب,,
203,V|PERF|VF:8|2MP,20,2:51:7,فعلِ ماضی — گزرا ہوا کام,بابِ افتعال (افْتَعَلَ) | جمع مذکر حاضر — تم سب,,
252,V|IMPF|VF:2|2MP|MOOD:IND,20,2:76:13,فعلِ مضارع — حال یا مستقبل کا کام,بابِ تفعیل (فَعَّلَ) — اکثر شدت یا کسی سے کام کروانا | جمع مذکر حاضر — تم سب | مرفوع (عام حالت),,
307,N|PN|M|INDEF|ACC,20,2:111:8,عَلَم (خاص نام),مذکر | منصوب — عموماً مفعول، حال، یا إنّ کا اسم | نکرہ — غیر معین,,
454,N|VN|VF:3|M|ACC,20,2:264:12,مصدر,کام کا نام | مذکر | منصوب — عموماً مفعول، حال، یا إنّ کا اسم,,
776,N|PASS_PCPL|VF:2|M|INDEF|GEN,20,11:3:12,اسمِ مفعول,جس پر کام ہوا | مذکر | مجرور — حرفِ جر کے بعد یا مضاف الیہ | نکرہ — غیر معین,,
188,V|IMPF|VF:1|FAM:كَان|2MP|MOOD:JUS,19,2:41:8,فعلِ مضارع — حال یا مستقبل کا کام,ثلاثی مجرد (فَعَلَ) | کانَ اور اس کے اخوات (افعالِ ناقصہ) — اسم مرفوع، خبر منصوب | جمع مذکر حاضر — تم سب | مجزوم — لَمْ، لائے نہی، لامِ امر یا شرط کی وجہ سے,,
222,V|IMPF|VF:10|2MP|MOOD:IND,19,2:61:24,فعلِ مضارع — حال یا مستقبل کا کام,بابِ استفعال (اسْتَفْعَلَ) — اکثر طلب کرنا | جمع مذکر حاضر — تم سب | مرفوع (عام حالت),,
370,V|IMPF|VF:4|3MP|MOOD:JUS,19,2:186:14,فعلِ مضارع — حال یا مستقبل کا کام,بابِ افعال (أَفْعَلَ) — اکثر کسی کو کچھ کروانا | جمع مذکر غائب — وہ سب | مجزوم — لَمْ، لائے نہی، لامِ امر یا شرط کی وجہ سے,,
417,V|PERF|VF:1|3FP,19,2:231:4,فعلِ ماضی — گزرا ہوا کام,ثلاثی مجرد (فَعَلَ) | جمع مؤنث غائب — وہ سب (عورتیں),,
498,V|IMPV|VF:1|2FS,19,3:43:2,فعلِ امر — حکم,ثلاثی مجرد (فَعَلَ) | واحد مؤنث حاضر — تُو (ایک عورت),,
778,N|PASS_PCPL|VF:1|MP|NOM,19,11:7:20,اسمِ مفعول,جس پر کام ہوا | مذکر، جمع | مرفوع — عموماً فاعل، مبتدا یا خبر,,
161,V|IMPF|VF:1|1S|MOOD:JUS,18,2:33:10,فعلِ مضارع — حال یا مستقبل کا کام,ثلاثی مجرد (فَعَلَ) | واحد متکلم — میں | مجزوم — لَمْ، لائے نہی، لامِ امر یا شرط کی وجہ سے,,
404,V|IMPF|VF:1|3FP|MOOD:IND,18,2:222:14,فعلِ مضارع — حال یا مستقبل کا کام,ثلاثی مجرد (فَعَلَ) | جمع مؤنث غائب — وہ سب (عورتیں) | مرفوع (عام حالت),,
416,V|PERF|VF:1|3MD,18,2:230:20,فعلِ ماضی — گزرا ہوا کام,ثلاثی مجرد (فَعَلَ) | تثنیہ مذکر غائب — وہ دونوں,,
513,V|IMPF|VF:4|PASS|3MS|MOOD:SUBJ,18,3:73:13,فعلِ مضارع — حال یا مستقبل کا کام,مجہول — کام کرنے والے کا ذکر نہیں | بابِ افعال (أَفْعَلَ) — اکثر کسی کو کچھ کروانا | واحد مذکر غائب — وہ (ایک مرد) | منصوب — أَنْ، لَنْ، کَيْ وغیرہ کی وجہ سے,,
611,N|VN|VF:2|M|NOM,18,4:92:13,مصدر,کام کا نام | مذکر | مرفوع — عموماً فاعل، مبتدا یا خبر,,
328,V|PERF|VF:8|1P,17,2:130:11,فعلِ ماضی — گزرا ہوا کام,بابِ افتعال (افْتَعَلَ) | جمع متکلم — ہم,,
359,N|VN|VF:1|M|INDEF|NOM,17,2:178:23,مصدر,کام کا نام | مذکر | مرفوع — عموماً فاعل، مبتدا یا خبر | نکرہ — غیر معین,,
452,N|P|NOM,17,2:260:8,اسم,مرفوع — عموماً فاعل، مبتدا یا خبر,,
560,V|IMPF|VF:4|PASS|3MS|MOOD:IND,17,4:12:77,فعلِ مضارع — حال یا مستقبل کا کام,مجہول — کام کرنے والے کا ذکر نہیں | بابِ افعال (أَفْعَلَ) — اکثر کسی کو کچھ کروانا | واحد مذکر غائب — وہ (ایک مرد) | مرفوع (عام حالت),,
663,V|IMPF|VF:6|3MP|MOOD:IND,17,5:79:3,فعلِ مضارع — حال یا مستقبل کا کام,بابِ تفاعل (تَفاعَلَ) — اکثر باہم ایک دوسرے سے | جمع مذکر غائب — وہ سب | مرفوع (عام حالت),,
677,V|PERF|VF:1|PASS|1S,17,6:14:15,فعلِ ماضی — گزرا ہوا کام,مجہول — کام کرنے والے کا ذکر نہیں | ثلاثی مجرد (فَعَلَ) | واحد متکلم — میں,,
694,V|IMPF|VF:4|2MS|MOOD:SUBJ,17,6:92:9,فعلِ مضارع — حال یا مستقبل کا کام,بابِ افعال (أَفْعَلَ) — اکثر کسی کو کچھ کروانا | واحد مذکر حاضر — تُو (ایک مرد) | منصوب — أَنْ، لَنْ، کَيْ وغیرہ کی وجہ سے,,
695,N|ACT_PCPL|VF:4|M|NOM,17,6:95:10,اسمِ فاعل,کام کرنے والا | مذکر | مرفوع — عموماً فاعل، مبتدا یا خبر,,
291,N|FP|INDEF|ACC|ADJ,16,2:99:5,اسمِ صفت,صفت (نعت) — پہلے اسم کی خوبی بیان کرتا ہے | مؤنث، جمع | منصوب — عموماً مفعول، حال، یا إنّ کا اسم | نکرہ — غیر معین,,
319,N|MP|GEN|ADJ,16,2:125:22,اسمِ صفت,صفت (نعت) — پہلے اسم کی خوبی بیان کرتا ہے | مذکر، جمع | مجرور — حرفِ جر کے بعد یا مضاف الیہ,,
343,N|LOC|GEN,16,2:149:2,ظرفِ مکان (جگہ بتاتا ہے),مجرور — حرفِ جر کے بعد یا مضاف الیہ,,
347,N|PRON|3D,16,2:158:17,ضمیر,ضمیرِ منفصل — الگ لکھی ہوئی | تثنیہ غائب — وہ دونوں,,
531,N|PASS_PCPL|VF:4|MP|ACC,16,3:124:13,اسمِ مفعول,جس پر کام ہوا | مذکر، جمع | منصوب — عموماً مفعول، حال، یا إنّ کا اسم,,
552,N|ACT_PCPL|VF:1|F|NOM,16,3:185:3,اسمِ فاعل,کام کرنے والا | مؤنث | مرفوع — عموماً فاعل، مبتدا یا خبر,,
609,N|FD|ACC,16,4:88:5,اسم,مؤنث، تثنیہ (دو) | منصوب — عموماً مفعول، حال، یا إنّ کا اسم,,
672,V|IMPF|VF:1|FAM:كَان|3FS|MOOD:IND,16,5:110:36,فعلِ مضارع — حال یا مستقبل کا کام,ثلاثی مجرد (فَعَلَ) | کانَ اور اس کے اخوات (افعالِ ناقصہ) — اسم مرفوع، خبر منصوب | واحد مؤنث غائب — وہ (ایک عورت) | مرفوع (عام حالت),,
719,N|MP|INDEF|ACC|ADJ,16,7:57:13,اسمِ صفت,صفت (نعت) — پہلے اسم کی خوبی بیان کرتا ہے | مذکر، جمع | منصوب — عموماً مفعول، حال، یا إنّ کا اسم | نکرہ — غیر معین,,
156,V|PERF|VF:2|2MS,15,2:32:8,فعلِ ماضی — گزرا ہوا کام,بابِ تفعیل (فَعَّلَ) — اکثر شدت یا کسی سے کام کروانا | واحد مذکر حاضر — تُو (ایک مرد),,
202,V|PERF|VF:3|1P,15,2:51:2,فعلِ ماضی — گزرا ہوا کام,بابِ مفاعلہ (فاعَلَ) — اکثر دوسرے کے ساتھ مل کر کام | جمع متکلم — ہم,,
209,N|ACT_PCPL|VF:1|MP|INDEF|ACC,15,2:58:13,اسمِ فاعل,کام کرنے والا | مذکر، جمع | منصوب — عموماً مفعول، حال، یا إنّ کا اسم | نکرہ — غیر معین,,
273,V|IMPF|VF:2|PASS|3MS|MOOD:IND,15,2:86:8,فعلِ مضارع — حال یا مستقبل کا کام,مجہول — کام کرنے والے کا ذکر نہیں | بابِ تفعیل (فَعَّلَ) — اکثر شدت یا کسی سے کام کروانا | واحد مذکر غائب — وہ (ایک مرد) | مرفوع (عام حالت),,
337,N|VN|VF:4|M|ACC,15,2:143:40,مصدر,کام کا نام | مذکر | منصوب — عموماً مفعول، حال، یا إنّ کا اسم,,
376,V|PERF|VF:4|PASS|2MP,15,2:196:6,فعلِ ماضی — گزرا ہوا کام,مجہول — کام کرنے والے کا ذکر نہیں | بابِ افعال (أَفْعَلَ) — اکثر کسی کو کچھ کروانا | جمع مذکر حاضر — تم سب,,
393,N|ACT_PCPL|VF:2|MP|ACC,15,2:213:8,اسمِ فاعل,کام کرنے والا | مذکر، جمع | منصوب — عموماً مفعول، حال، یا إنّ کا اسم,,
399,N|ACT_PCPL|VF:4|M|GEN,15,2:220:18,اسمِ فاعل,کام کرنے والا | مذکر | مجرور — حرفِ جر کے بعد یا مضاف الیہ,,
499,N|INTG|NOM,15,3:44:13,اسمِ استفہام (سوالیہ),مرفوع — عموماً فاعل، مبتدا یا خبر,,
520,V|IMPF|VF:1|FAM:كَان|3FS|MOOD:JUS,15,3:104:1,فعلِ مضارع — حال یا مستقبل کا کام,ثلاثی مجرد (فَعَلَ) | کانَ اور اس کے اخوات (افعالِ ناقصہ) — اسم مرفوع، خبر منصوب | واحد مؤنث غائب — وہ (ایک عورت) | مجزوم — لَمْ، لائے نہی، لامِ امر یا شرط کی وجہ سے,,
600,V|IMPF|VF:4|3FS|MOOD:JUS,15,4:78:11,فعلِ مضارع — حال یا مستقبل کا کام,بابِ افعال (أَفْعَلَ) — اکثر کسی کو کچھ کروانا | واحد مؤنث غائب — وہ (ایک عورت) | مجزوم — لَمْ، لائے نہی، لامِ امر یا شرط کی وجہ سے,,
648,V|IMPF|VF:1|FAM:كَان|2MS|MOOD:SUBJ,15,5:29:7,فعلِ مضارع — حال یا مستقبل کا کام,ثلاثی مجرد (فَعَلَ) | کانَ اور اس کے اخوات (افعالِ ناقصہ) — اسم مرفوع، خبر منصوب | واحد مذکر حاضر — تُو (ایک مرد) | منصوب — أَنْ، لَنْ، کَيْ وغیرہ کی وجہ سے,,
98,N|P|INDEF|NOM,14,2:18:1,اسم,مرفوع — عموماً فاعل، مبتدا یا خبر | نکرہ — غیر معین,,
194,N|ACT_PCPL|VF:3|MP|NOM,14,2:46:4,اسمِ فاعل,کام کرنے والا | مذکر، جمع | مرفوع — عموماً فاعل، مبتدا یا خبر,,
195,V|PERF|VF:2|1S,14,2:47:9,فعلِ ماضی — گزرا ہوا کام,بابِ تفعیل (فَعَّلَ) — اکثر شدت یا کسی سے کام کروانا | واحد متکلم — میں,,
254,V|IMPF|VF:3|3MP|MOOD:SUBJ,14,2:76:18,فعلِ مضارع — حال یا مستقبل کا کام,بابِ مفاعلہ (فاعَلَ) — اکثر دوسرے کے ساتھ مل کر کام | جمع مذکر غائب — وہ سب | منصوب — أَنْ، لَنْ، کَيْ وغیرہ کی وجہ سے,,
269,N|VN|VF:4|M|NOM,14,2:85:22,مصدر,کام کا نام | مذکر | مرفوع — عموماً فاعل، مبتدا یا خبر,,
275,V|PERF|VF:10|2MP,14,2:87:24,فعلِ ماضی — گزرا ہوا کام,بابِ استفعال (اسْتَفْعَلَ) — اکثر طلب کرنا | جمع مذکر حاضر — تم سب,,
303,V|IMPF|VF:4|1P|MOOD:JUS,14,2:106:6,فعلِ مضارع — حال یا مستقبل کا کام,بابِ افعال (أَفْعَلَ) — اکثر کسی کو کچھ کروانا | جمع متکلم — ہم | مجزوم — لَمْ، لائے نہی، لامِ امر یا شرط کی وجہ سے,,
322,V|IMPF|VF:8|1S|MOOD:IND,14,2:126:25,فعلِ مضارع — حال یا مستقبل کا کام,بابِ افتعال (افْتَعَلَ) | واحد متکلم — میں | مرفوع (عام حالت),,
339,N|M|GEN|ADJ,14,2:144:14,اسمِ صفت,صفت (نعت) — پہلے اسم کی خوبی بیان کرتا ہے | مذکر | مجرور — حرفِ جر کے بعد یا مضاف الیہ,,
464,V|IMPF|VF:1|PASS|3MP|MOOD:JUS,14,2:281:15,فعلِ مضارع — حال یا مستقبل کا کام,مجہول — کام کرنے والے کا ذکر نہیں | ثلاثی مجرد (فَعَلَ) | جمع مذکر غائب — وہ سب | مجزوم — لَمْ، لائے نہی، لامِ امر یا شرط کی وجہ سے,,
479,V|IMPF|VF:4|3FS|MOOD:SUBJ,14,3:10:5,فعلِ مضارع — حال یا مستقبل کا کام,بابِ افعال (أَفْعَلَ) — اکثر کسی کو کچھ کروانا | واحد مؤنث غائب — وہ (ایک عورت) | منصوب — أَنْ، لَنْ، کَيْ وغیرہ کی وجہ سے,,
562,N|REL|FP,14,4:15:1,اسمِ موصول (جو / جس نے),مؤنث، جمع,,
590,V|IMPF|VF:2|3MP|MOOD:SUBJ,14,4:65:6,فعلِ مضارع — حال یا مستقبل کا کام,بابِ تفعیل (فَعَّلَ) — اکثر شدت یا کسی سے کام کروانا | جمع مذکر غائب — وہ سب | منصوب — أَنْ، لَنْ، کَيْ وغیرہ کی وجہ سے,,
622,N|MP|ACC|ADJ,14,4:135:7,اسمِ صفت,صفت (نعت) — پہلے اسم کی خوبی بیان کرتا ہے | مذکر، جمع | منصوب — عموماً مفعول، حال، یا إنّ کا اسم,,
638,N|ACT_PCPL|VF:4|FP|GEN,14,5:5:16,اسمِ فاعل,کام کرنے والا | مؤنث، جمع | مجرور — حرفِ جر کے بعد یا مضاف الیہ,,
639,V|PERF|VF:2|PASS|3MP,14,5:13:15,فعلِ ماضی — گزرا ہوا کام,مجہول — کام کرنے والے کا ذکر نہیں | بابِ تفعیل (فَعَّلَ) — اکثر شدت یا کسی سے کام کروانا | جمع مذکر غائب — وہ سب,,
769,N|ACT_PCPL|VF:10|M|INDEF|GEN,14,10:25:11,اسمِ فاعل,کام کرنے والا | مذکر | مجرور — حرفِ جر کے بعد یا مضاف الیہ | نکرہ — غیر معین,,
811,N|FP|INDEF|GEN|ADJ,14,12:43:15,اسمِ صفت,صفت (نعت) — پہلے اسم کی خوبی بیان کرتا ہے | مؤنث، جمع | مجرور — حرفِ جر کے بعد یا مضاف الیہ | نکرہ — غیر معین,,
133,V|PERF|VF:1|PASS|1P,13,2:25:22,فعلِ ماضی — گزرا ہوا کام,مجہول — کام کرنے والے کا ذکر نہیں | ثلاثی مجرد (فَعَلَ) | جمع متکلم — ہم,,
300,V|IMPV|VF:3|2MS,13,2:104:6,فعلِ امر — حکم,بابِ مفاعلہ (فاعَلَ) — اکثر دوسرے کے ساتھ مل کر کام | واحد مذکر حاضر — تُو (ایک مرد),,
330,N|VN|VF:3|M|INDEF|GEN,13,2:137:14,مصدر,کام کا نام | مذکر | مجرور — حرفِ جر کے بعد یا مضاف الیہ | نکرہ — غیر معین,,
355,N|VN|VF:3|M|INDEF|ACC,13,2:171:12,مصدر,کام کا نام | مذکر | منصوب — عموماً مفعول، حال، یا إنّ کا اسم | نکرہ — غیر معین,,
357,V|IMPF|VF:2|2MP|MOOD:SUBJ,13,2:177:4,فعلِ مضارع — حال یا مستقبل کا کام,بابِ تفعیل (فَعَّلَ) — اکثر شدت یا کسی سے کام کروانا | جمع مذکر حاضر — تم سب | منصوب — أَنْ، لَنْ، کَيْ وغیرہ کی وجہ سے,,
377,N|ACT_PCPL|VF:1|F|INDEF|NOM|ADJ,13,2:196:58,اسمِ فاعل,کام کرنے والا | صفت (نعت) — پہلے اسم کی خوبی بیان کرتا ہے | مؤنث | مرفوع — عموماً فاعل، مبتدا یا خبر | نکرہ — غیر معین,,
385,N|VN|VF:8|M|ACC,13,2:207:6,مصدر,کام کا نام | مذکر | منصوب — عموماً مفعول، حال، یا إنّ کا اسم,,
431,N|PASS_PCPL|VF:1|M|INDEF|ACC|ADJ,13,2:235:26,اسمِ مفعول,جس پر کام ہوا | صفت (نعت) — پہلے اسم کی خوبی بیان کرتا ہے | مذکر | منصوب — عموماً مفعول، حال، یا إنّ کا اسم | نکرہ — غیر معین,,
504,V|IMPF|VF:1|FAM:كَان|2MS|MOOD:JUS,13,3:60:5,فعلِ مضارع — حال یا مستقبل کا کام,ثلاثی مجرد (فَعَلَ) | کانَ اور اس کے اخوات (افعالِ ناقصہ) — اسم مرفوع، خبر منصوب | واحد مذکر حاضر — تُو (ایک مرد) | مجزوم — لَمْ، لائے نہی، لامِ امر یا شرط کی وجہ سے,,
507,V|IMPF|VF:8|3MS|MOOD:SUBJ,13,3:64:19,فعلِ مضارع — حال یا مستقبل کا کام,بابِ افتعال (افْتَعَلَ) | واحد مذکر غائب — وہ (ایک مرد) | منصوب — أَنْ، لَنْ، کَيْ وغیرہ کی وجہ سے,,
521,N|PASS_PCPL|VF:4|M|GEN,13,3:104:11,اسمِ مفعول,جس پر کام ہوا | مذکر | مجرور — حرفِ جر کے بعد یا مضاف الیہ,,
568,N|ACT_PCPL|VF:4|M|INDEF|ACC|ADJ,13,4:20:17,اسمِ فاعل,کام کرنے والا | صفت (نعت) — پہلے اسم کی خوبی بیان کرتا ہے | مذکر | منصوب — عموماً مفعول، حال، یا إنّ کا اسم | نکرہ — غیر معین,,
841,N|ACT_PCPL|VF:8|M|INDEF|GEN,13,16:101:13,اسمِ فاعل,کام کرنے والا | مذکر | مجرور — حرفِ جر کے بعد یا مضاف الیہ | نکرہ — غیر معین,,
168,N|M|INDEF|ACC|ADJ,12,2:35:9,اسمِ صفت,صفت (نعت) — پہلے اسم کی خوبی بیان کرتا ہے | مذکر | منصوب — عموماً مفعول، حال، یا إنّ کا اسم | نکرہ — غیر معین,,
287,V|IMPF|VF:5|3MP|MOOD:SUBJ,12,2:95:2,فعلِ مضارع — حال یا مستقبل کا کام,بابِ تفعّل (تَفَعَّلَ) — اکثر خود پر اثر لینا | جمع مذکر غائب — وہ سب | منصوب — أَنْ، لَنْ، کَيْ وغیرہ کی وجہ سے,,
349,N|VN|VF:2|M|GEN,12,2:164:34,مصدر,کام کا نام | مذکر | مجرور — حرفِ جر کے بعد یا مضاف الیہ,,
435,N|FS|INDEF|ACC|ADJ,12,2:245:11,اسمِ صفت,صفت (نعت) — پہلے اسم کی خوبی بیان کرتا ہے | مؤنث، واحد | منصوب — عموماً مفعول، حال، یا إنّ کا اسم | نکرہ — غیر معین,,
478,N|VN|VF:2|M|ACC,12,3:7:29,مصدر,کام کا نام | مذکر | منصوب — عموماً مفعول، حال، یا إنّ کا اسم,,
493,N|PN|F|NOM,12,3:37:19,عَلَم (خاص نام),مؤنث | مرفوع — عموماً فاعل، مبتدا یا خبر,,
508,V|PERF|VF:3|2MP,12,3:66:3,فعلِ ماضی — گزرا ہوا کام,بابِ مفاعلہ (فاعَلَ) — اکثر دوسرے کے ساتھ مل کر کام | جمع مذکر حاضر — تم سب,,
557,V|IMPF|VF:10|3MS|MOOD:JUS,12,4:6:23,فعلِ مضارع — حال یا مستقبل کا کام,بابِ استفعال (اسْتَفْعَلَ) — اکثر طلب کرنا | واحد مذکر غائب — وہ (ایک مرد) | مجزوم — لَمْ، لائے نہی، لامِ امر یا شرط کی وجہ سے,,
559,V|IMPF|VF:8|3MP|MOOD:JUS,12,4:9:11,فعلِ مضارع — حال یا مستقبل کا کام,بابِ افتعال (افْتَعَلَ) | جمع مذکر غائب — وہ سب | مجزوم — لَمْ، لائے نہی، لامِ امر یا شرط کی وجہ سے,,
581,V|IMPF|VF:2|1P|MOOD:JUS,12,4:31:7,فعلِ مضارع — حال یا مستقبل کا کام,بابِ تفعیل (فَعَّلَ) — اکثر شدت یا کسی سے کام کروانا | جمع متکلم — ہم | مجزوم — لَمْ، لائے نہی، لامِ امر یا شرط کی وجہ سے,,
595,V|IMPF|VF:1|PASS|3MS|MOOD:JUS,12,4:74:15,فعلِ مضارع — حال یا مستقبل کا کام,مجہول — کام کرنے والے کا ذکر نہیں | ثلاثی مجرد (فَعَلَ) | واحد مذکر غائب — وہ (ایک مرد) | مجزوم — لَمْ، لائے نہی، لامِ امر یا شرط کی وجہ سے,,
247,V|PERF|VF:6|2MP,11,2:72:4,فعلِ ماضی — گزرا ہوا کام,بابِ تفاعل (تَفاعَلَ) — اکثر باہم ایک دوسرے سے | جمع مذکر حاضر — تم سب,,
345,N|ACT_PCPL|VF:4|F|INDEF|NOM,11,2:156:4,اسمِ فاعل,کام کرنے والا | مؤنث | مرفوع — عموماً فاعل، مبتدا یا خبر | نکرہ — غیر معین,,
348,V|IMPF|VF:4|PASS|3MP|MOOD:IND,11,2:162:9,فعلِ مضارع — حال یا مستقبل کا کام,مجہول — کام کرنے والے کا ذکر نہیں | بابِ افعال (أَفْعَلَ) — اکثر کسی کو کچھ کروانا | جمع مذکر غائب — وہ سب | مرفوع (عام حالت),,
354,V|IMPF|VF:8|1P|MOOD:IND,11,2:170:10,فعلِ مضارع — حال یا مستقبل کا کام,بابِ افتعال (افْتَعَلَ) | جمع متکلم — ہم | مرفوع (عام حالت),,
458,N|MP|NOM|ADJ,11,2:266:23,اسمِ صفت,صفت (نعت) — پہلے اسم کی خوبی بیان کرتا ہے | مذکر، جمع | مرفوع — عموماً فاعل، مبتدا یا خبر,,
459,V|IMPF|VF:5|2MP|MOOD:JUS,11,2:267:15,فعلِ مضارع — حال یا مستقبل کا کام,بابِ تفعّل (تَفَعَّلَ) — اکثر خود پر اثر لینا | جمع مذکر حاضر — تم سب | مجزوم — لَمْ، لائے نہی، لامِ امر یا شرط کی وجہ سے,,
472,V|IMPF|VF:3|3MS|MOOD:JUS,11,2:284:15,فعلِ مضارع — حال یا مستقبل کا کام,بابِ مفاعلہ (فاعَلَ) — اکثر دوسرے کے ساتھ مل کر کام | واحد مذکر غائب — وہ (ایک مرد) | مجزوم — لَمْ، لائے نہی، لامِ امر یا شرط کی وجہ سے,,
500,N|PASS_PCPL|VF:2|MP|GEN,11,3:45:20,اسمِ مفعول,جس پر کام ہوا | مذکر، جمع | مجرور — حرفِ جر کے بعد یا مضاف الیہ,,
530,N|P|INDEF|GEN,11,3:124:10,اسم,مجرور — حرفِ جر کے بعد یا مضاف الیہ | نکرہ — غیر معین,,
541,N|INDEF|ACC,11,3:154:7,اسم,منصوب — عموماً مفعول، حال، یا إنّ کا اسم | نکرہ — غیر معین,,
549,N|ACT_PCPL|VF:4|M|INDEF|GEN|ADJ,11,3:164:25,اسمِ فاعل,کام کرنے والا | صفت (نعت) — پہلے اسم کی خوبی بیان کرتا ہے | مذکر | مجرور — حرفِ جر کے بعد یا مضاف الیہ | نکرہ — غیر معین,,
654,V|IMPF|VF:8|2MS|MOOD:JUS,11,5:48:19,فعلِ مضارع — حال یا مستقبل کا کام,بابِ افتعال (افْتَعَلَ) | واحد مذکر حاضر — تُو (ایک مرد) | مجزوم — لَمْ، لائے نہی، لامِ امر یا شرط کی وجہ سے,,
783,V|IMPF|VF:8|3FS|MOOD:IND,11,11:31:17,فعلِ مضارع — حال یا مستقبل کا کام,بابِ افتعال (افْتَعَلَ) | واحد مؤنث غائب — وہ (ایک عورت) | مرفوع (عام حالت),,
795,V|IMPF|VF:5|3FS|MOOD:IND,11,11:105:4,فعلِ مضارع — حال یا مستقبل کا کام,بابِ تفعّل (تَفَعَّلَ) — اکثر خود پر اثر لینا | واحد مؤنث غائب — وہ (ایک عورت) | مرفوع (عام حالت),,
910,V|IMPF|VF:1|3FP|MOOD:JUS,11,24:31:3,فعلِ مضارع — حال یا مستقبل کا کام,ثلاثی مجرد (فَعَلَ) | جمع مؤنث غائب — وہ سب (عورتیں) | مجزوم — لَمْ، لائے نہی، لامِ امر یا شرط کی وجہ سے,,
229,V|IMPV|VF:1|FAM:كَان|2MP,10,2:65:10,فعلِ امر — حکم,ثلاثی مجرد (فَعَلَ) | کانَ اور اس کے اخوات (افعالِ ناقصہ) — اسم مرفوع، خبر منصوب | جمع مذکر حاضر — تم سب,,
233,V|IMPF|VF:1|FAM:كَان|1S|MOOD:SUBJ,10,2:67:18,فعلِ مضارع — حال یا مستقبل کا کام,ثلاثی مجرد (فَعَلَ) | کانَ اور اس کے اخوات (افعالِ ناقصہ) — اسم مرفوع، خبر منصوب | واحد متکلم — میں | منصوب — أَنْ، لَنْ، کَيْ وغیرہ کی وجہ سے,,
267,V|IMPF|VF:3|2MP|MOOD:IND,10,2:85:18,فعلِ مضارع — حال یا مستقبل کا کام,بابِ مفاعلہ (فاعَلَ) — اکثر دوسرے کے ساتھ مل کر کام | جمع مذکر حاضر — تم سب | مرفوع (عام حالت),,
293,N|PN|MP|NOM,10,2:102:4,عَلَم (خاص نام),مذکر، جمع | مرفوع — عموماً فاعل، مبتدا یا خبر,,
314,V|PERF|VF:8|2MS,10,2:120:17,فعلِ ماضی — گزرا ہوا کام,بابِ افتعال (افْتَعَلَ) | واحد مذکر حاضر — تُو (ایک مرد),,
369,V|IMPF|VF:10|3MP|MOOD:JUS,10,2:186:12,فعلِ مضارع — حال یا مستقبل کا کام,بابِ استفعال (اسْتَفْعَلَ) — اکثر طلب کرنا | جمع مذکر غائب — وہ سب | مجزوم — لَمْ، لائے نہی، لامِ امر یا شرط کی وجہ سے,,
390,N|FS|INDEF|GEN|ADJ,10,2:211:8,اسمِ صفت,صفت (نعت) — پہلے اسم کی خوبی بیان کرتا ہے | مؤنث، واحد | مجرور — حرفِ جر کے بعد یا مضاف الیہ | نکرہ — غیر معین,,
392,N|F|INDEF|ACC|ADJ,10,2:213:4,اسمِ صفت,صفت (نعت) — پہلے اسم کی خوبی بیان کرتا ہے | مؤنث | منصوب — عموماً مفعول، حال، یا إنّ کا اسم | نکرہ — غیر معین,,
481,N|PRON|SUFF|3FD,10,3:13:7,ضمیر,ضمیرِ متصل — لفظ کے آخر میں جڑی ہوئی | تثنیہ مؤنث غائب — وہ دونوں (عورتیں),,
491,N|PASS_PCPL|VF:4|M|INDEF|ACC,10,3:30:9,اسمِ مفعول,جس پر کام ہوا | مذکر | منصوب — عموماً مفعول، حال، یا إنّ کا اسم | نکرہ — غیر معین,,
496,V|IMPF|VF:2|2MS|MOOD:SUBJ,10,3:41:9,فعلِ مضارع — حال یا مستقبل کا کام,بابِ تفعیل (فَعَّلَ) — اکثر شدت یا کسی سے کام کروانا | واحد مذکر حاضر — تُو (ایک مرد) | منصوب — أَنْ، لَنْ، کَيْ وغیرہ کی وجہ سے,,
656,V|PERF|VF:4|FAM:كَان|3MP,10,5:53:14,فعلِ ماضی — گزرا ہوا کام,بابِ افعال (أَفْعَلَ) — اکثر کسی کو کچھ کروانا | کانَ اور اس کے اخوات (افعالِ ناقصہ) — اسم مرفوع، خبر منصوب | جمع مذکر غائب — وہ سب,,
679,V|IMPF|VF:2|1P|MOOD:SUBJ,10,6:27:11,فعلِ مضارع — حال یا مستقبل کا کام,بابِ تفعیل (فَعَّلَ) — اکثر شدت یا کسی سے کام کروانا | جمع متکلم — ہم | منصوب — أَنْ، لَنْ، کَيْ وغیرہ کی وجہ سے,,
680,N|PASS_PCPL|VF:1|MP|GEN,10,6:29:9,اسمِ مفعول,جس پر کام ہوا | مذکر، جمع | مجرور — حرفِ جر کے بعد یا مضاف الیہ,,
703,N|ACT_PCPL|VF:1|F|INDEF|GEN|ADJ,10,6:147:7,اسمِ فاعل,کام کرنے والا | صفت (نعت) — پہلے اسم کی خوبی بیان کرتا ہے | مؤنث | مجرور — حرفِ جر کے بعد یا مضاف الیہ | نکرہ — غیر معین,,
708,N|PN|ACT_PCPL|VF:4|MP|GEN,10,6:163:8,عَلَم (خاص نام),اسمِ فاعل — کام کرنے والا | مذکر، جمع | مجرور — حرفِ جر کے بعد یا مضاف الیہ,,
720,N|PN|INDEF|GEN,10,7:65:2,عَلَم (خاص نام),مجرور — حرفِ جر کے بعد یا مضاف الیہ | نکرہ — غیر معین,,
822,N|VN|VF:3|M|NOM,10,13:40:13,مصدر,کام کا نام | مذکر | مرفوع — عموماً فاعل، مبتدا یا خبر,,
823,N|VN|VF:1|M|INDEF|GEN,10,14:21:34,مصدر,کام کا نام | مذکر | مجرور — حرفِ جر کے بعد یا مضاف الیہ | نکرہ — غیر معین,,
228,V|PERF|VF:5|2MP,9,2:64:2,فعلِ ماضی — گزرا ہوا کام,بابِ تفعّل (تَفَعَّلَ) — اکثر خود پر اثر لینا | جمع مذکر حاضر — تم سب,,
294,N|PN|MP|ACC,9,2:102:12,عَلَم (خاص نام),مذکر، جمع | منصوب — عموماً مفعول، حال، یا إنّ کا اسم,,
308,N|PN|P|NOM,9,2:113:4,عَلَم (خاص نام),مرفوع — عموماً فاعل، مبتدا یا خبر,,
336,V|IMPF|VF:7|3MS|MOOD:IND,9,2:143:25,فعلِ مضارع — حال یا مستقبل کا کام,بابِ انفعال (انْفَعَلَ) — اکثر خود بخود ہو جانا | واحد مذکر غائب — وہ (ایک مرد) | مرفوع (عام حالت),,
341,V|IMPF|VF:1|FAM:كَان|2MS|MOOD:IND,9,2:147:5,فعلِ مضارع — حال یا مستقبل کا کام,ثلاثی مجرد (فَعَلَ) | کانَ اور اس کے اخوات (افعالِ ناقصہ) — اسم مرفوع، خبر منصوب | واحد مذکر حاضر — تُو (ایک مرد) | مرفوع (عام حالت),,
344,V|IMPF|VF:4|1S|MOOD:SUBJ,9,2:150:27,فعلِ مضارع — حال یا مستقبل کا کام,بابِ افعال (أَفْعَلَ) — اکثر کسی کو کچھ کروانا | واحد متکلم — میں | منصوب — أَنْ، لَنْ، کَيْ وغیرہ کی وجہ سے,,
356,V|PERF|VF:8|PASS|3MS,9,2:173:14,فعلِ ماضی — گزرا ہوا کام,مجہول — کام کرنے والے کا ذکر نہیں | بابِ افتعال (افْتَعَلَ) | واحد مذکر غائب — وہ (ایک مرد),,
360,N|VN|VF:4|M|INDEF|GEN,9,2:178:25,مصدر,کام کا نام | مذکر | مجرور — حرفِ جر کے بعد یا مضاف الیہ | نکرہ — غیر معین,,
400,N|ACT_PCPL|VF:4|FP|ACC,9,2:221:3,اسمِ فاعل,کام کرنے والا | مؤنث، جمع | منصوب — عموماً مفعول، حال، یا إنّ کا اسم,,
544,N|P|INDEF|ACC,9,3:156:16,اسم,منصوب — عموماً مفعول، حال، یا إنّ کا اسم | نکرہ — غیر معین,,
547,V|PERF|VF:7|3MP,9,3:159:12,فعلِ ماضی — گزرا ہوا کام,بابِ انفعال (انْفَعَلَ) — اکثر خود بخود ہو جانا | جمع مذکر غائب — وہ سب,,
565,N|ACT_PCPL|VF:1|MS|INDEF|ACC,9,4:16:13,اسمِ فاعل,کام کرنے والا | مذکر، واحد | منصوب — عموماً مفعول، حال، یا إنّ کا اسم | نکرہ — غیر معین,,
569,V|PERF|VF:4|3FP,9,4:23:14,فعلِ ماضی — گزرا ہوا کام,بابِ افعال (أَفْعَلَ) — اکثر کسی کو کچھ کروانا | جمع مؤنث غائب — وہ سب (عورتیں),,
664,N|ACT_PCPL|VF:4|M|NOM|ADJ,9,5:92:13,اسمِ فاعل,کام کرنے والا | صفت (نعت) — پہلے اسم کی خوبی بیان کرتا ہے | مذکر | مرفوع — عموماً فاعل، مبتدا یا خبر,,
710,V|IMPV|VF:1|2MD,9,7:19:6,فعلِ امر — حکم,ثلاثی مجرد (فَعَلَ) | تثنیہ مذکر حاضر — تم دونوں,,
740,N|VN|VF:2|F|INDEF|ACC,9,8:35:8,مصدر,کام کا نام | مؤنث | منصوب — عموماً مفعول، حال، یا إنّ کا اسم | نکرہ — غیر معین,,
744,V|IMPF|VF:1|FAM:كَان|3MP|MOOD:SUBJ,9,9:18:21,فعلِ مضارع — حال یا مستقبل کا کام,ثلاثی مجرد (فَعَلَ) | کانَ اور اس کے اخوات (افعالِ ناقصہ) — اسم مرفوع، خبر منصوب | جمع مذکر غائب — وہ سب | منصوب — أَنْ، لَنْ، کَيْ وغیرہ کی وجہ سے,,
748,V|IMPF|VF:5|1P|MOOD:IND,9,9:52:9,فعلِ مضارع — حال یا مستقبل کا کام,بابِ تفعّل (تَفَعَّلَ) — اکثر خود پر اثر لینا | جمع متکلم — ہم | مرفوع (عام حالت),,
753,V|IMPF|VF:2|3FS|MOOD:IND,9,9:64:7,فعلِ مضارع — حال یا مستقبل کا کام,بابِ تفعیل (فَعَّلَ) — اکثر شدت یا کسی سے کام کروانا | واحد مؤنث غائب — وہ (ایک عورت) | مرفوع (عام حالت),,
757,N|PASS_PCPL|VF:2|MP|NOM,9,9:81:2,اسمِ مفعول,جس پر کام ہوا | مذکر، جمع | مرفوع — عموماً فاعل، مبتدا یا خبر,,
255,V|IMPF|VF:8|3MP|MOOD:SUBJ,8,2:79:12,فعلِ مضارع — حال یا مستقبل کا کام,بابِ افتعال (افْتَعَلَ) | جمع مذکر غائب — وہ سب | منصوب — أَنْ، لَنْ، کَيْ وغیرہ کی وجہ سے,,
306,V|IMPF|VF:2|2MP|MOOD:JUS,8,2:110:6,فعلِ مضارع — حال یا مستقبل کا کام,بابِ تفعیل (فَعَّلَ) — اکثر شدت یا کسی سے کام کروانا | جمع مذکر حاضر — تم سب | مجزوم — لَمْ، لائے نہی، لامِ امر یا شرط کی وجہ سے,,
331,N|ACT_PCPL|VF:10|M|INDEF|GEN|ADJ,8,2:142:21,اسمِ فاعل,کام کرنے والا | صفت (نعت) — پہلے اسم کی خوبی بیان کرتا ہے | مذکر | مجرور — حرفِ جر کے بعد یا مضاف الیہ | نکرہ — غیر معین,,
352,V|PERF|VF:5|3FS,8,2:166:10,فعلِ ماضی — گزرا ہوا کام,بابِ تفعّل (تَفَعَّلَ) — اکثر خود پر اثر لینا | واحد مؤنث غائب — وہ (ایک عورت),,
422,V|IMPF|VF:2|PASS|3FS|MOOD:IND,8,2:233:18,فعلِ مضارع — حال یا مستقبل کا کام,مجہول — کام کرنے والے کا ذکر نہیں | بابِ تفعیل (فَعَّلَ) — اکثر شدت یا کسی سے کام کروانا | واحد مؤنث غائب — وہ (ایک عورت) | مرفوع (عام حالت),,
550,V|IMPF|VF:2|PASS|3MP|MOOD:IND,8,3:180:17,فعلِ مضارع — حال یا مستقبل کا کام,مجہول — کام کرنے والے کا ذکر نہیں | بابِ تفعیل (فَعَّلَ) — اکثر شدت یا کسی سے کام کروانا | جمع مذکر غائب — وہ سب | مرفوع (عام حالت),,
564,V|IMPF|VF:1|3MD|MOOD:IND,8,4:16:2,فعلِ مضارع — حال یا مستقبل کا کام,ثلاثی مجرد (فَعَلَ) | تثنیہ مذکر غائب — وہ دونوں | مرفوع (عام حالت),,
605,V|PERF|VF:1|FAM:كَاد|3MS,8,4:84:11,فعلِ ماضی — گزرا ہوا کام,ثلاثی مجرد (فَعَلَ) | افعالِ مقاربہ — قریب ہونا | واحد مذکر غائب — وہ (ایک مرد),,
649,V|PERF|VF:4|FAM:كَان|3MS,8,5:30:7,فعلِ ماضی — گزرا ہوا کام,بابِ افعال (أَفْعَلَ) — اکثر کسی کو کچھ کروانا | کانَ اور اس کے اخوات (افعالِ ناقصہ) — اسم مرفوع، خبر منصوب | واحد مذکر غائب — وہ (ایک مرد),,
701,N|ACT_PCPL|VF:10|M|INDEF|ACC,8,6:126:4,اسمِ فاعل,کام کرنے والا | مذکر | منصوب — عموماً مفعول، حال، یا إنّ کا اسم | نکرہ — غیر معین,,
704,N|ACT_PCPL|VF:4|MP|GEN|ADJ,8,6:147:13,اسمِ فاعل,کام کرنے والا | صفت (نعت) — پہلے اسم کی خوبی بیان کرتا ہے | مذکر، جمع | مجرور — حرفِ جر کے بعد یا مضاف الیہ,,
712,N|PRON|2D,8,7:21:3,ضمیر,ضمیرِ منفصل — الگ لکھی ہوئی | تثنیہ حاضر — تم دونوں,,
729,V|PERF|VF:8|1S,8,7:144:4,فعلِ ماضی — گزرا ہوا کام,بابِ افتعال (افْتَعَلَ) | واحد متکلم — میں,,
733,V|PERF|VF:7|3MS,8,7:175:7,فعلِ ماضی — گزرا ہوا کام,بابِ انفعال (انْفَعَلَ) — اکثر خود بخود ہو جانا | واحد مذکر غائب — وہ (ایک مرد),,
745,N|MP|INDEF|NOM|ADJ,8,9:36:18,اسمِ صفت,صفت (نعت) — پہلے اسم کی خوبی بیان کرتا ہے | مذکر، جمع | مرفوع — عموماً فاعل، مبتدا یا خبر | نکرہ — غیر معین,,
760,N|ACT_PCPL|VF:2|MP|NOM,8,9:90:2,اسمِ فاعل,کام کرنے والا | مذکر، جمع | مرفوع — عموماً فاعل، مبتدا یا خبر,,
829,N|ACT_PCPL|VF:10|M|INDEF|NOM,8,15:41:5,اسمِ فاعل,کام کرنے والا | مذکر | مرفوع — عموماً فاعل، مبتدا یا خبر | نکرہ — غیر معین,,
171,V|IMPF|VF:1|2D|MOOD:JUS,7,2:35:13,فعلِ مضارع — حال یا مستقبل کا کام,ثلاثی مجرد (فَعَلَ) | تثنیہ حاضر — تم دونوں | مجزوم — لَمْ، لائے نہی، لامِ امر یا شرط کی وجہ سے,,
215,V|PERF|VF:7|3FS,7,2:60:9,فعلِ ماضی — گزرا ہوا کام,بابِ انفعال (انْفَعَلَ) — اکثر خود بخود ہو جانا | واحد مؤنث غائب — وہ (ایک عورت),,
290,V|IMPF|VF:2|PASS|3MS|MOOD:SUBJ,7,2:96:21,فعلِ مضارع — حال یا مستقبل کا کام,مجہول — کام کرنے والے کا ذکر نہیں | بابِ تفعیل (فَعَّلَ) — اکثر شدت یا کسی سے کام کروانا | واحد مذکر غائب — وہ (ایک مرد) | منصوب — أَنْ، لَنْ، کَيْ وغیرہ کی وجہ سے,,
361,N|VN|VF:2|M|INDEF|NOM,7,2:178:27,مصدر,کام کا نام | مذکر | مرفوع — عموماً فاعل، مبتدا یا خبر | نکرہ — غیر معین,,
375,N|M|NOM|ADJ,7,2:194:2,اسمِ صفت,صفت (نعت) — پہلے اسم کی خوبی بیان کرتا ہے | مذکر | مرفوع — عموماً فاعل، مبتدا یا خبر,,
398,N|ACT_PCPL|VF:4|M|ACC,7,2:220:16,اسمِ فاعل,کام کرنے والا | مذکر | منصوب — عموماً مفعول، حال، یا إنّ کا اسم,,
401,V|IMPF|VF:4|3FP|MOOD:IND,7,2:221:5,فعلِ مضارع — حال یا مستقبل کا کام,بابِ افعال (أَفْعَلَ) — اکثر کسی کو کچھ کروانا | جمع مؤنث غائب — وہ سب (عورتیں) | مرفوع (عام حالت),,
406,N|ACT_PCPL|VF:5|MP|ACC,7,2:222:27,اسمِ فاعل,کام کرنے والا | مذکر، جمع | منصوب — عموماً مفعول، حال، یا إنّ کا اسم,,
418,V|PERF|VF:6|3MP,7,2:232:12,فعلِ ماضی — گزرا ہوا کام,بابِ تفاعل (تَفاعَلَ) — اکثر باہم ایک دوسرے سے | جمع مذکر غائب — وہ سب,,
432,N|F|GEN|ADJ,7,2:238:5,اسمِ صفت,صفت (نعت) — پہلے اسم کی خوبی بیان کرتا ہے | مؤنث | مجرور — حرفِ جر کے بعد یا مضاف الیہ,,
440,V|PERF|VF:4|PASS|1P,7,2:246:40,فعلِ ماضی — گزرا ہوا کام,مجہول — کام کرنے والے کا ذکر نہیں | بابِ افعال (أَفْعَلَ) — اکثر کسی کو کچھ کروانا | جمع متکلم — ہم,,
457,V|IMPF|VF:1|FAM:كَان|3FS|MOOD:SUBJ,7,2:266:4,فعلِ مضارع — حال یا مستقبل کا کام,ثلاثی مجرد (فَعَلَ) | کانَ اور اس کے اخوات (افعالِ ناقصہ) — اسم مرفوع، خبر منصوب | واحد مؤنث غائب — وہ (ایک عورت) | منصوب — أَنْ، لَنْ، کَيْ وغیرہ کی وجہ سے,,
484,N|ACT_PCPL|VF:10|MP|ACC,7,3:17:5,اسمِ فاعل,کام کرنے والا | مذکر، جمع | منصوب — عموماً مفعول، حال، یا إنّ کا اسم,,
545,V|PERF|VF:1|PASS|2MP,7,3:157:2,فعلِ ماضی — گزرا ہوا کام,مجہول — کام کرنے والے کا ذکر نہیں | ثلاثی مجرد (فَعَلَ) | جمع مذکر حاضر — تم سب,,
571,N|ACT_PCPL|VF:3|MP|GEN,7,4:24:21,اسمِ فاعل,کام کرنے والا | مذکر، جمع | مجرور — حرفِ جر کے بعد یا مضاف الیہ,,
592,V|IMPF|VF:1|FAM:كَان|1S|MOOD:JUS,7,4:72:15,فعلِ مضارع — حال یا مستقبل کا کام,ثلاثی مجرد (فَعَلَ) | کانَ اور اس کے اخوات (افعالِ ناقصہ) — اسم مرفوع، خبر منصوب | واحد متکلم — میں | مجزوم — لَمْ، لائے نہی، لامِ امر یا شرط کی وجہ سے,,
615,N|FS|INDEF|NOM|ADJ,7,4:94:25,اسمِ صفت,صفت (نعت) — پہلے اسم کی خوبی بیان کرتا ہے | مؤنث، واحد | مرفوع — عموماً فاعل، مبتدا یا خبر | نکرہ — غیر معین,,
618,V|IMPF|VF:1|FAM:كَان|3MP|MOOD:JUS,7,4:102:15,فعلِ مضارع — حال یا مستقبل کا کام,ثلاثی مجرد (فَعَلَ) | کانَ اور اس کے اخوات (افعالِ ناقصہ) — اسم مرفوع، خبر منصوب | جمع مذکر غائب — وہ سب | مجزوم — لَمْ، لائے نہی، لامِ امر یا شرط کی وجہ سے,,
671,N|ACT_PCPL|VF:1|F|GEN,7,5:110:11,اسمِ فاعل,کام کرنے والا | مؤنث | مجرور — حرفِ جر کے بعد یا مضاف الیہ,,
697,N|ACT_PCPL|VF:8|M|INDEF|ACC,7,6:99:30,اسمِ فاعل,کام کرنے والا | مذکر | منصوب — عموماً مفعول، حال، یا إنّ کا اسم | نکرہ — غیر معین,,
711,V|PERF|VF:3|PASS|3MS,7,7:20:7,فعلِ ماضی — گزرا ہوا کام,مجہول — کام کرنے والے کا ذکر نہیں | بابِ مفاعلہ (فاعَلَ) — اکثر دوسرے کے ساتھ مل کر کام | واحد مذکر غائب — وہ (ایک مرد),,
714,N|T|F|INDEF|ACC,7,7:34:9,ظرفِ زمان (وقت بتاتا ہے),مؤنث | منصوب — عموماً مفعول، حال، یا إنّ کا اسم | نکرہ — غیر معین,,
715,V|IMPF|VF:8|1P|MOOD:SUBJ,7,7:43:19,فعلِ مضارع — حال یا مستقبل کا کام,بابِ افتعال (افْتَعَلَ) | جمع متکلم — ہم | منصوب — أَنْ، لَنْ، کَيْ وغیرہ کی وجہ سے,,
724,V|PERF|VF:5|1P,7,7:89:33,فعلِ ماضی — گزرا ہوا کام,بابِ تفعّل (تَفَعَّلَ) — اکثر خود پر اثر لینا | جمع متکلم — ہم,,
730,V|IMPV|VF:1|FAM:كَان|2MS,7,7:144:12,فعلِ امر — حکم,ثلاثی مجرد (فَعَلَ) | کانَ اور اس کے اخوات (افعالِ ناقصہ) — اسم مرفوع، خبر منصوب | واحد مذکر حاضر — تُو (ایک مرد),,
732,N|ACT_PCPL|VF:1|F|ACC,7,7:163:6,اسمِ فاعل,کام کرنے والا | مؤنث | منصوب — عموماً مفعول، حال، یا إنّ کا اسم,,
765,V|PERF|VF:5|1S,7,9:129:11,فعلِ ماضی — گزرا ہوا کام,بابِ تفعّل (تَفَعَّلَ) — اکثر خود پر اثر لینا | واحد متکلم — میں,,
787,N|PN|INDEF|NOM,7,11:59:2,عَلَم (خاص نام),مرفوع — عموماً فاعل، مبتدا یا خبر | نکرہ — غیر معین,,
828,N|PASS_PCPL|VF:4|MP|ACC|ADJ,7,15:40:4,اسمِ مفعول,جس پر کام ہوا | صفت (نعت) — پہلے اسم کی خوبی بیان کرتا ہے | مذکر، جمع | منصوب — عموماً مفعول، حال، یا إنّ کا اسم,,
831,N|ACT_PCPL|VF:5|MP|GEN,7,15:75:5,اسمِ فاعل,کام کرنے والا | مذکر، جمع | مجرور — حرفِ جر کے بعد یا مضاف الیہ,,
838,N|ACT_PCPL|VF:8|M|INDEF|NOM,7,16:69:14,اسمِ فاعل,کام کرنے والا | مذکر | مرفوع — عموماً فاعل، مبتدا یا خبر | نکرہ — غیر معین,,
973,N|F|INDEF|NOM|ADJ,7,39:60:9,اسمِ صفت,صفت (نعت) — پہلے اسم کی خوبی بیان کرتا ہے | مؤنث | مرفوع — عموماً فاعل، مبتدا یا خبر | نکرہ — غیر معین,,
1016,N|PASS_PCPL|VF:1|M|INDEF|GEN|ADJ,7,56:28:3,اسمِ مفعول,جس پر کام ہوا | صفت (نعت) — پہلے اسم کی خوبی بیان کرتا ہے | مذکر | مجرور — حرفِ جر کے بعد یا مضاف الیہ | نکرہ — غیر معین,,
46,P|EQ|PREF,6,2:6:6,ہمزۂ تسویہ,برابر ہے کہ,,
104,V|IMPF|VF:1|FAM:كَاد|3MS|MOOD:IND,6,2:20:1,فعلِ مضارع — حال یا مستقبل کا کام,ثلاثی مجرد (فَعَلَ) | افعالِ مقاربہ — قریب ہونا | واحد مذکر غائب — وہ (ایک مرد) | مرفوع (عام حالت),,
180,N|ACT_PCPL|VF:1|MS|NOM,6,2:37:10,اسمِ فاعل,کام کرنے والا | مذکر، واحد | مرفوع — عموماً فاعل، مبتدا یا خبر,,
205,N|VN|VF:8|M|GEN,6,2:54:9,مصدر,کام کا نام | مذکر | مجرور — حرفِ جر کے بعد یا مضاف الیہ,,
225,N|PN|P|ACC,6,2:62:6,عَلَم (خاص نام),منصوب — عموماً مفعول، حال، یا إنّ کا اسم,,
242,N|PASS_PCPL|VF:2|F|INDEF|NOM|ADJ,6,2:71:13,اسمِ مفعول,جس پر کام ہوا | صفت (نعت) — پہلے اسم کی خوبی بیان کرتا ہے | مؤنث | مرفوع — عموماً فاعل، مبتدا یا خبر | نکرہ — غیر معین,,
268,N|PASS_PCPL|VF:2|M|INDEF|NOM,6,2:85:20,اسمِ مفعول,جس پر کام ہوا | مذکر | مرفوع — عموماً فاعل، مبتدا یا خبر | نکرہ — غیر معین,,
374,V|IMPF|VF:3|2MP|MOOD:JUS,6,2:187:49,فعلِ مضارع — حال یا مستقبل کا کام,بابِ مفاعلہ (فاعَلَ) — اکثر دوسرے کے ساتھ مل کر کام | جمع مذکر حاضر — تم سب | مجزوم — لَمْ، لائے نہی، لامِ امر یا شرط کی وجہ سے,,
403,N|ACT_PCPL|VF:4|F|INDEF|GEN,6,2:221:10,اسمِ فاعل,کام کرنے والا | مؤنث | مجرور — حرفِ جر کے بعد یا مضاف الیہ | نکرہ — غیر معین,,
427,V|PERF|VF:4|3MD,6,2:233:35,فعلِ ماضی — گزرا ہوا کام,بابِ افعال (أَفْعَلَ) — اکثر کسی کو کچھ کروانا | تثنیہ مذکر غائب — وہ دونوں,,
463,V|IMPF|VF:5|2MP|MOOD:SUBJ,6,2:280:9,فعلِ مضارع — حال یا مستقبل کا کام,بابِ تفعّل (تَفَعَّلَ) — اکثر خود پر اثر لینا | جمع مذکر حاضر — تم سب | منصوب — أَنْ، لَنْ، کَيْ وغیرہ کی وجہ سے,,
473,V|IMPF|VF:3|2MS|MOOD:JUS,6,2:286:15,فعلِ مضارع — حال یا مستقبل کا کام,بابِ مفاعلہ (فاعَلَ) — اکثر دوسرے کے ساتھ مل کر کام | واحد مذکر حاضر — تُو (ایک مرد) | مجزوم — لَمْ، لائے نہی، لامِ امر یا شرط کی وجہ سے,,
474,V|IMPF|VF:2|2MS|MOOD:JUS,6,2:286:33,فعلِ مضارع — حال یا مستقبل کا کام,بابِ تفعیل (فَعَّلَ) — اکثر شدت یا کسی سے کام کروانا | واحد مذکر حاضر — تُو (ایک مرد) | مجزوم — لَمْ، لائے نہی، لامِ امر یا شرط کی وجہ سے,,
505,V|IMPF|VF:8|1P|MOOD:JUS,6,3:61:20,فعلِ مضارع — حال یا مستقبل کا کام,بابِ افتعال (افْتَعَلَ) | جمع متکلم — ہم | مجزوم — لَمْ، لائے نہی، لامِ امر یا شرط کی وجہ سے,,
515,V|IMPF|VF:1|PASS|3FS|MOOD:SUBJ,6,3:90:10,فعلِ مضارع — حال یا مستقبل کا کام,مجہول — کام کرنے والے کا ذکر نہیں | ثلاثی مجرد (فَعَلَ) | واحد مؤنث غائب — وہ (ایک عورت) | منصوب — أَنْ، لَنْ، کَيْ وغیرہ کی وجہ سے,,
527,V|IMPF|VF:1|PASS|3MP|MOOD:SUBJ,6,3:115:6,فعلِ مضارع — حال یا مستقبل کا کام,مجہول — کام کرنے والے کا ذکر نہیں | ثلاثی مجرد (فَعَلَ) | جمع مذکر غائب — وہ سب | منصوب — أَنْ، لَنْ، کَيْ وغیرہ کی وجہ سے,,
624,V|IMPF|VF:1|FAM:كَان|1P|MOOD:JUS,6,4:141:12,فعلِ مضارع — حال یا مستقبل کا کام,ثلاثی مجرد (فَعَلَ) | کانَ اور اس کے اخوات (افعالِ ناقصہ) — اسم مرفوع، خبر منصوب | جمع متکلم — ہم | مجزوم — لَمْ، لائے نہی، لامِ امر یا شرط کی وجہ سے,,
627,V|IMPF|VF:10|3MS|MOOD:SUBJ,6,4:172:2,فعلِ مضارع — حال یا مستقبل کا کام,بابِ استفعال (اسْتَفْعَلَ) — اکثر طلب کرنا | واحد مذکر غائب — وہ (ایک مرد) | منصوب — أَنْ، لَنْ، کَيْ وغیرہ کی وجہ سے,,
640,N|ACT_PCPL|VF:1|F|INDEF|GEN,6,5:13:21,اسمِ فاعل,کام کرنے والا | مؤنث | مجرور — حرفِ جر کے بعد یا مضاف الیہ | نکرہ — غیر معین,,
653,V|PERF|VF:10|PASS|3MP,6,5:44:17,فعلِ ماضی — گزرا ہوا کام,مجہول — کام کرنے والے کا ذکر نہیں | بابِ استفعال (اسْتَفْعَلَ) — اکثر طلب کرنا | جمع مذکر غائب — وہ سب,,
657,N|MP|INDEF|GEN|ADJ,6,5:54:15,اسمِ صفت,صفت (نعت) — پہلے اسم کی خوبی بیان کرتا ہے | مذکر، جمع | مجرور — حرفِ جر کے بعد یا مضاف الیہ | نکرہ — غیر معین,,
673,V|IMPF|VF:1|FAM:كَان|1P|MOOD:SUBJ,6,5:113:12,فعلِ مضارع — حال یا مستقبل کا کام,ثلاثی مجرد (فَعَلَ) | کانَ اور اس کے اخوات (افعالِ ناقصہ) — اسم مرفوع، خبر منصوب | جمع متکلم — ہم | منصوب — أَنْ، لَنْ، کَيْ وغیرہ کی وجہ سے,,
682,V|PERF|VF:10|2MS,6,6:35:7,فعلِ ماضی — گزرا ہوا کام,بابِ استفعال (اسْتَفْعَلَ) — اکثر طلب کرنا | واحد مذکر حاضر — تُو (ایک مرد),,
687,V|IMPF|VF:1|FAM:كَان|1P|MOOD:IND,6,6:63:15,فعلِ مضارع — حال یا مستقبل کا کام,ثلاثی مجرد (فَعَلَ) | کانَ اور اس کے اخوات (افعالِ ناقصہ) — اسم مرفوع، خبر منصوب | جمع متکلم — ہم | مرفوع (عام حالت),,
727,N|ACT_PCPL|VF:4|MP|ACC|ADJ,6,7:133:13,اسمِ فاعل,کام کرنے والا | صفت (نعت) — پہلے اسم کی خوبی بیان کرتا ہے | مذکر، جمع | منصوب — عموماً مفعول، حال، یا إنّ کا اسم,,
751,N|PASS_PCPL|VF:8|M|INDEF|ACC,6,9:57:7,اسمِ مفعول,جس پر کام ہوا | مذکر | منصوب — عموماً مفعول، حال، یا إنّ کا اسم | نکرہ — غیر معین,,
756,V|IMPF|VF:10|2MS|MOOD:JUS,6,9:80:5,فعلِ مضارع — حال یا مستقبل کا کام,بابِ استفعال (اسْتَفْعَلَ) — اکثر طلب کرنا | واحد مذکر حاضر — تُو (ایک مرد) | مجزوم — لَمْ، لائے نہی، لامِ امر یا شرط کی وجہ سے,,
763,V|IMPF|VF:10|3MP|MOOD:SUBJ,6,9:113:7,فعلِ مضارع — حال یا مستقبل کا کام,بابِ استفعال (اسْتَفْعَلَ) — اکثر طلب کرنا | جمع مذکر غائب — وہ سب | منصوب — أَنْ، لَنْ، کَيْ وغیرہ کی وجہ سے,,
834,N|ACT_PCPL|VF:1|MP|INDEF|ACC|ADJ,6,16:48:14,اسمِ فاعل,کام کرنے والا | صفت (نعت) — پہلے اسم کی خوبی بیان کرتا ہے | مذکر، جمع | منصوب — عموماً مفعول، حال، یا إنّ کا اسم | نکرہ — غیر معین,,
842,N|ACT_PCPL|VF:4|F|INDEF|ACC,6,16:112:7,اسمِ فاعل,کام کرنے والا | مؤنث | منصوب — عموماً مفعول، حال، یا إنّ کا اسم | نکرہ — غیر معین,,
845,N|PN|MP|GEN,6,17:27:5,عَلَم (خاص نام),مذکر، جمع | مجرور — حرفِ جر کے بعد یا مضاف الیہ,,
11,V|IMPF|VF:10|1P|MOOD:IND,5,1:5:4,فعلِ مضارع — حال یا مستقبل کا کام,بابِ استفعال (اسْتَفْعَلَ) — اکثر طلب کرنا | جمع متکلم — ہم | مرفوع (عام حالت),,
85,N|ACT_PCPL|VF:10|MP|NOM,5,2:14:16,اسمِ فاعل,کام کرنے والا | مذکر، جمع | مرفوع — عموماً فاعل، مبتدا یا خبر,,
178,N|PASS_PCPL|VF:10|M|INDEF|NOM,5,2:36:16,اسمِ مفعول,جس پر کام ہوا | مذکر | مرفوع — عموماً فاعل، مبتدا یا خبر | نکرہ — غیر معین,,
245,V|PERF|VF:1|FAM:كَاد|3MP,5,2:71:23,فعلِ ماضی — گزرا ہوا کام,ثلاثی مجرد (فَعَلَ) | افعالِ مقاربہ — قریب ہونا | جمع مذکر غائب — وہ سب,,
313,V|IMPF|VF:8|2MS|MOOD:SUBJ,5,2:120:8,فعلِ مضارع — حال یا مستقبل کا کام,بابِ افتعال (افْتَعَلَ) | واحد مذکر حاضر — تُو (ایک مرد) | منصوب — أَنْ، لَنْ، کَيْ وغیرہ کی وجہ سے,,
379,N|FP|INDEF|NOM|ADJ,5,2:197:3,اسمِ صفت,صفت (نعت) — پہلے اسم کی خوبی بیان کرتا ہے | مؤنث، جمع | مرفوع — عموماً فاعل، مبتدا یا خبر | نکرہ — غیر معین,,
413,V|IMPF|VF:4|3MD|MOOD:SUBJ,5,2:229:20,فعلِ مضارع — حال یا مستقبل کا کام,بابِ افعال (أَفْعَلَ) — اکثر کسی کو کچھ کروانا | تثنیہ مذکر غائب — وہ دونوں | منصوب — أَنْ، لَنْ، کَيْ وغیرہ کی وجہ سے,,
429,V|IMPF|VF:10|2MP|MOOD:SUBJ,5,2:233:47,فعلِ مضارع — حال یا مستقبل کا کام,بابِ استفعال (اسْتَفْعَلَ) — اکثر طلب کرنا | جمع مذکر حاضر — تم سب | منصوب — أَنْ، لَنْ، کَيْ وغیرہ کی وجہ سے,,
453,N|PASS_PCPL|VF:1|M|INDEF|NOM|ADJ,5,2:263:2,اسمِ مفعول,جس پر کام ہوا | صفت (نعت) — پہلے اسم کی خوبی بیان کرتا ہے | مذکر | مرفوع — عموماً فاعل، مبتدا یا خبر | نکرہ — غیر معین,,
470,N|PASS_PCPL|VF:1|F|INDEF|NOM|ADJ,5,2:283:9,اسمِ مفعول,جس پر کام ہوا | صفت (نعت) — پہلے اسم کی خوبی بیان کرتا ہے | مؤنث | مرفوع — عموماً فاعل، مبتدا یا خبر | نکرہ — غیر معین,,
488,P|VOC|SUFF,5,3:26:2,حرفِ ندا,اے,,
517,N|PASS_PCPL|VF:3|M|INDEF|ACC,5,3:96:8,اسمِ مفعول,جس پر کام ہوا | مذکر | منصوب — عموماً مفعول، حال، یا إنّ کا اسم | نکرہ — غیر معین,,
524,V|IMPF|VF:3|3MP|MOOD:JUS,5,3:111:6,فعلِ مضارع — حال یا مستقبل کا کام,بابِ مفاعلہ (فاعَلَ) — اکثر دوسرے کے ساتھ مل کر کام | جمع مذکر غائب — وہ سب | مجزوم — لَمْ، لائے نہی، لامِ امر یا شرط کی وجہ سے,,
607,V|PERF|VF:2|PASS|2MP,5,4:86:2,فعلِ ماضی — گزرا ہوا کام,مجہول — کام کرنے والے کا ذکر نہیں | بابِ تفعیل (فَعَّلَ) — اکثر شدت یا کسی سے کام کروانا | جمع مذکر حاضر — تم سب,,
614,N|ACT_PCPL|VF:5|M|INDEF|ACC,5,4:93:4,اسمِ فاعل,کام کرنے والا | مذکر | منصوب — عموماً مفعول، حال، یا إنّ کا اسم | نکرہ — غیر معین,,
630,N|M|ACC|ADJ,5,5:2:10,اسمِ صفت,صفت (نعت) — پہلے اسم کی خوبی بیان کرتا ہے | مذکر | منصوب — عموماً مفعول، حال، یا إنّ کا اسم,,
666,N|INDEF|GEN,5,5:103:11,اسم,مجرور — حرفِ جر کے بعد یا مضاف الیہ | نکرہ — غیر معین,,
681,N|ACT_PCPL|VF:2|M|ACC,5,6:34:15,اسمِ فاعل,کام کرنے والا | مذکر | منصوب — عموماً مفعول، حال، یا إنّ کا اسم,,
686,N|VN|VF:5|M|INDEF|ACC,5,6:63:9,مصدر,کام کا نام | مذکر | منصوب — عموماً مفعول، حال، یا إنّ کا اسم | نکرہ — غیر معین,,
723,V|PERF|VF:4|PASS|1S,5,7:87:7,فعلِ ماضی — گزرا ہوا کام,مجہول — کام کرنے والے کا ذکر نہیں | بابِ افعال (أَفْعَلَ) — اکثر کسی کو کچھ کروانا | واحد متکلم — میں,,
726,V|IMPF|VF:5|3MP|MOOD:JUS,5,7:131:10,فعلِ مضارع — حال یا مستقبل کا کام,بابِ تفعّل (تَفَعَّلَ) — اکثر خود پر اثر لینا | جمع مذکر غائب — وہ سب | مجزوم — لَمْ، لائے نہی، لامِ امر یا شرط کی وجہ سے,,
746,V|PERF|VF:10|1P,5,9:42:15,فعلِ ماضی — گزرا ہوا کام,بابِ استفعال (اسْتَفْعَلَ) — اکثر طلب کرنا | جمع متکلم — ہم,,
749,N|ACT_PCPL|VF:5|MP|NOM,5,9:52:22,اسمِ فاعل,کام کرنے والا | مذکر، جمع | مرفوع — عموماً فاعل، مبتدا یا خبر,,
786,N|ACT_PCPL|VF:1|MS|INDEF|NOM|ADJ,5,11:57:21,اسمِ فاعل,کام کرنے والا | صفت (نعت) — پہلے اسم کی خوبی بیان کرتا ہے | مذکر، واحد | مرفوع — عموماً فاعل، مبتدا یا خبر | نکرہ — غیر معین,,
788,N|VN|VF:2|M|INDEF|GEN,5,11:63:22,مصدر,کام کا نام | مذکر | مجرور — حرفِ جر کے بعد یا مضاف الیہ | نکرہ — غیر معین,,
844,N|NV|IMPF,5,17:23:19,اسمِ فعل,,,
852,N|PASS_PCPL|VF:4|M|ACC,5,17:80:4,اسمِ مفعول,جس پر کام ہوا | مذکر | منصوب — عموماً مفعول، حال، یا إنّ کا اسم,,
882,N|F|ACC|ADJ,5,20:21:7,اسمِ صفت,صفت (نعت) — پہلے اسم کی خوبی بیان کرتا ہے | مؤنث | منصوب — عموماً مفعول، حال، یا إنّ کا اسم,,
892,V|PERF|VF:1|3FD,5,21:22:7,فعلِ ماضی — گزرا ہوا کام,ثلاثی مجرد (فَعَلَ) | تثنیہ مؤنث غائب — وہ دونوں (عورتیں),,
909,N|PASS_PCPL|VF:1|F|INDEF|GEN,5,24:29:8,اسمِ مفعول,جس پر کام ہوا | مؤنث | مجرور — حرفِ جر کے بعد یا مضاف الیہ | نکرہ — غیر معین,,
1043,N|VN|VF:2|F|INDEF|NOM,5,69:48:2,مصدر,کام کا نام | مؤنث | مرفوع — عموماً فاعل، مبتدا یا خبر | نکرہ — غیر معین,,
15,N|ACT_PCPL|VF:10|M|ACC|ADJ,4,1:6:3,اسمِ فاعل,کام کرنے والا | صفت (نعت) — پہلے اسم کی خوبی بیان کرتا ہے | مذکر | منصوب — عموماً مفعول، حال، یا إنّ کا اسم,,
166,V|IMPV|VF:1|2D,4,2:35:7,فعلِ امر — حکم,ثلاثی مجرد (فَعَلَ) | تثنیہ حاضر — تم دونوں,,
174,V|IMPF|VF:1|FAM:كَان|2D|MOOD:SUBJ,4,2:35:16,فعلِ مضارع — حال یا مستقبل کا کام,ثلاثی مجرد (فَعَلَ) | کانَ اور اس کے اخوات (افعالِ ناقصہ) — اسم مرفوع، خبر منصوب | تثنیہ حاضر — تم دونوں | منصوب — أَنْ، لَنْ، کَيْ وغیرہ کی وجہ سے,,
232,V|IMPF|VF:8|2MS|MOOD:IND,4,2:67:12,فعلِ مضارع — حال یا مستقبل کا کام,بابِ افتعال (افْتَعَلَ) | واحد مذکر حاضر — تُو (ایک مرد) | مرفوع (عام حالت),,
237,N|M|INDEF|NOM|ADJ,4,2:68:17,اسمِ صفت,صفت (نعت) — پہلے اسم کی خوبی بیان کرتا ہے | مذکر | مرفوع — عموماً فاعل، مبتدا یا خبر | نکرہ — غیر معین,,
266,V|IMPF|VF:6|2MP|MOOD:IND,4,2:85:11,فعلِ مضارع — حال یا مستقبل کا کام,بابِ تفاعل (تَفاعَلَ) — اکثر باہم ایک دوسرے سے | جمع مذکر حاضر — تم سب | مرفوع (عام حالت),,
296,V|IMPF|VF:1|3MD|MOOD:SUBJ,4,2:102:29,فعلِ مضارع — حال یا مستقبل کا کام,ثلاثی مجرد (فَعَلَ) | تثنیہ مذکر غائب — وہ دونوں | منصوب — أَنْ، لَنْ، کَيْ وغیرہ کی وجہ سے,,
312,V|IMPF|VF:1|PASS|2MS|MOOD:IND,4,2:119:7,فعلِ مضارع — حال یا مستقبل کا کام,مجہول — کام کرنے والے کا ذکر نہیں | ثلاثی مجرد (فَعَلَ) | واحد مذکر حاضر — تُو (ایک مرد) | مرفوع (عام حالت),,
333,V|IMPF|VF:1|FAM:كَان|2MP|MOOD:SUBJ,4,2:143:5,فعلِ مضارع — حال یا مستقبل کا کام,ثلاثی مجرد (فَعَلَ) | کانَ اور اس کے اخوات (افعالِ ناقصہ) — اسم مرفوع، خبر منصوب | جمع مذکر حاضر — تم سب | منصوب — أَنْ، لَنْ، کَيْ وغیرہ کی وجہ سے,,
342,N|ACT_PCPL|VF:2|M|NOM,4,2:148:4,اسمِ فاعل,کام کرنے والا | مذکر | مرفوع — عموماً فاعل، مبتدا یا خبر,,
386,N|VN|VF:1|FS|GEN,4,2:207:7,مصدر,کام کا نام | مؤنث، واحد | مجرور — حرفِ جر کے بعد یا مضاف الیہ,,
397,N|VN|VF:4|M|INDEF|NOM,4,2:220:8,مصدر,کام کا نام | مذکر | مرفوع — عموماً فاعل، مبتدا یا خبر | نکرہ — غیر معین,,
419,N|ACT_PCPL|VF:1|FP|NOM,4,2:233:1,اسمِ فاعل,کام کرنے والا | مؤنث، جمع | مرفوع — عموماً فاعل، مبتدا یا خبر,,
428,N|VN|VF:6|M|INDEF|GEN,4,2:233:38,مصدر,کام کا نام | مذکر | مجرور — حرفِ جر کے بعد یا مضاف الیہ | نکرہ — غیر معین,,
442,V|IMPF|VF:4|PASS|3MS|MOOD:JUS,4,2:247:22,فعلِ مضارع — حال یا مستقبل کا کام,مجہول — کام کرنے والے کا ذکر نہیں | بابِ افعال (أَفْعَلَ) — اکثر کسی کو کچھ کروانا | واحد مذکر غائب — وہ (ایک مرد) | مجزوم — لَمْ، لائے نہی، لامِ امر یا شرط کی وجہ سے,,
445,N|F|INDEF|GEN|ADJ,4,2:249:52,اسمِ صفت,صفت (نعت) — پہلے اسم کی خوبی بیان کرتا ہے | مؤنث | مجرور — حرفِ جر کے بعد یا مضاف الیہ | نکرہ — غیر معین,,
461,V|IMPF|VF:1|PASS|2MP|MOOD:JUS,4,2:272:28,فعلِ مضارع — حال یا مستقبل کا کام,مجہول — کام کرنے والے کا ذکر نہیں | ثلاثی مجرد (فَعَلَ) | جمع مذکر حاضر — تم سب | مجزوم — لَمْ، لائے نہی، لامِ امر یا شرط کی وجہ سے,,
475,N|VN|VF:8|M|INDEF|GEN,4,3:4:18,مصدر,کام کا نام | مذکر | مجرور — حرفِ جر کے بعد یا مضاف الیہ | نکرہ — غیر معین,,
512,N|T|MS|ACC,4,3:72:15,ظرفِ زمان (وقت بتاتا ہے),مذکر، واحد | منصوب — عموماً مفعول، حال، یا إنّ کا اسم,,
514,N|PN|VN|VF:4|M|GEN,4,3:85:4,عَلَم (خاص نام),مصدر — کام کا نام | مذکر | مجرور — حرفِ جر کے بعد یا مضاف الیہ,,
525,V|IMPF|VF:2|3MP|MOOD:JUS,4,3:111:7,فعلِ مضارع — حال یا مستقبل کا کام,بابِ تفعیل (فَعَّلَ) — اکثر شدت یا کسی سے کام کروانا | جمع مذکر غائب — وہ سب | مجزوم — لَمْ، لائے نہی، لامِ امر یا شرط کی وجہ سے,,
528,V|IMPF|VF:2|2MS|MOOD:IND,4,3:121:5,فعلِ مضارع — حال یا مستقبل کا کام,بابِ تفعیل (فَعَّلَ) — اکثر شدت یا کسی سے کام کروانا | واحد مذکر حاضر — تُو (ایک مرد) | مرفوع (عام حالت),,
534,V|IMPF|VF:3|1P|MOOD:IND,4,3:140:11,فعلِ مضارع — حال یا مستقبل کا کام,بابِ مفاعلہ (فاعَلَ) — اکثر دوسرے کے ساتھ مل کر کام | جمع متکلم — ہم | مرفوع (عام حالت),,
542,N|DEM,4,3:154:50,اسمِ اشارہ (یہ / وہ),,,
546,V|PERF|VF:1|PASS|2MS,4,3:159:5,فعلِ ماضی — گزرا ہوا کام,مجہول — کام کرنے والے کا ذکر نہیں | ثلاثی مجرد (فَعَلَ) | واحد مذکر حاضر — تُو (ایک مرد),,
551,N|ACT_PCPL|VF:4|M|GEN|ADJ,4,3:184:12,اسمِ فاعل,کام کرنے والا | صفت (نعت) — پہلے اسم کی خوبی بیان کرتا ہے | مذکر | مجرور — حرفِ جر کے بعد یا مضاف الیہ,,
554,V|IMPF|VF:4|PASS|2MP|MOOD:IND,4,3:186:1,فعلِ مضارع — حال یا مستقبل کا کام,مجہول — کام کرنے والے کا ذکر نہیں | بابِ افعال (أَفْعَلَ) — اکثر کسی کو کچھ کروانا | جمع مذکر حاضر — تم سب | مرفوع (عام حالت),,
585,N|PASS_PCPL|VF:4|M|INDEF|GEN,4,4:46:13,اسمِ مفعول,جس پر کام ہوا | مذکر | مجرور — حرفِ جر کے بعد یا مضاف الیہ | نکرہ — غیر معین,,
599,N|PASS_PCPL|VF:2|F|INDEF|GEN,4,4:78:9,اسمِ مفعول,جس پر کام ہوا | مؤنث | مجرور — حرفِ جر کے بعد یا مضاف الیہ | نکرہ — غیر معین,,
631,V|IMPV|VF:6|2MP,4,5:2:38,فعلِ امر — حکم,بابِ تفاعل (تَفاعَلَ) — اکثر باہم ایک دوسرے سے | جمع مذکر حاضر — تم سب,,
632,V|IMPF|VF:6|2MP|MOOD:JUS,4,5:2:43,فعلِ مضارع — حال یا مستقبل کا کام,بابِ تفاعل (تَفاعَلَ) — اکثر باہم ایک دوسرے سے | جمع مذکر حاضر — تم سب | مجزوم — لَمْ، لائے نہی، لامِ امر یا شرط کی وجہ سے,,
676,V|PERF|VF:10|PASS|3MS,4,6:10:2,فعلِ ماضی — گزرا ہوا کام,مجہول — کام کرنے والے کا ذکر نہیں | بابِ استفعال (اسْتَفْعَلَ) — اکثر طلب کرنا | واحد مذکر غائب — وہ (ایک مرد),,
678,V|IMPF|VF:1|PASS|1P|MOOD:IND,4,6:27:9,فعلِ مضارع — حال یا مستقبل کا کام,مجہول — کام کرنے والے کا ذکر نہیں | ثلاثی مجرد (فَعَلَ) | جمع متکلم — ہم | مرفوع (عام حالت),,
684,N|ACT_PCPL|VF:1|MP|NOM|ADJ,4,6:47:14,اسمِ فاعل,کام کرنے والا | صفت (نعت) — پہلے اسم کی خوبی بیان کرتا ہے | مذکر، جمع | مرفوع — عموماً فاعل، مبتدا یا خبر,,
717,N|ACT_PCPL|VF:2|M|INDEF|NOM,4,7:44:22,اسمِ فاعل,کام کرنے والا | مذکر | مرفوع — عموماً فاعل، مبتدا یا خبر | نکرہ — غیر معین,,
728,V|IMPF|VF:10|PASS|3MP|MOOD:IND,4,7:137:5,فعلِ مضارع — حال یا مستقبل کا کام,مجہول — کام کرنے والے کا ذکر نہیں | بابِ استفعال (اسْتَفْعَلَ) — اکثر طلب کرنا | جمع مذکر غائب — وہ سب | مرفوع (عام حالت),,
734,N|ACT_PCPL|VF:8|M|NOM,4,7:178:5,اسمِ فاعل,کام کرنے والا | مذکر | مرفوع — عموماً فاعل، مبتدا یا خبر,,
766,N|VN|VF:2|F|NOM,4,10:10:5,مصدر,کام کا نام | مؤنث | مرفوع — عموماً فاعل، مبتدا یا خبر,,
767,N|PN|M|INDEF|GEN,4,10:15:12,عَلَم (خاص نام),مذکر | مجرور — حرفِ جر کے بعد یا مضاف الیہ | نکرہ — غیر معین,,
782,V|IMPF|VF:8|3MD|MOOD:IND,4,11:24:8,فعلِ مضارع — حال یا مستقبل کا کام,بابِ افتعال (افْتَعَلَ) | تثنیہ مذکر غائب — وہ دونوں | مرفوع (عام حالت),,
785,V|IMPV|VF:4|2FS,4,11:44:6,فعلِ امر — حکم,بابِ افعال (أَفْعَلَ) — اکثر کسی کو کچھ کروانا | واحد مؤنث حاضر — تُو (ایک عورت),,
794,N|PASS_PCPL|VF:1|M|NOM,4,11:98:9,اسمِ مفعول,جس پر کام ہوا | مذکر | مرفوع — عموماً فاعل، مبتدا یا خبر,,
830,N|ACT_PCPL|VF:6|MP|ACC,4,15:47:10,اسمِ فاعل,کام کرنے والا | مذکر، جمع | منصوب — عموماً مفعول، حال، یا إنّ کا اسم,,
859,V|IMPF|VF:10|2MS|MOOD:SUBJ,4,18:41:6,فعلِ مضارع — حال یا مستقبل کا کام,بابِ استفعال (اسْتَفْعَلَ) — اکثر طلب کرنا | واحد مذکر حاضر — تُو (ایک مرد) | منصوب — أَنْ، لَنْ، کَيْ وغیرہ کی وجہ سے,,
943,V|IMPV|VF:4|2FP,4,33:28:11,فعلِ امر — حکم,بابِ افعال (أَفْعَلَ) — اکثر کسی کو کچھ کروانا | جمع مؤنث حاضر — تم سب (عورتیں),,
970,N|PASS_PCPL|VF:8|M|INDEF|NOM,4,38:42:4,اسمِ مفعول,جس پر کام ہوا | مذکر | مرفوع — عموماً فاعل، مبتدا یا خبر | نکرہ — غیر معین,,
1015,N|PASS_PCPL|VF:1|M|GEN|ADJ,4,56:23:3,اسمِ مفعول,جس پر کام ہوا | صفت (نعت) — پہلے اسم کی خوبی بیان کرتا ہے | مذکر | مجرور — حرفِ جر کے بعد یا مضاف الیہ,,
134,N|ACT_PCPL|VF:6|M|INDEF|ACC,3,2:25:27,اسمِ فاعل,کام کرنے والا | مذکر | منصوب — عموماً مفعول، حال، یا إنّ کا اسم | نکرہ — غیر معین,,
185,V|IMPF|VF:4|1S|MOOD:JUS,3,2:40:10,فعلِ مضارع — حال یا مستقبل کا کام,بابِ افعال (أَفْعَلَ) — اکثر کسی کو کچھ کروانا | واحد متکلم — میں | مجزوم — لَمْ، لائے نہی، لامِ امر یا شرط کی وجہ سے,,
236,N|ACT_PCPL|VF:1|M|INDEF|NOM|ADJ,3,2:68:15,اسمِ فاعل,کام کرنے والا | صفت (نعت) — پہلے اسم کی خوبی بیان کرتا ہے | مذکر | مرفوع — عموماً فاعل، مبتدا یا خبر | نکرہ — غیر معین,,
278,N|ACT_PCPL|VF:2|M|INDEF|NOM|ADJ,3,2:89:7,اسمِ فاعل,کام کرنے والا | صفت (نعت) — پہلے اسم کی خوبی بیان کرتا ہے | مذکر | مرفوع — عموماً فاعل، مبتدا یا خبر | نکرہ — غیر معین,,
311,V|PERF|VF:6|3FS,3,2:118:18,فعلِ ماضی — گزرا ہوا کام,بابِ تفاعل (تَفاعَلَ) — اکثر باہم ایک دوسرے سے | واحد مؤنث غائب — وہ (ایک عورت),,
320,N|ACT_PCPL|VF:1|M|INDEF|ACC|ADJ,3,2:126:8,اسمِ فاعل,کام کرنے والا | صفت (نعت) — پہلے اسم کی خوبی بیان کرتا ہے | مذکر | منصوب — عموماً مفعول، حال، یا إنّ کا اسم | نکرہ — غیر معین,,
338,N|VN|VF:5|M|ACC,3,2:144:3,مصدر,کام کا نام | مذکر | منصوب — عموماً مفعول، حال، یا إنّ کا اسم,,
350,N|PASS_PCPL|VF:2|M|GEN|ADJ,3,2:164:37,اسمِ مفعول,جس پر کام ہوا | صفت (نعت) — پہلے اسم کی خوبی بیان کرتا ہے | مذکر | مجرور — حرفِ جر کے بعد یا مضاف الیہ,,
353,V|IMPF|VF:5|1P|MOOD:SUBJ,3,2:167:8,فعلِ مضارع — حال یا مستقبل کا کام,بابِ تفعّل (تَفَعَّلَ) — اکثر خود پر اثر لینا | جمع متکلم — ہم | منصوب — أَنْ، لَنْ، کَيْ وغیرہ کی وجہ سے,,
364,N|PASS_PCPL|VF:1|FP|INDEF|ACC|ADJ,3,2:184:2,اسمِ مفعول,جس پر کام ہوا | صفت (نعت) — پہلے اسم کی خوبی بیان کرتا ہے | مؤنث، جمع | منصوب — عموماً مفعول، حال، یا إنّ کا اسم | نکرہ — غیر معین,,
371,N|T|F|ACC,3,2:187:3,ظرفِ زمان (وقت بتاتا ہے),مؤنث | منصوب — عموماً مفعول، حال، یا إنّ کا اسم,,
408,N|VN|VF:5|M|NOM,3,2:226:5,مصدر,کام کا نام | مذکر | مرفوع — عموماً فاعل، مبتدا یا خبر,,
411,V|PERF|VF:1|FAM:كَان|3FP,3,2:228:17,فعلِ ماضی — گزرا ہوا کام,ثلاثی مجرد (فَعَلَ) | کانَ اور اس کے اخوات (افعالِ ناقصہ) — اسم مرفوع، خبر منصوب | جمع مؤنث غائب — وہ سب (عورتیں),,
415,V|IMPF|VF:6|3MD|MOOD:SUBJ,3,2:230:18,فعلِ مضارع — حال یا مستقبل کا کام,بابِ تفاعل (تَفاعَلَ) — اکثر باہم ایک دوسرے سے | تثنیہ مذکر غائب — وہ دونوں | منصوب — أَنْ، لَنْ، کَيْ وغیرہ کی وجہ سے,,
460,V|IMPF|VF:2|PASS|3MS|MOOD:JUS,3,2:272:24,فعلِ مضارع — حال یا مستقبل کا کام,مجہول — کام کرنے والے کا ذکر نہیں | بابِ تفعیل (فَعَّلَ) — اکثر شدت یا کسی سے کام کروانا | واحد مذکر غائب — وہ (ایک مرد) | مجزوم — لَمْ، لائے نہی، لامِ امر یا شرط کی وجہ سے,,
468,N|ACT_PCPL|VF:1|F|INDEF|ACC|ADJ,3,2:282:100,اسمِ فاعل,کام کرنے والا | صفت (نعت) — پہلے اسم کی خوبی بیان کرتا ہے | مؤنث | منصوب — عموماً مفعول، حال، یا إنّ کا اسم | نکرہ — غیر معین,,
471,N|ACT_PCPL|VF:1|MS|INDEF|NOM,3,2:283:27,اسمِ فاعل,کام کرنے والا | مذکر، واحد | مرفوع — عموماً فاعل، مبتدا یا خبر | نکرہ — غیر معین,,
482,V|IMPF|VF:3|3FS|MOOD:IND,3,3:13:9,فعلِ مضارع — حال یا مستقبل کا کام,بابِ مفاعلہ (فاعَلَ) — اکثر دوسرے کے ساتھ مل کر کام | واحد مؤنث غائب — وہ (ایک عورت) | مرفوع (عام حالت),,
492,N|PASS_PCPL|VF:2|M|INDEF|ACC,3,3:35:12,اسمِ مفعول,جس پر کام ہوا | مذکر | منصوب — عموماً مفعول، حال، یا إنّ کا اسم | نکرہ — غیر معین,,
495,V|PERF|VF:3|3FS,3,3:39:1,فعلِ ماضی — گزرا ہوا کام,بابِ مفاعلہ (فاعَلَ) — اکثر دوسرے کے ساتھ مل کر کام | واحد مؤنث غائب — وہ (ایک عورت),,
501,P|ADDR|SUFF|F,3,3:47:11,حرفِ خطاب,مخاطب کی طرف اشارہ,,
503,N|ACT_PCPL|VF:5|M|NOM,3,3:55:6,اسمِ فاعل,کام کرنے والا | مذکر | مرفوع — عموماً فاعل، مبتدا یا خبر,,
516,V|IMPF|VF:2|PASS|3FS|MOOD:SUBJ,3,3:93:16,فعلِ مضارع — حال یا مستقبل کا کام,مجہول — کام کرنے والے کا ذکر نہیں | بابِ تفعیل (فَعَّلَ) — اکثر شدت یا کسی سے کام کروانا | واحد مؤنث غائب — وہ (ایک عورت) | منصوب — أَنْ، لَنْ، کَيْ وغیرہ کی وجہ سے,,
523,V|PERF|VF:9|3FS,3,3:106:8,فعلِ ماضی — گزرا ہوا کام,بابِ افعلال (افْعَلَّ) — رنگ یا عیب | واحد مؤنث غائب — وہ (ایک عورت),,
526,N|T|MP|ACC,3,3:113:11,ظرفِ زمان (وقت بتاتا ہے),مذکر، جمع | منصوب — عموماً مفعول، حال، یا إنّ کا اسم,,
535,P|COM|PREF,3,3:142:12,واوِ معیت,کے ساتھ,,
536,V|PERF|VF:7|2MP,3,3:144:14,فعلِ ماضی — گزرا ہوا کام,بابِ انفعال (انْفَعَلَ) — اکثر خود بخود ہو جانا | جمع مذکر حاضر — تم سب,,
553,V|IMPF|VF:2|PASS|2MP|MOOD:IND,3,3:185:6,فعلِ مضارع — حال یا مستقبل کا کام,مجہول — کام کرنے والے کا ذکر نہیں | بابِ تفعیل (فَعَّلَ) — اکثر شدت یا کسی سے کام کروانا | جمع مذکر حاضر — تم سب | مرفوع (عام حالت),,
556,N|ACT_PCPL|VF:3|M|INDEF|ACC,3,3:193:4,اسمِ فاعل,کام کرنے والا | مذکر | منصوب — عموماً مفعول، حال، یا إنّ کا اسم | نکرہ — غیر معین,,
570,N|PASS_PCPL|VF:4|FP|NOM,3,4:24:1,اسمِ مفعول,جس پر کام ہوا | مؤنث، جمع | مرفوع — عموماً فاعل، مبتدا یا خبر,,
572,N|PASS_PCPL|VF:4|FP|ACC,3,4:25:8,اسمِ مفعول,جس پر کام ہوا | مؤنث، جمع | منصوب — عموماً مفعول، حال، یا إنّ کا اسم,,
583,N|ACT_PCPL|VF:1|FP|INDEF|NOM,3,4:34:16,اسمِ فاعل,کام کرنے والا | مؤنث، جمع | مرفوع — عموماً فاعل، مبتدا یا خبر | نکرہ — غیر معین,,
602,V|IMPF|VF:1|FAM:كَاد|3MP|MOOD:IND,3,4:78:34,فعلِ مضارع — حال یا مستقبل کا کام,ثلاثی مجرد (فَعَلَ) | افعالِ مقاربہ — قریب ہونا | جمع مذکر غائب — وہ سب | مرفوع (عام حالت),,
603,N|VN|VF:8|M|INDEF|ACC,3,4:82:12,مصدر,کام کا نام | مذکر | منصوب — عموماً مفعول، حال، یا إنّ کا اسم | نکرہ — غیر معین,,
612,N|ACT_PCPL|VF:4|F|INDEF|GEN|ADJ,3,4:92:15,اسمِ فاعل,کام کرنے والا | صفت (نعت) — پہلے اسم کی خوبی بیان کرتا ہے | مؤنث | مجرور — حرفِ جر کے بعد یا مضاف الیہ | نکرہ — غیر معین,,
617,N|PASS_PCPL|VF:10|MP|ACC,3,4:97:12,اسمِ مفعول,جس پر کام ہوا | مذکر، جمع | منصوب — عموماً مفعول، حال، یا إنّ کا اسم,,
626,N|PASS_PCPL|VF:2|MP|ACC,3,4:143:1,اسمِ مفعول,جس پر کام ہوا | مذکر، جمع | منصوب — عموماً مفعول، حال، یا إنّ کا اسم,,
629,V|PERF|VF:1|FAM:كَان|3FD,3,4:176:27,فعلِ ماضی — گزرا ہوا کام,ثلاثی مجرد (فَعَلَ) | کانَ اور اس کے اخوات (افعالِ ناقصہ) — اسم مرفوع، خبر منصوب | تثنیہ مؤنث غائب — وہ دونوں (عورتیں),,
637,N|ACT_PCPL|VF:6|M|INDEF|GEN,3,5:3:56,اسمِ فاعل,کام کرنے والا | مذکر | مجرور — حرفِ جر کے بعد یا مضاف الیہ | نکرہ — غیر معین,,
659,N|PASS_PCPL|VF:1|F|INDEF|NOM,3,5:64:5,اسمِ مفعول,جس پر کام ہوا | مؤنث | مرفوع — عموماً فاعل، مبتدا یا خبر | نکرہ — غیر معین,,
669,V|IMPF|VF:4|3MD|MOOD:IND,3,5:106:32,فعلِ مضارع — حال یا مستقبل کا کام,بابِ افعال (أَفْعَلَ) — اکثر کسی کو کچھ کروانا | تثنیہ مذکر غائب — وہ دونوں | مرفوع (عام حالت),,
675,N|PASS_PCPL|VF:2|M|INDEF|NOM|ADJ,3,6:2:10,اسمِ مفعول,جس پر کام ہوا | صفت (نعت) — پہلے اسم کی خوبی بیان کرتا ہے | مذکر | مرفوع — عموماً فاعل، مبتدا یا خبر | نکرہ — غیر معین,,
693,N|ACT_PCPL|VF:2|M|NOM|ADJ,3,6:92:5,اسمِ فاعل,کام کرنے والا | صفت (نعت) — پہلے اسم کی خوبی بیان کرتا ہے | مذکر | مرفوع — عموماً فاعل، مبتدا یا خبر,,
709,V|IMPF|VF:5|2MS|MOOD:SUBJ,3,7:13:8,فعلِ مضارع — حال یا مستقبل کا کام,بابِ تفعّل (تَفَعَّلَ) — اکثر خود پر اثر لینا | واحد مذکر حاضر — تُو (ایک مرد) | منصوب — أَنْ، لَنْ، کَيْ وغیرہ کی وجہ سے,,
725,N|ACT_PCPL|VF:7|MP|NOM,3,7:125:5,اسمِ فاعل,کام کرنے والا | مذکر، جمع | مرفوع — عموماً فاعل، مبتدا یا خبر,,
738,V|IMPF|VF:10|2MP|MOOD:JUS,3,8:19:2,فعلِ مضارع — حال یا مستقبل کا کام,بابِ استفعال (اسْتَفْعَلَ) — اکثر طلب کرنا | جمع مذکر حاضر — تم سب | مجزوم — لَمْ، لائے نہی، لامِ امر یا شرط کی وجہ سے,,
754,N|ACT_PCPL|VF:3|FP|GEN,3,9:67:2,اسمِ فاعل,کام کرنے والا | مؤنث، جمع | مجرور — حرفِ جر کے بعد یا مضاف الیہ,,
761,N|PN|FS|GEN,3,9:101:8,عَلَم (خاص نام),مؤنث، واحد | مجرور — حرفِ جر کے بعد یا مضاف الیہ,,
768,V|IMPF|VF:2|1S|MOOD:SUBJ,3,10:15:22,فعلِ مضارع — حال یا مستقبل کا کام,بابِ تفعیل (فَعَّلَ) — اکثر شدت یا کسی سے کام کروانا | واحد متکلم — میں | منصوب — أَنْ، لَنْ، کَيْ وغیرہ کی وجہ سے,,
771,V|IMPF|VF:8|PASS|3MS|MOOD:SUBJ,3,10:35:19,فعلِ مضارع — حال یا مستقبل کا کام,مجہول — کام کرنے والے کا ذکر نہیں | بابِ افتعال (افْتَعَلَ) | واحد مذکر غائب — وہ (ایک مرد) | منصوب — أَنْ، لَنْ، کَيْ وغیرہ کی وجہ سے,,
781,V|IMPF|VF:3|PASS|3MS|MOOD:IND,3,11:20:15,فعلِ مضارع — حال یا مستقبل کا کام,مجہول — کام کرنے والے کا ذکر نہیں | بابِ مفاعلہ (فاعَلَ) — اکثر دوسرے کے ساتھ مل کر کام | واحد مذکر غائب — وہ (ایک مرد) | مرفوع (عام حالت),,
789,V|IMPF|VF:1|2FS|MOOD:IND,3,11:73:2,فعلِ مضارع — حال یا مستقبل کا کام,ثلاثی مجرد (فَعَلَ) | واحد مؤنث حاضر — تُو (ایک عورت) | مرفوع (عام حالت),,
791,N|PASS_PCPL|VF:2|F|INDEF|ACC,3,11:83:1,اسمِ مفعول,جس پر کام ہوا | مؤنث | منصوب — عموماً مفعول، حال، یا إنّ کا اسم | نکرہ — غیر معین,,
797,N|PASS_PCPL|VF:10|M|NOM,3,12:18:15,اسمِ مفعول,جس پر کام ہوا | مذکر | مرفوع — عموماً فاعل، مبتدا یا خبر,,
800,N|PASS_PCPL|VF:4|MP|GEN|ADJ,3,12:24:19,اسمِ مفعول,جس پر کام ہوا | صفت (نعت) — پہلے اسم کی خوبی بیان کرتا ہے | مذکر، جمع | مجرور — حرفِ جر کے بعد یا مضاف الیہ,,
816,V|IMPF|VF:10|1S|MOOD:IND,3,12:98:3,فعلِ مضارع — حال یا مستقبل کا کام,بابِ استفعال (اسْتَفْعَلَ) — اکثر طلب کرنا | واحد متکلم — میں | مرفوع (عام حالت),,
819,N|ACT_PCPL|VF:1|FS|INDEF|NOM,3,12:107:4,اسمِ فاعل,کام کرنے والا | مؤنث، واحد | مرفوع — عموماً فاعل، مبتدا یا خبر | نکرہ — غیر معین,,
846,N|PASS_PCPL|VF:1|F|INDEF|ACC,3,17:29:4,اسمِ مفعول,جس پر کام ہوا | مؤنث | منصوب — عموماً مفعول، حال، یا إنّ کا اسم | نکرہ — غیر معین,,
861,V|PERF|VF:3|3MD,3,18:62:2,فعلِ ماضی — گزرا ہوا کام,بابِ مفاعلہ (فاعَلَ) — اکثر دوسرے کے ساتھ مل کر کام | تثنیہ مذکر غائب — وہ دونوں,,
863,V|PERF|VF:7|3MD,3,18:71:1,فعلِ ماضی — گزرا ہوا کام,بابِ انفعال (انْفَعَلَ) — اکثر خود بخود ہو جانا | تثنیہ مذکر غائب — وہ دونوں,,
868,V|IMPF|VF:1|2FS|MOOD:JUS,3,19:24:5,فعلِ مضارع — حال یا مستقبل کا کام,ثلاثی مجرد (فَعَلَ) | واحد مؤنث حاضر — تُو (ایک عورت) | مجزوم — لَمْ، لائے نہی، لامِ امر یا شرط کی وجہ سے,,
876,V|IMPF|VF:1|FAM:كَان|3MP|MOOD:IND,3,19:82:4,فعلِ مضارع — حال یا مستقبل کا کام,ثلاثی مجرد (فَعَلَ) | کانَ اور اس کے اخوات (افعالِ ناقصہ) — اسم مرفوع، خبر منصوب | جمع مذکر غائب — وہ سب | مرفوع (عام حالت),,
877,V|IMPF|VF:1|FAM:كَاد|3FS|MOOD:IND,3,19:90:1,فعلِ مضارع — حال یا مستقبل کا کام,ثلاثی مجرد (فَعَلَ) | افعالِ مقاربہ — قریب ہونا | واحد مؤنث غائب — وہ (ایک عورت) | مرفوع (عام حالت),,
886,N|DEM|MD,3,20:63:3,اسمِ اشارہ (یہ / وہ),مذکر، تثنیہ (دو),,
900,V|IMPF|VF:3|PASS|3MP|MOOD:IND,3,22:39:3,فعلِ مضارع — حال یا مستقبل کا کام,مجہول — کام کرنے والے کا ذکر نہیں | بابِ مفاعلہ (فاعَلَ) — اکثر دوسرے کے ساتھ مل کر کام | جمع مذکر غائب — وہ سب | مرفوع (عام حالت),,
903,N|PN|ACT_PCPL|VF:4|MP|ACC,3,22:78:20,عَلَم (خاص نام),اسمِ فاعل — کام کرنے والا | مذکر، جمع | منصوب — عموماً مفعول، حال، یا إنّ کا اسم,,
906,N|VN|VF:8|M|NOM,3,23:80:6,مصدر,کام کا نام | مذکر | مرفوع — عموماً فاعل، مبتدا یا خبر,,
907,N|ACT_PCPL|VF:4|FP|NOM,3,24:12:6,اسمِ فاعل,کام کرنے والا | مؤنث، جمع | مرفوع — عموماً فاعل، مبتدا یا خبر,,
911,V|IMPF|VF:4|3FP|MOOD:JUS,3,24:31:9,فعلِ مضارع — حال یا مستقبل کا کام,بابِ افعال (أَفْعَلَ) — اکثر کسی کو کچھ کروانا | جمع مؤنث غائب — وہ سب (عورتیں) | مجزوم — لَمْ، لائے نہی، لامِ امر یا شرط کی وجہ سے,,
917,N|PASS_PCPL|VF:10|M|INDEF|ACC,3,25:24:5,اسمِ مفعول,جس پر کام ہوا | مذکر | منصوب — عموماً مفعول، حال، یا إنّ کا اسم | نکرہ — غیر معین,,
932,N|ACT_PCPL|VF:3|M|NOM,3,28:61:6,اسمِ فاعل,کام کرنے والا | مذکر | مرفوع — عموماً فاعل، مبتدا یا خبر,,
938,N|ACT_PCPL|VF:9|MS|INDEF|ACC,3,30:51:5,اسمِ فاعل,کام کرنے والا | مذکر، واحد | منصوب — عموماً مفعول، حال، یا إنّ کا اسم | نکرہ — غیر معین,,
940,N|INDEF|NOM,3,31:33:9,اسم,مرفوع — عموماً فاعل، مبتدا یا خبر | نکرہ — غیر معین,,
941,V|PERF|VF:1|FAM:كَان|2FP,3,33:28:6,فعلِ ماضی — گزرا ہوا کام,ثلاثی مجرد (فَعَلَ) | کانَ اور اس کے اخوات (افعالِ ناقصہ) — اسم مرفوع، خبر منصوب | جمع مؤنث حاضر — تم سب (عورتیں),,
948,V|IMPV|VF:1|2FP,3,33:32:17,فعلِ امر — حکم,ثلاثی مجرد (فَعَلَ) | جمع مؤنث حاضر — تم سب (عورتیں),,
968,N|PN|M|INDEF|NOM,3,36:69:11,عَلَم (خاص نام),مذکر | مرفوع — عموماً فاعل، مبتدا یا خبر | نکرہ — غیر معین,,
976,N|VN|VF:6|M|GEN,3,40:15:16,مصدر,کام کا نام | مذکر | مجرور — حرفِ جر کے بعد یا مضاف الیہ,,
981,N|ACT_PCPL|VF:1|FS|INDEF|ACC,3,41:39:6,اسمِ فاعل,کام کرنے والا | مؤنث، واحد | منصوب — عموماً مفعول، حال، یا إنّ کا اسم | نکرہ — غیر معین,,
1026,N|ACT_PCPL|VF:1|M|NOM|ADJ,3,59:24:3,اسمِ فاعل,کام کرنے والا | صفت (نعت) — پہلے اسم کی خوبی بیان کرتا ہے | مذکر | مرفوع — عموماً فاعل، مبتدا یا خبر,,
170,V|PERF|VF:1|2D,2,2:35:11,فعلِ ماضی — گزرا ہوا کام,ثلاثی مجرد (فَعَلَ) | تثنیہ حاضر — تم دونوں,,
176,V|PERF|VF:1|FAM:كَان|3MD,2,2:36:6,فعلِ ماضی — گزرا ہوا کام,ثلاثی مجرد (فَعَلَ) | کانَ اور اس کے اخوات (افعالِ ناقصہ) — اسم مرفوع، خبر منصوب | تثنیہ مذکر غائب — وہ دونوں,,
226,N|PN|ACT_PCPL|VF:1|MP|ACC,2,2:62:7,عَلَم (خاص نام),اسمِ فاعل — کام کرنے والا | مذکر، جمع | منصوب — عموماً مفعول، حال، یا إنّ کا اسم,,
325,N|ACT_PCPL|VF:4|MD|ACC,2,2:128:3,اسمِ فاعل,کام کرنے والا | مذکر، تثنیہ (دو) | منصوب — عموماً مفعول، حال، یا إنّ کا اسم,,
332,N|INDEF|ACC|ADJ,2,2:143:4,اسمِ صفت,صفت (نعت) — پہلے اسم کی خوبی بیان کرتا ہے | منصوب — عموماً مفعول، حال، یا إنّ کا اسم | نکرہ — غیر معین,,
358,N|VN|VF:8|M|INDEF|NOM,2,2:178:21,مصدر,کام کا نام | مذکر | مرفوع — عموماً فاعل، مبتدا یا خبر | نکرہ — غیر معین,,
363,N|T|MP|INDEF|ACC,2,2:184:1,ظرفِ زمان (وقت بتاتا ہے),مذکر، جمع | منصوب — عموماً مفعول، حال، یا إنّ کا اسم | نکرہ — غیر معین,,
365,N|FP|GEN|ADJ,2,2:184:13,اسمِ صفت,صفت (نعت) — پہلے اسم کی خوبی بیان کرتا ہے | مؤنث، جمع | مجرور — حرفِ جر کے بعد یا مضاف الیہ,,
382,N|PASS_PCPL|VF:1|FP|INDEF|GEN|ADJ,2,2:203:5,اسمِ مفعول,جس پر کام ہوا | صفت (نعت) — پہلے اسم کی خوبی بیان کرتا ہے | مؤنث، جمع | مجرور — حرفِ جر کے بعد یا مضاف الیہ | نکرہ — غیر معین,,
410,V|IMPF|VF:5|3FP|MOOD:IND,2,2:228:2,فعلِ مضارع — حال یا مستقبل کا کام,بابِ تفعّل (تَفَعَّلَ) — اکثر خود پر اثر لینا | جمع مؤنث غائب — وہ سب (عورتیں) | مرفوع (عام حالت),,
430,V|IMPF|VF:5|PASS|3MP|MOOD:IND,2,2:234:2,فعلِ مضارع — حال یا مستقبل کا کام,مجہول — کام کرنے والے کا ذکر نہیں | بابِ تفعّل (تَفَعَّلَ) — اکثر خود پر اثر لینا | جمع مذکر غائب — وہ سب | مرفوع (عام حالت),,
434,V|IMPF|VF:3|3MS|MOOD:SUBJ,2,2:245:8,فعلِ مضارع — حال یا مستقبل کا کام,بابِ مفاعلہ (فاعَلَ) — اکثر دوسرے کے ساتھ مل کر کام | واحد مذکر غائب — وہ (ایک مرد) | منصوب — أَنْ، لَنْ، کَيْ وغیرہ کی وجہ سے,,
436,V|IMPF|VF:3|1P|MOOD:JUS,2,2:246:18,فعلِ مضارع — حال یا مستقبل کا کام,بابِ مفاعلہ (فاعَلَ) — اکثر دوسرے کے ساتھ مل کر کام | جمع متکلم — ہم | مجزوم — لَمْ، لائے نہی، لامِ امر یا شرط کی وجہ سے,,
438,V|IMPF|VF:3|2MP|MOOD:SUBJ,2,2:246:30,فعلِ مضارع — حال یا مستقبل کا کام,بابِ مفاعلہ (فاعَلَ) — اکثر دوسرے کے ساتھ مل کر کام | جمع مذکر حاضر — تم سب | منصوب — أَنْ، لَنْ، کَيْ وغیرہ کی وجہ سے,,
448,N|VN|VF:7|M|ACC,2,2:256:20,مصدر,کام کا نام | مذکر | منصوب — عموماً مفعول، حال، یا إنّ کا اسم,,
462,N|VN|VF:5|M|GEN,2,2:273:16,مصدر,کام کا نام | مذکر | مجرور — حرفِ جر کے بعد یا مضاف الیہ,,
465,N|PASS_PCPL|VF:2|M|INDEF|GEN|ADJ,2,2:282:9,اسمِ مفعول,جس پر کام ہوا | صفت (نعت) — پہلے اسم کی خوبی بیان کرتا ہے | مذکر | مجرور — حرفِ جر کے بعد یا مضاف الیہ | نکرہ — غیر معین,,
483,N|PASS_PCPL|VF:2|F|GEN|ADJ,2,3:14:9,اسمِ مفعول,جس پر کام ہوا | صفت (نعت) — پہلے اسم کی خوبی بیان کرتا ہے | مؤنث | مجرور — حرفِ جر کے بعد یا مضاف الیہ,,
494,N|PRON|2FS,2,3:37:21,ضمیر,ضمیرِ منفصل — الگ لکھی ہوئی | واحد مؤنث حاضر — تُو (ایک عورت),,
506,N|M|INDEF|GEN|ADJ,2,3:64:7,اسمِ صفت,صفت (نعت) — پہلے اسم کی خوبی بیان کرتا ہے | مذکر | مجرور — حرفِ جر کے بعد یا مضاف الیہ | نکرہ — غیر معین,,
519,V|PERF|VF:4|FAM:كَان|2MP,2,3:103:17,فعلِ ماضی — گزرا ہوا کام,بابِ افعال (أَفْعَلَ) — اکثر کسی کو کچھ کروانا | کانَ اور اس کے اخوات (افعالِ ناقصہ) — اسم مرفوع، خبر منصوب | جمع مذکر حاضر — تم سب,,
522,V|IMPF|VF:9|3FS|MOOD:IND,2,3:106:2,فعلِ مضارع — حال یا مستقبل کا کام,بابِ افعلال (افْعَلَّ) — رنگ یا عیب | واحد مؤنث غائب — وہ (ایک عورت) | مرفوع (عام حالت),,
529,V|IMPF|VF:1|2D|MOOD:SUBJ,2,3:122:6,فعلِ مضارع — حال یا مستقبل کا کام,ثلاثی مجرد (فَعَلَ) | تثنیہ حاضر — تم دونوں | منصوب — أَنْ، لَنْ، کَيْ وغیرہ کی وجہ سے,,
532,V|IMPF|VF:7|3MP|MOOD:SUBJ,2,3:127:8,فعلِ مضارع — حال یا مستقبل کا کام,بابِ انفعال (انْفَعَلَ) — اکثر خود بخود ہو جانا | جمع مذکر غائب — وہ سب | منصوب — أَنْ، لَنْ، کَيْ وغیرہ کی وجہ سے,,
537,V|IMPF|VF:7|3MS|MOOD:JUS,2,3:144:18,فعلِ مضارع — حال یا مستقبل کا کام,بابِ انفعال (انْفَعَلَ) — اکثر خود بخود ہو جانا | واحد مذکر غائب — وہ (ایک مرد) | مجزوم — لَمْ، لائے نہی، لامِ امر یا شرط کی وجہ سے,,
555,N|VN|VF:1|INDEF|ACC,2,3:191:5,مصدر,کام کا نام | منصوب — عموماً مفعول، حال، یا إنّ کا اسم | نکرہ — غیر معین,,
563,N|REL|MD,2,4:16:1,اسمِ موصول (جو / جس نے),مذکر، تثنیہ (دو),,
566,N|ACT_PCPL|VF:2|F|INDEF|GEN|ADJ,2,4:19:21,اسمِ فاعل,کام کرنے والا | صفت (نعت) — پہلے اسم کی خوبی بیان کرتا ہے | مؤنث | مجرور — حرفِ جر کے بعد یا مضاف الیہ | نکرہ — غیر معین,,
567,N|VN|VF:10|M|ACC,2,4:20:3,مصدر,کام کا نام | مذکر | منصوب — عموماً مفعول، حال، یا إنّ کا اسم,,
573,N|ACT_PCPL|VF:4|FP|ACC|ADJ,2,4:25:9,اسمِ فاعل,کام کرنے والا | صفت (نعت) — پہلے اسم کی خوبی بیان کرتا ہے | مؤنث، جمع | منصوب — عموماً مفعول، حال، یا إنّ کا اسم,,
579,N|PASS_PCPL|VF:4|FP|GEN,2,4:25:44,اسمِ مفعول,جس پر کام ہوا | مؤنث، جمع | مجرور — حرفِ جر کے بعد یا مضاف الیہ,,
584,V|IMPF|VF:4|3MD|MOOD:JUS,2,4:35:13,فعلِ مضارع — حال یا مستقبل کا کام,بابِ افعال (أَفْعَلَ) — اکثر کسی کو کچھ کروانا | تثنیہ مذکر غائب — وہ دونوں | مجزوم — لَمْ، لائے نہی، لامِ امر یا شرط کی وجہ سے,,
588,V|IMPF|VF:6|3MP|MOOD:SUBJ,2,4:60:17,فعلِ مضارع — حال یا مستقبل کا کام,بابِ تفاعل (تَفاعَلَ) — اکثر باہم ایک دوسرے سے | جمع مذکر غائب — وہ سب | منصوب — أَنْ، لَنْ، کَيْ وغیرہ کی وجہ سے,,
591,N|ACT_PCPL|VF:10|M|INDEF|ACC|ADJ,2,4:68:3,اسمِ فاعل,کام کرنے والا | صفت (نعت) — پہلے اسم کی خوبی بیان کرتا ہے | مذکر | منصوب — عموماً مفعول، حال، یا إنّ کا اسم | نکرہ — غیر معین,,
596,N|PASS_PCPL|VF:10|MP|GEN,2,4:75:8,اسمِ مفعول,جس پر کام ہوا | مذکر، جمع | مجرور — حرفِ جر کے بعد یا مضاف الیہ,,
601,P|P|SUFF,2,4:78:30,حرفِ جر,اس کے بعد والا اسم مجرور ہوتا ہے,,
604,V|IMPF|VF:2|PASS|2MS|MOOD:IND,2,4:84:6,فعلِ مضارع — حال یا مستقبل کا کام,مجہول — کام کرنے والے کا ذکر نہیں | بابِ تفعیل (فَعَّلَ) — اکثر شدت یا کسی سے کام کروانا | واحد مذکر حاضر — تُو (ایک مرد) | مرفوع (عام حالت),,
613,N|ACT_PCPL|VF:6|MD|GEN|ADJ,2,4:92:53,اسمِ فاعل,کام کرنے والا | صفت (نعت) — پہلے اسم کی خوبی بیان کرتا ہے | مذکر، تثنیہ (دو) | مجرور — حرفِ جر کے بعد یا مضاف الیہ,,
620,N|PASS_PCPL|VF:2|F|GEN,2,4:129:14,اسمِ مفعول,جس پر کام ہوا | مؤنث | مجرور — حرفِ جر کے بعد یا مضاف الیہ,,
628,N|PASS_PCPL|VF:2|MP|NOM|ADJ,2,4:172:10,اسمِ مفعول,جس پر کام ہوا | صفت (نعت) — پہلے اسم کی خوبی بیان کرتا ہے | مذکر، جمع | مرفوع — عموماً فاعل، مبتدا یا خبر,,
634,N|PASS_PCPL|VF:1|F|NOM,2,5:3:13,اسمِ مفعول,جس پر کام ہوا | مؤنث | مرفوع — عموماً فاعل، مبتدا یا خبر,,
645,V|PERF|VF:2|3MD,2,5:27:8,فعلِ ماضی — گزرا ہوا کام,بابِ تفعیل (فَعَّلَ) — اکثر شدت یا کسی سے کام کروانا | تثنیہ مذکر غائب — وہ دونوں,,
646,V|PERF|VF:5|PASS|3MS,2,5:27:10,فعلِ ماضی — گزرا ہوا کام,مجہول — کام کرنے والے کا ذکر نہیں | بابِ تفعّل (تَفَعَّلَ) — اکثر خود پر اثر لینا | واحد مذکر غائب — وہ (ایک مرد),,
650,V|IMPF|VF:3|1S|MOOD:SUBJ,2,5:31:20,فعلِ مضارع — حال یا مستقبل کا کام,بابِ مفاعلہ (فاعَلَ) — اکثر دوسرے کے ساتھ مل کر کام | واحد متکلم — میں | منصوب — أَنْ، لَنْ، کَيْ وغیرہ کی وجہ سے,,
651,V|IMPF|VF:2|PASS|3MP|MOOD:SUBJ,2,5:33:12,فعلِ مضارع — حال یا مستقبل کا کام,مجہول — کام کرنے والے کا ذکر نہیں | بابِ تفعیل (فَعَّلَ) — اکثر شدت یا کسی سے کام کروانا | جمع مذکر غائب — وہ سب | منصوب — أَنْ، لَنْ، کَيْ وغیرہ کی وجہ سے,,
658,N|VN|VF:1|F|INDEF|ACC,2,5:60:7,مصدر,کام کا نام | مؤنث | منصوب — عموماً مفعول، حال، یا إنّ کا اسم | نکرہ — غیر معین,,
665,V|IMPF|VF:1|PASS|3FS|MOOD:JUS,2,5:101:9,فعلِ مضارع — حال یا مستقبل کا کام,مجہول — کام کرنے والے کا ذکر نہیں | ثلاثی مجرد (فَعَلَ) | واحد مؤنث غائب — وہ (ایک عورت) | مجزوم — لَمْ، لائے نہی، لامِ امر یا شرط کی وجہ سے,,
667,N|NV|IMPV,2,5:105:4,اسمِ فعل,,,
670,V|PERF|VF:10|3MD,2,5:107:5,فعلِ ماضی — گزرا ہوا کام,بابِ استفعال (اسْتَفْعَلَ) — اکثر طلب کرنا | تثنیہ مذکر غائب — وہ دونوں,,
683,N|ADDR|SUFF|2MP,2,6:40:2,اسم,جمع مذکر حاضر — تم سب,,
689,V|PERF|VF:10|3FS,2,6:71:19,فعلِ ماضی — گزرا ہوا کام,بابِ استفعال (اسْتَفْعَلَ) — اکثر طلب کرنا | واحد مؤنث غائب — وہ (ایک عورت),,
691,V|IMPF|VF:3|PASS|2MP|MOOD:IND,2,6:80:4,فعلِ مضارع — حال یا مستقبل کا کام,مجہول — کام کرنے والے کا ذکر نہیں | بابِ مفاعلہ (فاعَلَ) — اکثر دوسرے کے ساتھ مل کر کام | جمع مذکر حاضر — تم سب | مرفوع (عام حالت),,
692,N|PASS_PCPL|VF:3|M|INDEF|NOM|ADJ,2,6:92:4,اسمِ مفعول,جس پر کام ہوا | صفت (نعت) — پہلے اسم کی خوبی بیان کرتا ہے | مذکر | مرفوع — عموماً فاعل، مبتدا یا خبر | نکرہ — غیر معین,,
698,N|ACT_PCPL|VF:1|MS|INDEF|GEN,2,6:104:15,اسمِ فاعل,کام کرنے والا | مذکر، واحد | مجرور — حرفِ جر کے بعد یا مضاف الیہ | نکرہ — غیر معین,,
706,N|NV|IMPV|2MP,2,6:150:2,اسمِ فعل,جمع مذکر حاضر — تم سب,,
707,V|IMPF|VF:5|3FS|MOOD:SUBJ,2,6:153:9,فعلِ مضارع — حال یا مستقبل کا کام,بابِ تفعّل (تَفَعَّلَ) — اکثر خود پر اثر لینا | واحد مؤنث غائب — وہ (ایک عورت) | منصوب — أَنْ، لَنْ، کَيْ وغیرہ کی وجہ سے,,
713,P|ADDR|SUFF|D,2,7:22:20,حرفِ خطاب,مخاطب کی طرف اشارہ,,
716,V|PERF|VF:3|PASS|3MP,2,7:43:29,فعلِ ماضی — گزرا ہوا کام,مجہول — کام کرنے والے کا ذکر نہیں | بابِ مفاعلہ (فاعَلَ) — اکثر دوسرے کے ساتھ مل کر کام | جمع مذکر غائب — وہ سب,,
722,N|ACT_PCPL|VF:4|MP|NOM|ADJ,2,7:81:11,اسمِ فاعل,کام کرنے والا | صفت (نعت) — پہلے اسم کی خوبی بیان کرتا ہے | مذکر، جمع | مرفوع — عموماً فاعل، مبتدا یا خبر,,
736,N|PASS_PCPL|VF:4|M|NOM,2,7:187:5,اسمِ مفعول,جس پر کام ہوا | مذکر | مرفوع — عموماً فاعل، مبتدا یا خبر,,
737,V|PERF|VF:10|1S,2,7:188:16,فعلِ ماضی — گزرا ہوا کام,بابِ استفعال (اسْتَفْعَلَ) — اکثر طلب کرنا | واحد متکلم — میں,,
741,N|LOC|MS|ACC,2,8:42:9,ظرفِ مکان (جگہ بتاتا ہے),مذکر، واحد | منصوب — عموماً مفعول، حال، یا إنّ کا اسم,,
742,V|PERF|VF:3|2MS,2,8:56:2,فعلِ ماضی — گزرا ہوا کام,بابِ مفاعلہ (فاعَلَ) — اکثر دوسرے کے ساتھ مل کر کام | واحد مذکر حاضر — تُو (ایک مرد),,
747,N|FD|NOM|ADJ,2,9:52:7,اسمِ صفت,صفت (نعت) — پہلے اسم کی خوبی بیان کرتا ہے | مؤنث، تثنیہ (دو) | مرفوع — عموماً فاعل، مبتدا یا خبر,,
750,V|IMPF|VF:5|PASS|3MS|MOOD:SUBJ,2,9:53:7,فعلِ مضارع — حال یا مستقبل کا کام,مجہول — کام کرنے والے کا ذکر نہیں | بابِ تفعّل (تَفَعَّلَ) — اکثر خود پر اثر لینا | واحد مذکر غائب — وہ (ایک مرد) | منصوب — أَنْ، لَنْ، کَيْ وغیرہ کی وجہ سے,,
777,N|PASS_PCPL|VF:10|M|ACC,2,11:6:11,اسمِ مفعول,جس پر کام ہوا | مذکر | منصوب — عموماً مفعول، حال، یا إنّ کا اسم,,
790,N|ACT_PCPL|VF:1|NOM,2,11:76:11,اسمِ فاعل,کام کرنے والا | مرفوع — عموماً فاعل، مبتدا یا خبر,,
796,N|ACT_PCPL|VF:1|INDEF|NOM,2,11:107:13,اسمِ فاعل,کام کرنے والا | مرفوع — عموماً فاعل، مبتدا یا خبر | نکرہ — غیر معین,,
801,V|PERF|VF:8|3MD,2,12:25:1,فعلِ ماضی — گزرا ہوا کام,بابِ افتعال (افْتَعَلَ) | تثنیہ مذکر غائب — وہ دونوں,,
805,V|PERF|VF:2|3FP,2,12:31:20,فعلِ ماضی — گزرا ہوا کام,بابِ تفعیل (فَعَّلَ) — اکثر شدت یا کسی سے کام کروانا | جمع مؤنث غائب — وہ سب (عورتیں),,
808,V|PERF|VF:3|1S,2,12:32:7,فعلِ ماضی — گزرا ہوا کام,بابِ مفاعلہ (فاعَلَ) — اکثر دوسرے کے ساتھ مل کر کام | واحد متکلم — میں,,
813,V|IMPF|VF:10|1S|MOOD:JUS,2,12:54:5,فعلِ مضارع — حال یا مستقبل کا کام,بابِ استفعال (اسْتَفْعَلَ) — اکثر طلب کرنا | واحد متکلم — میں | مجزوم — لَمْ، لائے نہی، لامِ امر یا شرط کی وجہ سے,,
825,N|ACT_PCPL|VF:1|MD|NOM,2,14:33:5,اسمِ فاعل,کام کرنے والا | مذکر، تثنیہ (دو) | مرفوع — عموماً فاعل، مبتدا یا خبر,,
827,V|IMPF|VF:4|PASS|3MP|MOOD:SUBJ,2,14:52:4,فعلِ مضارع — حال یا مستقبل کا کام,مجہول — کام کرنے والے کا ذکر نہیں | بابِ افعال (أَفْعَلَ) — اکثر کسی کو کچھ کروانا | جمع مذکر غائب — وہ سب | منصوب — أَنْ، لَنْ، کَيْ وغیرہ کی وجہ سے,,
835,N|ACT_PCPL|VF:9|M|INDEF|ACC,2,16:58:7,اسمِ فاعل,کام کرنے والا | مذکر | منصوب — عموماً مفعول، حال، یا إنّ کا اسم | نکرہ — غیر معین,,
843,V|PERF|VF:3|PASS|2MP,2,16:126:6,فعلِ ماضی — گزرا ہوا کام,مجہول — کام کرنے والے کا ذکر نہیں | بابِ مفاعلہ (فاعَلَ) — اکثر دوسرے کے ساتھ مل کر کام | جمع مذکر حاضر — تم سب,,
847,N|ACT_PCPL|VF:10|M|GEN,2,17:35:7,اسمِ فاعل,کام کرنے والا | مذکر | مجرور — حرفِ جر کے بعد یا مضاف الیہ,,
851,V|PERF|VF:1|FAM:كَاد|2MS,2,17:74:5,فعلِ ماضی — گزرا ہوا کام,ثلاثی مجرد (فَعَلَ) | افعالِ مقاربہ — قریب ہونا | واحد مذکر حاضر — تُو (ایک مرد),,
855,N|LOC|FS|ACC,2,18:17:8,ظرفِ مکان (جگہ بتاتا ہے),مؤنث، واحد | منصوب — عموماً مفعول، حال، یا إنّ کا اسم,,
864,V|IMPF|VF:7|3MS|MOOD:SUBJ,2,18:77:17,فعلِ مضارع — حال یا مستقبل کا کام,بابِ انفعال (انْفَعَلَ) — اکثر خود بخود ہو جانا | واحد مذکر غائب — وہ (ایک مرد) | منصوب — أَنْ، لَنْ، کَيْ وغیرہ کی وجہ سے,,
865,N|MD|NOM|ADJ,2,18:82:5,اسمِ صفت,صفت (نعت) — پہلے اسم کی خوبی بیان کرتا ہے | مذکر، تثنیہ (دو) | مرفوع — عموماً فاعل، مبتدا یا خبر,,
867,V|IMPF|VF:10|2MS|MOOD:IND,2,18:82:33,فعلِ مضارع — حال یا مستقبل کا کام,بابِ استفعال (اسْتَفْعَلَ) — اکثر طلب کرنا | واحد مذکر حاضر — تُو (ایک مرد) | مرفوع (عام حالت),,
869,V|IMPF|VF:3|3FS|MOOD:JUS,2,19:25:5,فعلِ مضارع — حال یا مستقبل کا کام,بابِ مفاعلہ (فاعَلَ) — اکثر دوسرے کے ساتھ مل کر کام | واحد مؤنث غائب — وہ (ایک عورت) | مجزوم — لَمْ، لائے نہی، لامِ امر یا شرط کی وجہ سے,,
870,V|PERF|VF:1|2FS,2,19:27:8,فعلِ ماضی — گزرا ہوا کام,ثلاثی مجرد (فَعَلَ) | واحد مؤنث حاضر — تُو (ایک عورت),,
872,V|IMPF|VF:4|PASS|1S|MOOD:IND,2,19:66:7,فعلِ مضارع — حال یا مستقبل کا کام,مجہول — کام کرنے والے کا ذکر نہیں | بابِ افعال (أَفْعَلَ) — اکثر کسی کو کچھ کروانا | واحد متکلم — میں | مرفوع (عام حالت),,
873,N|VN|VF:1|MP|INDEF|ACC,2,19:68:8,مصدر,کام کا نام | مذکر، جمع | منصوب — عموماً مفعول، حال، یا إنّ کا اسم | نکرہ — غیر معین,,
889,V|PERF|VF:2|PASS|1P,2,20:87:7,فعلِ ماضی — گزرا ہوا کام,مجہول — کام کرنے والے کا ذکر نہیں | بابِ تفعیل (فَعَّلَ) — اکثر شدت یا کسی سے کام کروانا | جمع متکلم — ہم,,
893,N|PASS_PCPL|VF:3|M|INDEF|NOM,2,21:50:3,اسمِ مفعول,جس پر کام ہوا | مذکر | مرفوع — عموماً فاعل، مبتدا یا خبر | نکرہ — غیر معین,,
896,V|IMPF|VF:2|3FP|MOOD:IND,2,21:79:11,فعلِ مضارع — حال یا مستقبل کا کام,بابِ تفعیل (فَعَّلَ) — اکثر شدت یا کسی سے کام کروانا | جمع مؤنث غائب — وہ سب (عورتیں) | مرفوع (عام حالت),,
897,V|IMPF|VF:5|2MS|MOOD:IND,2,21:103:5,فعلِ مضارع — حال یا مستقبل کا کام,بابِ تفعّل (تَفَعَّلَ) — اکثر خود پر اثر لینا | واحد مذکر حاضر — تُو (ایک مرد) | مرفوع (عام حالت),,
898,V|IMPF|VF:5|PASS|3MS|MOOD:IND,2,22:5:43,فعلِ مضارع — حال یا مستقبل کا کام,مجہول — کام کرنے والے کا ذکر نہیں | بابِ تفعّل (تَفَعَّلَ) — اکثر خود پر اثر لینا | واحد مذکر غائب — وہ (ایک مرد) | مرفوع (عام حالت),,
904,N|NV|PERF,2,23:36:1,اسمِ فعل,,,
916,V|IMPF|VF:4|PASS|3FS|MOOD:IND,2,25:5:6,فعلِ مضارع — حال یا مستقبل کا کام,مجہول — کام کرنے والے کا ذکر نہیں | بابِ افعال (أَفْعَلَ) — اکثر کسی کو کچھ کروانا | واحد مؤنث غائب — وہ (ایک عورت) | مرفوع (عام حالت),,
918,V|IMPF|VF:8|1S|MOOD:JUS,2,25:28:4,فعلِ مضارع — حال یا مستقبل کا کام,بابِ افتعال (افْتَعَلَ) | واحد متکلم — میں | مجزوم — لَمْ، لائے نہی، لامِ امر یا شرط کی وجہ سے,,
919,V|IMPF|VF:3|PASS|3MS|MOOD:JUS,2,25:69:1,فعلِ مضارع — حال یا مستقبل کا کام,مجہول — کام کرنے والے کا ذکر نہیں | بابِ مفاعلہ (فاعَلَ) — اکثر دوسرے کے ساتھ مل کر کام | واحد مذکر غائب — وہ (ایک مرد) | مجزوم — لَمْ، لائے نہی، لامِ امر یا شرط کی وجہ سے,,
921,N|PASS_PCPL|VF:8|MP|NOM,2,26:52:8,اسمِ مفعول,جس پر کام ہوا | مذکر، جمع | مرفوع — عموماً فاعل، مبتدا یا خبر,,
930,N|PASS_PCPL|VF:8|M|INDEF|GEN,2,28:36:11,اسمِ مفعول,جس پر کام ہوا | مذکر | مجرور — حرفِ جر کے بعد یا مضاف الیہ | نکرہ — غیر معین,,
934,N|ACT_PCPL|VF:3|M|INDEF|NOM,2,29:26:6,اسمِ فاعل,کام کرنے والا | مذکر | مرفوع — عموماً فاعل، مبتدا یا خبر | نکرہ — غیر معین,,
937,N|P|NOM|ADJ,2,30:50:14,اسمِ صفت,صفت (نعت) — پہلے اسم کی خوبی بیان کرتا ہے | مرفوع — عموماً فاعل، مبتدا یا خبر,,
939,N|INDEF|GEN|ADJ,2,31:18:15,اسمِ صفت,صفت (نعت) — پہلے اسم کی خوبی بیان کرتا ہے | مجرور — حرفِ جر کے بعد یا مضاف الیہ | نکرہ — غیر معین,,
942,V|IMPF|VF:4|2FP|MOOD:IND,2,33:28:7,فعلِ مضارع — حال یا مستقبل کا کام,بابِ افعال (أَفْعَلَ) — اکثر کسی کو کچھ کروانا | جمع مؤنث حاضر — تم سب (عورتیں) | مرفوع (عام حالت),,
944,V|IMPF|VF:2|1S|MOOD:JUS,2,33:28:12,فعلِ مضارع — حال یا مستقبل کا کام,بابِ تفعیل (فَعَّلَ) — اکثر شدت یا کسی سے کام کروانا | واحد متکلم — میں | مجزوم — لَمْ، لائے نہی، لامِ امر یا شرط کی وجہ سے,,
950,N|ACT_PCPL|VF:5|FP|ACC,2,33:35:15,اسمِ فاعل,کام کرنے والا | مؤنث، جمع | منصوب — عموماً مفعول، حال، یا إنّ کا اسم,,
952,V|IMPF|VF:1|3FP|MOOD:SUBJ,2,33:51:22,فعلِ مضارع — حال یا مستقبل کا کام,ثلاثی مجرد (فَعَلَ) | جمع مؤنث غائب — وہ سب (عورتیں) | منصوب — أَنْ، لَنْ، کَيْ وغیرہ کی وجہ سے,,
953,N|ACT_PCPL|VF:10|MP|GEN,2,33:53:25,اسمِ فاعل,کام کرنے والا | مذکر، جمع | مجرور — حرفِ جر کے بعد یا مضاف الیہ,,
958,N|ACT_PCPL|VF:3|FP|ACC,2,33:73:4,اسمِ فاعل,کام کرنے والا | مؤنث، جمع | منصوب — عموماً مفعول، حال، یا إنّ کا اسم,,
962,N|VN|VF:6|M|NOM,2,34:52:6,مصدر,کام کا نام | مذکر | مرفوع — عموماً فاعل، مبتدا یا خبر,,
963,N|PASS_PCPL|VF:4|F|INDEF|NOM,2,35:18:8,اسمِ مفعول,جس پر کام ہوا | مؤنث | مرفوع — عموماً فاعل، مبتدا یا خبر | نکرہ — غیر معین,,
964,N|P|INDEF|NOM|ADJ,2,35:27:17,اسمِ صفت,صفت (نعت) — پہلے اسم کی خوبی بیان کرتا ہے | مرفوع — عموماً فاعل، مبتدا یا خبر | نکرہ — غیر معین,,
966,N|VN|VF:10|M|INDEF|ACC,2,35:43:1,مصدر,کام کا نام | مذکر | منصوب — عموماً مفعول، حال، یا إنّ کا اسم | نکرہ — غیر معین,,
972,N|ACT_PCPL|VF:6|MP|NOM,2,39:29:7,اسمِ فاعل,کام کرنے والا | مذکر، جمع | مرفوع — عموماً فاعل، مبتدا یا خبر,,
975,N|ACT_PCPL|VF:1|MP|INDEF|NOM,2,39:68:21,اسمِ فاعل,کام کرنے والا | مذکر، جمع | مرفوع — عموماً فاعل، مبتدا یا خبر | نکرہ — غیر معین,,
977,N|ACT_PCPL|VF:5|M|INDEF|GEN,2,40:27:9,اسمِ فاعل,کام کرنے والا | مذکر | مجرور — حرفِ جر کے بعد یا مضاف الیہ | نکرہ — غیر معین,,
982,N|ACT_PCPL|VF:1|FP|GEN|ADJ,2,42:32:3,اسمِ فاعل,کام کرنے والا | صفت (نعت) — پہلے اسم کی خوبی بیان کرتا ہے | مؤنث، جمع | مجرور — حرفِ جر کے بعد یا مضاف الیہ,,
986,V|IMPF|VF:1|3FD|MOOD:IND,2,46:17:6,فعلِ مضارع — حال یا مستقبل کا کام,ثلاثی مجرد (فَعَلَ) | تثنیہ مؤنث غائب — وہ دونوں (عورتیں) | مرفوع (عام حالت),,
996,V|IMPV|VF:4|2MD,2,50:24:1,فعلِ امر — حکم,بابِ افعال (أَفْعَلَ) — اکثر کسی کو کچھ کروانا | تثنیہ مذکر حاضر — تم دونوں,,
1000,N|ACT_PCPL|VF:2|FP|GEN,2,51:4:1,اسمِ فاعل,کام کرنے والا | مؤنث، جمع | مجرور — حرفِ جر کے بعد یا مضاف الیہ,,
1002,N|PASS_PCPL|VF:8|M|GEN,2,53:14:3,اسمِ مفعول,جس پر کام ہوا | مذکر | مجرور — حرفِ جر کے بعد یا مضاف الیہ,,
1003,N|F|NOM|ADJ,2,53:22:4,اسمِ صفت,صفت (نعت) — پہلے اسم کی خوبی بیان کرتا ہے | مؤنث | مرفوع — عموماً فاعل، مبتدا یا خبر,,
1004,N|VN|VF:2|F|ACC,2,53:27:8,مصدر,کام کا نام | مؤنث | منصوب — عموماً مفعول، حال، یا إنّ کا اسم,,
1007,N|ACT_PCPL|VF:7|M|INDEF|GEN,2,54:11:5,اسمِ فاعل,کام کرنے والا | مذکر | مجرور — حرفِ جر کے بعد یا مضاف الیہ | نکرہ — غیر معین,,
1021,N|VN|VF:6|M|ACC,2,58:1:14,مصدر,کام کا نام | مذکر | منصوب — عموماً مفعول، حال، یا إنّ کا اسم,,
1023,N|PASS_PCPL|VF:2|F|INDEF|GEN|ADJ,2,59:14:7,اسمِ مفعول,جس پر کام ہوا | صفت (نعت) — پہلے اسم کی خوبی بیان کرتا ہے | مؤنث | مجرور — حرفِ جر کے بعد یا مضاف الیہ | نکرہ — غیر معین,,
1033,N|ACT_PCPL|VF:4|FP|INDEF|ACC|ADJ,2,66:5:10,اسمِ فاعل,کام کرنے والا | صفت (نعت) — پہلے اسم کی خوبی بیان کرتا ہے | مؤنث، جمع | منصوب — عموماً مفعول، حال، یا إنّ کا اسم | نکرہ — غیر معین,,
1044,N|ACT_PCPL|VF:1|M|INDEF|GEN|ADJ,2,70:1:4,اسمِ فاعل,کام کرنے والا | صفت (نعت) — پہلے اسم کی خوبی بیان کرتا ہے | مذکر | مجرور — حرفِ جر کے بعد یا مضاف الیہ | نکرہ — غیر معین,,
1049,N|PASS_PCPL|VF:2|F|INDEF|ACC|ADJ,2,74:52:9,اسمِ مفعول,جس پر کام ہوا | صفت (نعت) — پہلے اسم کی خوبی بیان کرتا ہے | مؤنث | منصوب — عموماً مفعول، حال، یا إنّ کا اسم | نکرہ — غیر معین,,
1050,V|IMPV|VF:7|2MP,2,77:29:1,فعلِ امر — حکم,بابِ انفعال (انْفَعَلَ) — اکثر خود بخود ہو جانا | جمع مذکر حاضر — تم سب,,
1051,N|VN|VF:3|M|INDEF|ACC|ADJ,2,78:26:2,مصدر,کام کا نام | صفت (نعت) — پہلے اسم کی خوبی بیان کرتا ہے | مذکر | منصوب — عموماً مفعول، حال، یا إنّ کا اسم | نکرہ — غیر معین,,
1053,N|PASS_PCPL|VF:2|FP|INDEF|GEN|ADJ,2,80:13:3,اسمِ مفعول,جس پر کام ہوا | صفت (نعت) — پہلے اسم کی خوبی بیان کرتا ہے | مؤنث، جمع | مجرور — حرفِ جر کے بعد یا مضاف الیہ | نکرہ — غیر معین,,
135,N|PASS_PCPL|VF:2|FS|INDEF|NOM|ADJ,1,2:25:31,اسمِ مفعول,جس پر کام ہوا | صفت (نعت) — پہلے اسم کی خوبی بیان کرتا ہے | مؤنث، واحد | مرفوع — عموماً فاعل، مبتدا یا خبر | نکرہ — غیر معین,,
238,N|NOM|ADJ,1,2:69:14,اسمِ صفت,صفت (نعت) — پہلے اسم کی خوبی بیان کرتا ہے | مرفوع — عموماً فاعل، مبتدا یا خبر,,
239,N|ACT_PCPL|VF:1|INDEF|NOM|ADJ,1,2:69:15,اسمِ فاعل,کام کرنے والا | صفت (نعت) — پہلے اسم کی خوبی بیان کرتا ہے | مرفوع — عموماً فاعل، مبتدا یا خبر | نکرہ — غیر معین,,
257,N|PASS_PCPL|VF:1|FS|INDEF|ACC|ADJ,1,2:80:7,اسمِ مفعول,جس پر کام ہوا | صفت (نعت) — پہلے اسم کی خوبی بیان کرتا ہے | مؤنث، واحد | منصوب — عموماً مفعول، حال، یا إنّ کا اسم | نکرہ — غیر معین,,
295,V|IMPF|VF:2|3MD|MOOD:IND,1,2:102:25,فعلِ مضارع — حال یا مستقبل کا کام,بابِ تفعیل (فَعَّلَ) — اکثر شدت یا کسی سے کام کروانا | تثنیہ مذکر غائب — وہ دونوں | مرفوع (عام حالت),,
299,N|VN|VF:1|F|INDEF|NOM,1,2:103:5,مصدر,کام کا نام | مؤنث | مرفوع — عموماً فاعل، مبتدا یا خبر | نکرہ — غیر معین,,
318,V|IMPV|VF:2|2MD,1,2:125:17,فعلِ امر — حکم,بابِ تفعیل (فَعَّلَ) — اکثر شدت یا کسی سے کام کروانا | تثنیہ مذکر حاضر — تم دونوں,,
326,N|ACT_PCPL|VF:4|F|INDEF|ACC|ADJ,1,2:128:8,اسمِ فاعل,کام کرنے والا | صفت (نعت) — پہلے اسم کی خوبی بیان کرتا ہے | مؤنث | منصوب — عموماً مفعول، حال، یا إنّ کا اسم | نکرہ — غیر معین,,
351,V|PERF|VF:8|PASS|3MP,1,2:166:4,فعلِ ماضی — گزرا ہوا کام,مجہول — کام کرنے والے کا ذکر نہیں | بابِ افتعال (افْتَعَلَ) | جمع مذکر غائب — وہ سب,,
402,N|ACT_PCPL|VF:4|F|INDEF|NOM|ADJ,1,2:221:7,اسمِ فاعل,کام کرنے والا | صفت (نعت) — پہلے اسم کی خوبی بیان کرتا ہے | مؤنث | مرفوع — عموماً فاعل، مبتدا یا خبر | نکرہ — غیر معین,,
405,V|PERF|VF:5|3FP,1,2:222:16,فعلِ ماضی — گزرا ہوا کام,بابِ تفعّل (تَفَعَّلَ) — اکثر خود پر اثر لینا | جمع مؤنث غائب — وہ سب (عورتیں),,
409,N|PASS_PCPL|VF:2|FP|NOM,1,2:228:1,اسمِ مفعول,جس پر کام ہوا | مؤنث، جمع | مرفوع — عموماً فاعل، مبتدا یا خبر,,
420,N|T|MD|ACC,1,2:233:4,ظرفِ زمان (وقت بتاتا ہے),مذکر، تثنیہ (دو) | منصوب — عموماً مفعول، حال، یا إنّ کا اسم,,
421,N|ACT_PCPL|VF:1|MD|ACC|ADJ,1,2:233:5,اسمِ فاعل,کام کرنے والا | صفت (نعت) — پہلے اسم کی خوبی بیان کرتا ہے | مذکر، تثنیہ (دو) | منصوب — عموماً مفعول، حال، یا إنّ کا اسم,,
423,V|IMPF|VF:3|PASS|3FS|MOOD:SUBJ,1,2:233:23,فعلِ مضارع — حال یا مستقبل کا کام,مجہول — کام کرنے والے کا ذکر نہیں | بابِ مفاعلہ (فاعَلَ) — اکثر دوسرے کے ساتھ مل کر کام | واحد مؤنث غائب — وہ (ایک عورت) | منصوب — أَنْ، لَنْ، کَيْ وغیرہ کی وجہ سے,,
426,N|ACT_PCPL|VF:1|MS|GEN,1,2:233:31,اسمِ فاعل,کام کرنے والا | مذکر، واحد | مجرور — حرفِ جر کے بعد یا مضاف الیہ,,
433,N|PASS_PCPL|VF:2|FP|GEN,1,2:241:1,اسمِ مفعول,جس پر کام ہوا | مؤنث، جمع | مجرور — حرفِ جر کے بعد یا مضاف الیہ,,
437,V|PERF|VF:1|FAM:كَاد|2MP,1,2:246:24,فعلِ ماضی — گزرا ہوا کام,ثلاثی مجرد (فَعَلَ) | افعالِ مقاربہ — قریب ہونا | جمع مذکر حاضر — تم سب,,
439,V|IMPF|VF:3|1P|MOOD:SUBJ,1,2:246:35,فعلِ مضارع — حال یا مستقبل کا کام,بابِ مفاعلہ (فاعَلَ) — اکثر دوسرے کے ساتھ مل کر کام | جمع متکلم — ہم | منصوب — أَنْ، لَنْ، کَيْ وغیرہ کی وجہ سے,,
443,N|ACT_PCPL|VF:8|MS|NOM,1,2:249:8,اسمِ فاعل,کام کرنے والا | مذکر، واحد | مرفوع — عموماً فاعل، مبتدا یا خبر,,
466,V|IMPF|VF:1|FAM:كَان|3MD|MOOD:JUS,1,2:282:58,فعلِ مضارع — حال یا مستقبل کا کام,ثلاثی مجرد (فَعَلَ) | کانَ اور اس کے اخوات (افعالِ ناقصہ) — اسم مرفوع، خبر منصوب | تثنیہ مذکر غائب — وہ دونوں | مجزوم — لَمْ، لائے نہی، لامِ امر یا شرط کی وجہ سے,,
467,V|IMPF|VF:2|3FS|MOOD:SUBJ,1,2:282:69,فعلِ مضارع — حال یا مستقبل کا کام,بابِ تفعیل (فَعَّلَ) — اکثر شدت یا کسی سے کام کروانا | واحد مؤنث غائب — وہ (ایک عورت) | منصوب — أَنْ، لَنْ، کَيْ وغیرہ کی وجہ سے,,
469,V|IMPF|VF:3|PASS|3MS|MOOD:SUBJ,1,2:282:112,فعلِ مضارع — حال یا مستقبل کا کام,مجہول — کام کرنے والے کا ذکر نہیں | بابِ مفاعلہ (فاعَلَ) — اکثر دوسرے کے ساتھ مل کر کام | واحد مذکر غائب — وہ (ایک مرد) | منصوب — أَنْ، لَنْ، کَيْ وغیرہ کی وجہ سے,,
476,N|PASS_PCPL|VF:4|FP|INDEF|NOM|ADJ,1,3:7:8,اسمِ مفعول,جس پر کام ہوا | صفت (نعت) — پہلے اسم کی خوبی بیان کرتا ہے | مؤنث، جمع | مرفوع — عموماً فاعل، مبتدا یا خبر | نکرہ — غیر معین,,
477,N|ACT_PCPL|VF:6|MP|INDEF|NOM|ADJ,1,3:7:13,اسمِ فاعل,کام کرنے والا | صفت (نعت) — پہلے اسم کی خوبی بیان کرتا ہے | مذکر، جمع | مرفوع — عموماً فاعل، مبتدا یا خبر | نکرہ — غیر معین,,
480,V|PERF|VF:8|3FD,1,3:13:7,فعلِ ماضی — گزرا ہوا کام,بابِ افتعال (افْتَعَلَ) | تثنیہ مؤنث غائب — وہ دونوں (عورتیں),,
485,N|PN|VN|VF:4|M|NOM,1,3:19:5,عَلَم (خاص نام),مصدر — کام کا نام | مذکر | مرفوع — عموماً فاعل، مبتدا یا خبر,,
486,N|T|FP|INDEF|ACC,1,3:24:8,ظرفِ زمان (وقت بتاتا ہے),مؤنث، جمع | منصوب — عموماً مفعول، حال، یا إنّ کا اسم | نکرہ — غیر معین,,
490,N|VN|VF:1|FS|INDEF|ACC,1,3:28:21,مصدر,کام کا نام | مؤنث، واحد | منصوب — عموماً مفعول، حال، یا إنّ کا اسم | نکرہ — غیر معین,,
502,N|ACT_PCPL|VF:10|M|INDEF|NOM|ADJ,1,3:51:8,اسمِ فاعل,کام کرنے والا | صفت (نعت) — پہلے اسم کی خوبی بیان کرتا ہے | مذکر | مرفوع — عموماً فاعل، مبتدا یا خبر | نکرہ — غیر معین,,
509,N|PN|MS|INDEF|ACC,1,3:67:4,عَلَم (خاص نام),مذکر، واحد | منصوب — عموماً مفعول، حال، یا إنّ کا اسم | نکرہ — غیر معین,,
510,N|PN|INDEF|ACC,1,3:67:6,عَلَم (خاص نام),منصوب — عموماً مفعول، حال، یا إنّ کا اسم | نکرہ — غیر معین,,
511,N|ACT_PCPL|VF:4|MS|INDEF|ACC|ADJ,1,3:67:10,اسمِ فاعل,کام کرنے والا | صفت (نعت) — پہلے اسم کی خوبی بیان کرتا ہے | مذکر، واحد | منصوب — عموماً مفعول، حال، یا إنّ کا اسم | نکرہ — غیر معین,,
538,N|PASS_PCPL|VF:2|M|INDEF|ACC|ADJ,1,3:145:10,اسمِ مفعول,جس پر کام ہوا | صفت (نعت) — پہلے اسم کی خوبی بیان کرتا ہے | مذکر | منصوب — عموماً مفعول، حال، یا إنّ کا اسم | نکرہ — غیر معین,,
539,V|IMPF|VF:7|2MP|MOOD:JUS,1,3:149:11,فعلِ مضارع — حال یا مستقبل کا کام,بابِ انفعال (انْفَعَلَ) — اکثر خود بخود ہو جانا | جمع مذکر حاضر — تم سب | مجزوم — لَمْ، لائے نہی، لامِ امر یا شرط کی وجہ سے,,
558,N|VN|VF:3|INDEF|ACC|ADJ,1,4:9:8,مصدر,کام کا نام | صفت (نعت) — پہلے اسم کی خوبی بیان کرتا ہے | منصوب — عموماً مفعول، حال، یا إنّ کا اسم | نکرہ — غیر معین,,
561,N|ACT_PCPL|VF:3|M|INDEF|GEN,1,4:12:82,اسمِ فاعل,کام کرنے والا | مذکر | مجرور — حرفِ جر کے بعد یا مضاف الیہ | نکرہ — غیر معین,,
574,N|ACT_PCPL|VF:4|FP|GEN|ADJ,1,4:25:16,اسمِ فاعل,کام کرنے والا | صفت (نعت) — پہلے اسم کی خوبی بیان کرتا ہے | مؤنث، جمع | مجرور — حرفِ جر کے بعد یا مضاف الیہ,,
575,N|PASS_PCPL|VF:4|FP|INDEF|ACC,1,4:25:29,اسمِ مفعول,جس پر کام ہوا | مؤنث، جمع | منصوب — عموماً مفعول، حال، یا إنّ کا اسم | نکرہ — غیر معین,,
576,N|ACT_PCPL|VF:3|FP|INDEF|GEN,1,4:25:31,اسمِ فاعل,کام کرنے والا | مؤنث، جمع | مجرور — حرفِ جر کے بعد یا مضاف الیہ | نکرہ — غیر معین,,
577,N|ACT_PCPL|VF:8|FP|ACC,1,4:25:33,اسمِ فاعل,کام کرنے والا | مؤنث، جمع | منصوب — عموماً مفعول، حال، یا إنّ کا اسم,,
578,V|PERF|VF:4|PASS|3FP,1,4:25:36,فعلِ ماضی — گزرا ہوا کام,مجہول — کام کرنے والے کا ذکر نہیں | بابِ افعال (أَفْعَلَ) — اکثر کسی کو کچھ کروانا | جمع مؤنث غائب — وہ سب (عورتیں),,
582,V|PERF|VF:8|3FP,1,4:32:17,فعلِ ماضی — گزرا ہوا کام,بابِ افتعال (افْتَعَلَ) | جمع مؤنث غائب — وہ سب (عورتیں),,
597,N|ACT_PCPL|VF:1|GEN|ADJ,1,4:75:20,اسمِ فاعل,کام کرنے والا | صفت (نعت) — پہلے اسم کی خوبی بیان کرتا ہے | مجرور — حرفِ جر کے بعد یا مضاف الیہ,,
608,N|VN|VF:2|F|INDEF|GEN,1,4:86:3,مصدر,کام کا نام | مؤنث | مجرور — حرفِ جر کے بعد یا مضاف الیہ | نکرہ — غیر معین,,
610,V|IMPF|VF:1|FAM:كَان|2MP|MOOD:IND,1,4:89:6,فعلِ مضارع — حال یا مستقبل کا کام,ثلاثی مجرد (فَعَلَ) | کانَ اور اس کے اخوات (افعالِ ناقصہ) — اسم مرفوع، خبر منصوب | جمع مذکر حاضر — تم سب | مرفوع (عام حالت),,
621,V|IMPF|VF:5|3MD|MOOD:JUS,1,4:130:2,فعلِ مضارع — حال یا مستقبل کا کام,بابِ تفعّل (تَفَعَّلَ) — اکثر خود پر اثر لینا | تثنیہ مذکر غائب — وہ دونوں | مجزوم — لَمْ، لائے نہی، لامِ امر یا شرط کی وجہ سے,,
623,V|IMPF|VF:10|PASS|3MS|MOOD:IND,1,4:140:13,فعلِ مضارع — حال یا مستقبل کا کام,مجہول — کام کرنے والے کا ذکر نہیں | بابِ استفعال (اسْتَفْعَلَ) — اکثر طلب کرنا | واحد مذکر غائب — وہ (ایک مرد) | مرفوع (عام حالت),,
625,V|IMPF|VF:10|1P|MOOD:JUS,1,4:141:20,فعلِ مضارع — حال یا مستقبل کا کام,بابِ استفعال (اسْتَفْعَلَ) — اکثر طلب کرنا | جمع متکلم — ہم | مجزوم — لَمْ، لائے نہی، لامِ امر یا شرط کی وجہ سے,,
633,N|ACT_PCPL|VF:7|F|NOM,1,5:3:12,اسمِ فاعل,کام کرنے والا | مؤنث | مرفوع — عموماً فاعل، مبتدا یا خبر,,
635,N|ACT_PCPL|VF:5|F|NOM,1,5:3:14,اسمِ فاعل,کام کرنے والا | مؤنث | مرفوع — عموماً فاعل، مبتدا یا خبر,,
636,N|PN|VN|VF:4|M|ACC,1,5:3:49,عَلَم (خاص نام),مصدر — کام کا نام | مذکر | منصوب — عموماً مفعول، حال، یا إنّ کا اسم,,
641,N|PASS_PCPL|VF:2|F|ACC|ADJ,1,5:21:4,اسمِ مفعول,جس پر کام ہوا | صفت (نعت) — پہلے اسم کی خوبی بیان کرتا ہے | مؤنث | منصوب — عموماً مفعول، حال، یا إنّ کا اسم,,
642,V|IMPF|VF:7|2MP|MOOD:SUBJ,1,5:21:13,فعلِ مضارع — حال یا مستقبل کا کام,بابِ انفعال (انْفَعَلَ) — اکثر خود بخود ہو جانا | جمع مذکر حاضر — تم سب | منصوب — أَنْ، لَنْ، کَيْ وغیرہ کی وجہ سے,,
643,V|IMPV|VF:3|2MD,1,5:24:13,فعلِ امر — حکم,بابِ مفاعلہ (فاعَلَ) — اکثر دوسرے کے ساتھ مل کر کام | تثنیہ مذکر حاضر — تم دونوں,,
644,N|PASS_PCPL|VF:2|F|INDEF|NOM,1,5:26:3,اسمِ مفعول,جس پر کام ہوا | مؤنث | مرفوع — عموماً فاعل، مبتدا یا خبر | نکرہ — غیر معین,,
647,V|IMPF|VF:5|PASS|3MS|MOOD:JUS,1,5:27:14,فعلِ مضارع — حال یا مستقبل کا کام,مجہول — کام کرنے والے کا ذکر نہیں | بابِ تفعّل (تَفَعَّلَ) — اکثر خود پر اثر لینا | واحد مذکر غائب — وہ (ایک مرد) | مجزوم — لَمْ، لائے نہی، لامِ امر یا شرط کی وجہ سے,,
652,V|IMPF|VF:4|PASS|2MP|MOOD:SUBJ,1,5:41:39,فعلِ مضارع — حال یا مستقبل کا کام,مجہول — کام کرنے والے کا ذکر نہیں | بابِ افعال (أَفْعَلَ) — اکثر کسی کو کچھ کروانا | جمع مذکر حاضر — تم سب | منصوب — أَنْ، لَنْ، کَيْ وغیرہ کی وجہ سے,,
655,V|IMPF|VF:4|FAM:كَان|3MP|MOOD:SUBJ,1,5:52:22,فعلِ مضارع — حال یا مستقبل کا کام,بابِ افعال (أَفْعَلَ) — اکثر کسی کو کچھ کروانا | کانَ اور اس کے اخوات (افعالِ ناقصہ) — اسم مرفوع، خبر منصوب | جمع مذکر غائب — وہ سب | منصوب — أَنْ، لَنْ، کَيْ وغیرہ کی وجہ سے,,
660,N|PASS_PCPL|VF:1|FD|NOM,1,5:64:13,اسمِ مفعول,جس پر کام ہوا | مؤنث، تثنیہ (دو) | مرفوع — عموماً فاعل، مبتدا یا خبر,,
661,N|ACT_PCPL|VF:8|F|INDEF|NOM|ADJ,1,5:66:19,اسمِ فاعل,کام کرنے والا | صفت (نعت) — پہلے اسم کی خوبی بیان کرتا ہے | مؤنث | مرفوع — عموماً فاعل، مبتدا یا خبر | نکرہ — غیر معین,,
662,N|PN|ACT_PCPL|VF:1|MP|NOM,1,5:69:6,عَلَم (خاص نام),اسمِ فاعل — کام کرنے والا | مذکر، جمع | مرفوع — عموماً فاعل، مبتدا یا خبر,,
668,N|ACT_PCPL|VF:4|F|NOM,1,5:106:26,اسمِ فاعل,کام کرنے والا | مؤنث | مرفوع — عموماً فاعل، مبتدا یا خبر,,
674,V|PERF|VF:5|2MS,1,5:117:20,فعلِ ماضی — گزرا ہوا کام,بابِ تفعّل (تَفَعَّلَ) — اکثر خود پر اثر لینا | واحد مذکر حاضر — تُو (ایک مرد),,
685,V|IMPF|VF:10|3FS|MOOD:SUBJ,1,6:55:4,فعلِ مضارع — حال یا مستقبل کا کام,بابِ استفعال (اسْتَفْعَلَ) — اکثر طلب کرنا | واحد مؤنث غائب — وہ (ایک عورت) | منصوب — أَنْ، لَنْ، کَيْ وغیرہ کی وجہ سے,,
688,V|IMPF|VF:4|PASS|3FS|MOOD:SUBJ,1,6:70:13,فعلِ مضارع — حال یا مستقبل کا کام,مجہول — کام کرنے والے کا ذکر نہیں | بابِ افعال (أَفْعَلَ) — اکثر کسی کو کچھ کروانا | واحد مؤنث غائب — وہ (ایک عورت) | منصوب — أَنْ، لَنْ، کَيْ وغیرہ کی وجہ سے,,
690,V|IMPF|VF:1|FAM:كَان|1S|MOOD:IND,1,6:77:15,فعلِ مضارع — حال یا مستقبل کا کام,ثلاثی مجرد (فَعَلَ) | کانَ اور اس کے اخوات (افعالِ ناقصہ) — اسم مرفوع، خبر منصوب | واحد متکلم — میں | مرفوع (عام حالت),,
696,N|ACT_PCPL|VF:6|M|INDEF|ACC|ADJ,1,6:99:18,اسمِ فاعل,کام کرنے والا | صفت (نعت) — پہلے اسم کی خوبی بیان کرتا ہے | مذکر | منصوب — عموماً مفعول، حال، یا إنّ کا اسم | نکرہ — غیر معین,,
699,V|PERF|VF:8|PASS|2MP,1,6:119:18,فعلِ ماضی — گزرا ہوا کام,مجہول — کام کرنے والے کا ذکر نہیں | بابِ افتعال (افْتَعَلَ) | جمع مذکر حاضر — تم سب,,
700,V|IMPF|VF:4|PASS|1P|MOOD:SUBJ,1,6:124:8,فعلِ مضارع — حال یا مستقبل کا کام,مجہول — کام کرنے والے کا ذکر نہیں | بابِ افعال (أَفْعَلَ) — اکثر کسی کو کچھ کروانا | جمع متکلم — ہم | منصوب — أَنْ، لَنْ، کَيْ وغیرہ کی وجہ سے,,
702,N|PASS_PCPL|VF:1|FP|INDEF|GEN,1,6:141:7,اسمِ مفعول,جس پر کام ہوا | مؤنث، جمع | مجرور — حرفِ جر کے بعد یا مضاف الیہ | نکرہ — غیر معین,,
705,N|ACT_PCPL|VF:1|F|NOM|ADJ,1,6:149:4,اسمِ فاعل,کام کرنے والا | صفت (نعت) — پہلے اسم کی خوبی بیان کرتا ہے | مؤنث | مرفوع — عموماً فاعل، مبتدا یا خبر,,
718,N|PASS_PCPL|VF:2|FP|INDEF|ACC,1,7:54:23,اسمِ مفعول,جس پر کام ہوا | مؤنث، جمع | منصوب — عموماً مفعول، حال، یا إنّ کا اسم | نکرہ — غیر معین,,
721,N|PASS_PCPL|VF:4|M|INDEF|NOM,1,7:75:15,اسمِ مفعول,جس پر کام ہوا | مذکر | مرفوع — عموماً فاعل، مبتدا یا خبر | نکرہ — غیر معین,,
739,N|PASS_PCPL|VF:10|MP|NOM|ADJ,1,8:26:5,اسمِ مفعول,جس پر کام ہوا | صفت (نعت) — پہلے اسم کی خوبی بیان کرتا ہے | مذکر، جمع | مرفوع — عموماً فاعل، مبتدا یا خبر,,
743,V|IMPF|VF:1|PASS|2MP|MOOD:SUBJ,1,9:16:4,فعلِ مضارع — حال یا مستقبل کا کام,مجہول — کام کرنے والے کا ذکر نہیں | ثلاثی مجرد (فَعَلَ) | جمع مذکر حاضر — تم سب | منصوب — أَنْ، لَنْ، کَيْ وغیرہ کی وجہ سے,,
752,V|IMPF|VF:4|PASS|3MP|MOOD:JUS,1,9:58:12,فعلِ مضارع — حال یا مستقبل کا کام,مجہول — کام کرنے والے کا ذکر نہیں | بابِ افعال (أَفْعَلَ) — اکثر کسی کو کچھ کروانا | جمع مذکر غائب — وہ سب | مجزوم — لَمْ، لائے نہی، لامِ امر یا شرط کی وجہ سے,,
755,N|ACT_PCPL|VF:8|FP|GEN,1,9:70:15,اسمِ فاعل,کام کرنے والا | مؤنث، جمع | مجرور — حرفِ جر کے بعد یا مضاف الیہ,,
758,N|VN|VF:1|GEN,1,9:83:20,مصدر,کام کا نام | مجرور — حرفِ جر کے بعد یا مضاف الیہ,,
759,V|IMPF|VF:2|3FS|MOOD:JUS,1,9:84:2,فعلِ مضارع — حال یا مستقبل کا کام,بابِ تفعیل (فَعَّلَ) — اکثر شدت یا کسی سے کام کروانا | واحد مؤنث غائب — وہ (ایک عورت) | مجزوم — لَمْ، لائے نہی، لامِ امر یا شرط کی وجہ سے,,
764,N|VN|VF:10|M|NOM,1,9:114:3,مصدر,کام کا نام | مذکر | مرفوع — عموماً فاعل، مبتدا یا خبر,,
770,N|NV|IMPV|M|ACC,1,10:28:8,اسمِ فعل,مذکر | منصوب — عموماً مفعول، حال، یا إنّ کا اسم,,
772,V|IMPV|VF:5|2MD,1,10:87:6,فعلِ امر — حکم,بابِ تفعّل (تَفَعَّلَ) — اکثر خود پر اثر لینا | تثنیہ مذکر حاضر — تم دونوں,,
773,V|IMPV|VF:10|2MD,1,10:89:5,فعلِ امر — حکم,بابِ استفعال (اسْتَفْعَلَ) — اکثر طلب کرنا | تثنیہ مذکر حاضر — تم دونوں,,
774,V|IMPF|VF:8|2D|MOOD:JUS,1,10:89:7,فعلِ مضارع — حال یا مستقبل کا کام,بابِ افتعال (افْتَعَلَ) | تثنیہ حاضر — تم دونوں | مجزوم — لَمْ، لائے نہی، لامِ امر یا شرط کی وجہ سے,,
775,N|PASS_PCPL|VF:2|M|ACC,1,10:93:5,اسمِ مفعول,جس پر کام ہوا | مذکر | منصوب — عموماً مفعول، حال، یا إنّ کا اسم,,
779,N|PASS_PCPL|VF:1|FS|INDEF|GEN,1,11:8:7,اسمِ مفعول,جس پر کام ہوا | مؤنث، واحد | مجرور — حرفِ جر کے بعد یا مضاف الیہ | نکرہ — غیر معین,,
780,N|PASS_PCPL|VF:8|FP|INDEF|GEN,1,11:13:9,اسمِ مفعول,جس پر کام ہوا | مؤنث، جمع | مجرور — حرفِ جر کے بعد یا مضاف الیہ | نکرہ — غیر معین,,
784,V|IMPF|VF:8|3FS|MOOD:JUS,1,11:36:14,فعلِ مضارع — حال یا مستقبل کا کام,بابِ افتعال (افْتَعَلَ) | واحد مؤنث غائب — وہ (ایک عورت) | مجزوم — لَمْ، لائے نہی، لامِ امر یا شرط کی وجہ سے,,
792,N|VN|VF:2|NOM,1,11:88:29,مصدر,کام کا نام | مرفوع — عموماً فاعل، مبتدا یا خبر,,
793,N|VN|VF:3|NOM,1,11:89:4,مصدر,کام کا نام | مرفوع — عموماً فاعل، مبتدا یا خبر,,
798,N|PASS_PCPL|VF:1|FS|INDEF|GEN|ADJ,1,12:20:5,اسمِ مفعول,جس پر کام ہوا | صفت (نعت) — پہلے اسم کی خوبی بیان کرتا ہے | مؤنث، واحد | مجرور — حرفِ جر کے بعد یا مضاف الیہ | نکرہ — غیر معین,,
799,N|NV|IMPV|VF:1|2MS,1,12:23:11,اسمِ فعل,واحد مذکر حاضر — تُو (ایک مرد),,
803,V|IMPV|VF:10|2FS,1,12:29:5,فعلِ امر — حکم,بابِ استفعال (اسْتَفْعَلَ) — اکثر طلب کرنا | واحد مؤنث حاضر — تُو (ایک عورت),,
804,V|PERF|VF:1|FAM:كَان|2FS,1,12:29:8,فعلِ ماضی — گزرا ہوا کام,ثلاثی مجرد (فَعَلَ) | کانَ اور اس کے اخوات (افعالِ ناقصہ) — اسم مرفوع، خبر منصوب | واحد مؤنث حاضر — تُو (ایک عورت),,
806,P|ADDR|SUFF|FP,1,12:32:2,حرفِ خطاب,مخاطب کی طرف اشارہ,,
807,V|PERF|VF:1|2FP,1,12:32:4,فعلِ ماضی — گزرا ہوا کام,ثلاثی مجرد (فَعَلَ) | جمع مؤنث حاضر — تم سب (عورتیں),,
809,V|IMPF|VF:1|PASS|2MD|MOOD:IND,1,12:37:5,فعلِ مضارع — حال یا مستقبل کا کام,مجہول — کام کرنے والے کا ذکر نہیں | ثلاثی مجرد (فَعَلَ) | تثنیہ مذکر حاضر — تم دونوں | مرفوع (عام حالت),,
810,V|IMPF|VF:10|2D|MOOD:IND,1,12:41:19,فعلِ مضارع — حال یا مستقبل کا کام,بابِ استفعال (اسْتَفْعَلَ) — اکثر طلب کرنا | تثنیہ حاضر — تم دونوں | مرفوع (عام حالت),,
812,V|PERF|VF:3|2FP,1,12:51:5,فعلِ ماضی — گزرا ہوا کام,بابِ مفاعلہ (فاعَلَ) — اکثر دوسرے کے ساتھ مل کر کام | جمع مؤنث حاضر — تم سب (عورتیں),,
814,N|ACT_PCPL|VF:5|F|INDEF|GEN,1,12:67:11,اسمِ فاعل,کام کرنے والا | مؤنث | مجرور — حرفِ جر کے بعد یا مضاف الیہ | نکرہ — غیر معین,,
815,N|PASS_PCPL|VF:4|FP|INDEF|GEN,1,12:88:12,اسمِ مفعول,جس پر کام ہوا | مؤنث، جمع | مجرور — حرفِ جر کے بعد یا مضاف الیہ | نکرہ — غیر معین,,
817,V|IMPF|VF:5|2MS|MOOD:JUS,1,12:101:18,فعلِ مضارع — حال یا مستقبل کا کام,بابِ تفعّل (تَفَعَّلَ) — اکثر خود پر اثر لینا | واحد مذکر حاضر — تُو (ایک مرد) | مجزوم — لَمْ، لائے نہی، لامِ امر یا شرط کی وجہ سے,,
818,N|ACT_PCPL|VF:4|MS|INDEF|ACC,1,12:101:19,اسمِ فاعل,کام کرنے والا | مذکر، واحد | منصوب — عموماً مفعول، حال، یا إنّ کا اسم | نکرہ — غیر معین,,
820,N|ACT_PCPL|VF:6|M|NOM,1,13:9:5,اسمِ فاعل,کام کرنے والا | مذکر | مرفوع — عموماً فاعل، مبتدا یا خبر,,
821,N|ACT_PCPL|VF:2|FP|INDEF|NOM,1,13:11:2,اسمِ فاعل,کام کرنے والا | مؤنث، جمع | مرفوع — عموماً فاعل، مبتدا یا خبر | نکرہ — غیر معین,,
824,V|PERF|VF:8|PASS|3FS,1,14:26:6,فعلِ ماضی — گزرا ہوا کام,مجہول — کام کرنے والے کا ذکر نہیں | بابِ افتعال (افْتَعَلَ) | واحد مؤنث غائب — وہ (ایک عورت),,
826,N|PASS_PCPL|VF:2|M|GEN,1,14:37:12,اسمِ مفعول,جس پر کام ہوا | مذکر | مجرور — حرفِ جر کے بعد یا مضاف الیہ,,
832,N|PASS_PCPL|VF:2|FP|INDEF|NOM,1,16:12:8,اسمِ مفعول,جس پر کام ہوا | مؤنث، جمع | مرفوع — عموماً فاعل، مبتدا یا خبر | نکرہ — غیر معین,,
833,N|VN|VF:5|M|INDEF|GEN,1,16:47:4,مصدر,کام کا نام | مذکر | مجرور — حرفِ جر کے بعد یا مضاف الیہ | نکرہ — غیر معین,,
836,V|IMPF|VF:6|3MS|MOOD:SUBJ,1,16:59:1,فعلِ مضارع — حال یا مستقبل کا کام,بابِ تفاعل (تَفاعَلَ) — اکثر باہم ایک دوسرے سے | واحد مذکر غائب — وہ (ایک مرد) | منصوب — أَنْ، لَنْ، کَيْ وغیرہ کی وجہ سے,,
837,V|IMPV|VF:8|2FS,1,16:68:6,فعلِ امر — حکم,بابِ افتعال (افْتَعَلَ) | واحد مؤنث حاضر — تُو (ایک عورت),,
839,N|PASS_PCPL|VF:2|FP|INDEF|GEN,1,16:79:5,اسمِ مفعول,جس پر کام ہوا | مؤنث، جمع | مجرور — حرفِ جر کے بعد یا مضاف الیہ | نکرہ — غیر معین,,
840,N|VN|VF:4|GEN,1,16:80:17,مصدر,کام کا نام | مجرور — حرفِ جر کے بعد یا مضاف الیہ,,
848,V|IMPF|VF:4|PASS|2MS|MOOD:IND,1,17:39:14,فعلِ مضارع — حال یا مستقبل کا کام,مجہول — کام کرنے والے کا ذکر نہیں | بابِ افعال (أَفْعَلَ) — اکثر کسی کو کچھ کروانا | واحد مذکر حاضر — تُو (ایک مرد) | مرفوع (عام حالت),,
849,N|PASS_PCPL|VF:1|F|ACC,1,17:60:17,اسمِ مفعول,جس پر کام ہوا | مؤنث | منصوب — عموماً مفعول، حال، یا إنّ کا اسم,,
850,N|ADDR|SUFF|2MS,1,17:62:2,اسم,واحد مذکر حاضر — تُو (ایک مرد),,
853,N|COND|INDEF|ACC,1,17:110:7,اسمِ شرط,منصوب — عموماً مفعول، حال، یا إنّ کا اسم | نکرہ — غیر معین,,
854,V|IMPF|VF:6|3FS|MOOD:IND,1,18:17:5,فعلِ مضارع — حال یا مستقبل کا کام,بابِ تفاعل (تَفاعَلَ) — اکثر باہم ایک دوسرے سے | واحد مؤنث غائب — وہ (ایک عورت) | مرفوع (عام حالت),,
856,N|PASS_PCPL|VF:7|M|INDEF|ACC,1,18:36:12,اسمِ مفعول,جس پر کام ہوا | مذکر | منصوب — عموماً مفعول، حال، یا إنّ کا اسم | نکرہ — غیر معین,,
857,V|IMPF|VF:4|FAM:كَان|3FS|MOOD:SUBJ,1,18:40:13,فعلِ مضارع — حال یا مستقبل کا کام,بابِ افعال (أَفْعَلَ) — اکثر کسی کو کچھ کروانا | کانَ اور اس کے اخوات (افعالِ ناقصہ) — اسم مرفوع، خبر منصوب | واحد مؤنث غائب — وہ (ایک عورت) | منصوب — أَنْ، لَنْ، کَيْ وغیرہ کی وجہ سے,,
858,V|IMPF|VF:4|FAM:كَان|3MS|MOOD:SUBJ,1,18:41:2,فعلِ مضارع — حال یا مستقبل کا کام,بابِ افعال (أَفْعَلَ) — اکثر کسی کو کچھ کروانا | کانَ اور اس کے اخوات (افعالِ ناقصہ) — اسم مرفوع، خبر منصوب | واحد مذکر غائب — وہ (ایک مرد) | منصوب — أَنْ، لَنْ، کَيْ وغیرہ کی وجہ سے,,
860,N|ACT_PCPL|VF:8|M|ACC,1,18:51:11,اسمِ فاعل,کام کرنے والا | مذکر | منصوب — عموماً مفعول، حال، یا إنّ کا اسم,,
862,V|PERF|VF:2|PASS|2MS,1,18:66:10,فعلِ ماضی — گزرا ہوا کام,مجہول — کام کرنے والے کا ذکر نہیں | بابِ تفعیل (فَعَّلَ) — اکثر شدت یا کسی سے کام کروانا | واحد مذکر حاضر — تُو (ایک مرد),,
866,V|IMPF|VF:10|3MD|MOOD:SUBJ,1,18:82:20,فعلِ مضارع — حال یا مستقبل کا کام,بابِ استفعال (اسْتَفْعَلَ) — اکثر طلب کرنا | تثنیہ مذکر غائب — وہ دونوں | منصوب — أَنْ، لَنْ، کَيْ وغیرہ کی وجہ سے,,
871,V|IMPF|VF:1|PASS|1S|MOOD:IND,1,19:33:8,فعلِ مضارع — حال یا مستقبل کا کام,مجہول — کام کرنے والے کا ذکر نہیں | ثلاثی مجرد (فَعَلَ) | واحد متکلم — میں | مرفوع (عام حالت),,
874,N|REL|ACC,1,19:69:6,اسمِ موصول (جو / جس نے),منصوب — عموماً مفعول، حال، یا إنّ کا اسم,,
878,V|IMPF|VF:7|3FS|MOOD:IND,1,19:90:5,فعلِ مضارع — حال یا مستقبل کا کام,بابِ انفعال (انْفَعَلَ) — اکثر خود بخود ہو جانا | واحد مؤنث غائب — وہ (ایک عورت) | مرفوع (عام حالت),,
879,N|P|ACC|ADJ,1,20:4:6,اسمِ صفت,صفت (نعت) — پہلے اسم کی خوبی بیان کرتا ہے | منصوب — عموماً مفعول، حال، یا إنّ کا اسم,,
880,V|IMPF|VF:1|FAM:كَاد|1S|MOOD:IND,1,20:15:4,فعلِ مضارع — حال یا مستقبل کا کام,ثلاثی مجرد (فَعَلَ) | افعالِ مقاربہ — قریب ہونا | واحد متکلم — میں | مرفوع (عام حالت),,
881,V|IMPF|VF:5|1S|MOOD:IND,1,20:18:4,فعلِ مضارع — حال یا مستقبل کا کام,بابِ تفعّل (تَفَعَّلَ) — اکثر خود پر اثر لینا | واحد متکلم — میں | مرفوع (عام حالت),,
883,V|PERF|VF:4|PASS|2MS,1,20:36:3,فعلِ ماضی — گزرا ہوا کام,مجہول — کام کرنے والے کا ذکر نہیں | بابِ افعال (أَفْعَلَ) — اکثر کسی کو کچھ کروانا | واحد مذکر حاضر — تُو (ایک مرد),,
884,V|IMPF|VF:1|PASS|2MS|MOOD:SUBJ,1,20:39:20,فعلِ مضارع — حال یا مستقبل کا کام,مجہول — کام کرنے والے کا ذکر نہیں | ثلاثی مجرد (فَعَلَ) | واحد مذکر حاضر — تُو (ایک مرد) | منصوب — أَنْ، لَنْ، کَيْ وغیرہ کی وجہ سے,,
885,N|ACC|ADJ,1,20:58:14,اسمِ صفت,صفت (نعت) — پہلے اسم کی خوبی بیان کرتا ہے | منصوب — عموماً مفعول، حال، یا إنّ کا اسم,,
887,N|FP|NOM|ADJ,1,20:75:10,اسمِ صفت,صفت (نعت) — پہلے اسم کی خوبی بیان کرتا ہے | مؤنث، جمع | مرفوع — عموماً فاعل، مبتدا یا خبر,,
888,N|LOC|ACT_PCPL|VF:1|M|ACC,1,20:80:8,ظرفِ مکان (جگہ بتاتا ہے),اسمِ فاعل — کام کرنے والا | مذکر | منصوب — عموماً مفعول، حال، یا إنّ کا اسم,,
890,V|IMPF|VF:4|PASS|2MS|MOOD:SUBJ,1,20:97:15,فعلِ مضارع — حال یا مستقبل کا کام,مجہول — کام کرنے والے کا ذکر نہیں | بابِ افعال (أَفْعَلَ) — اکثر کسی کو کچھ کروانا | واحد مذکر حاضر — تُو (ایک مرد) | منصوب — أَنْ، لَنْ، کَيْ وغیرہ کی وجہ سے,,
891,N|ACT_PCPL|VF:5|M|INDEF|NOM,1,20:135:3,اسمِ فاعل,کام کرنے والا | مذکر | مرفوع — عموماً فاعل، مبتدا یا خبر | نکرہ — غیر معین,,
894,V|IMPV|VF:1|FAM:كَان|2FS,1,21:69:3,فعلِ امر — حکم,ثلاثی مجرد (فَعَلَ) | کانَ اور اس کے اخوات (افعالِ ناقصہ) — اسم مرفوع، خبر منصوب | واحد مؤنث حاضر — تُو (ایک عورت),,
895,N|VN|VF:1|ACC,1,21:73:7,مصدر,کام کا نام | منصوب — عموماً مفعول، حال، یا إنّ کا اسم,,
899,N|PN|PASS_PCPL|VF:1|MP|ACC,1,22:17:8,عَلَم (خاص نام),اسمِ مفعول — جس پر کام ہوا | مذکر، جمع | منصوب — عموماً مفعول، حال، یا إنّ کا اسم,,
901,V|IMPF|VF:4|FAM:كَان|3FS|MOOD:IND,1,22:63:9,فعلِ مضارع — حال یا مستقبل کا کام,بابِ افعال (أَفْعَلَ) — اکثر کسی کو کچھ کروانا | کانَ اور اس کے اخوات (افعالِ ناقصہ) — اسم مرفوع، خبر منصوب | واحد مؤنث غائب — وہ (ایک عورت) | مرفوع (عام حالت),,
902,N|ACT_PCPL|VF:9|F|INDEF|ACC,1,22:63:11,اسمِ فاعل,کام کرنے والا | مؤنث | منصوب — عموماً مفعول، حال، یا إنّ کا اسم | نکرہ — غیر معین,,
905,V|IMPF|VF:4|FAM:كَان|3MP|MOOD:IND,1,23:40:4,فعلِ مضارع — حال یا مستقبل کا کام,بابِ افعال (أَفْعَلَ) — اکثر کسی کو کچھ کروانا | کانَ اور اس کے اخوات (افعالِ ناقصہ) — اسم مرفوع، خبر منصوب | جمع مذکر غائب — وہ سب | مرفوع (عام حالت),,
908,N|ACT_PCPL|VF:1|FP|ACC|ADJ,1,24:23:5,اسمِ فاعل,کام کرنے والا | صفت (نعت) — پہلے اسم کی خوبی بیان کرتا ہے | مؤنث، جمع | منصوب — عموماً مفعول، حال، یا إنّ کا اسم,,
912,V|IMPF|VF:1|FAM:كَاد|3MS|MOOD:JUS,1,24:40:22,فعلِ مضارع — حال یا مستقبل کا کام,ثلاثی مجرد (فَعَلَ) | افعالِ مقاربہ — قریب ہونا | واحد مذکر غائب — وہ (ایک مرد) | مجزوم — لَمْ، لائے نہی، لامِ امر یا شرط کی وجہ سے,,
913,N|ACT_PCPL|VF:1|FP|INDEF|GEN,1,24:41:12,اسمِ فاعل,کام کرنے والا | مؤنث، جمع | مجرور — حرفِ جر کے بعد یا مضاف الیہ | نکرہ — غیر معین,,
914,N|ACT_PCPL|VF:5|FP|INDEF|GEN,1,24:60:15,اسمِ فاعل,کام کرنے والا | مؤنث، جمع | مجرور — حرفِ جر کے بعد یا مضاف الیہ | نکرہ — غیر معین,,
915,V|IMPF|VF:10|3FP|MOOD:SUBJ,1,24:60:18,فعلِ مضارع — حال یا مستقبل کا کام,بابِ استفعال (اسْتَفْعَلَ) — اکثر طلب کرنا | جمع مؤنث غائب — وہ سب (عورتیں) | منصوب — أَنْ، لَنْ، کَيْ وغیرہ کی وجہ سے,,
920,N|VN|VF:1|NOM,1,26:19:2,مصدر,کام کا نام | مرفوع — عموماً فاعل، مبتدا یا خبر,,
922,V|IMPF|VF:6|2MS|MOOD:IND,1,26:61:2,فعلِ مضارع — حال یا مستقبل کا کام,بابِ تفاعل (تَفاعَلَ) — اکثر باہم ایک دوسرے سے | واحد مذکر حاضر — تُو (ایک مرد) | مرفوع (عام حالت),,
923,N|PASS_PCPL|VF:7|M|INDEF|GEN,1,26:227:18,اسمِ مفعول,جس پر کام ہوا | مذکر | مجرور — حرفِ جر کے بعد یا مضاف الیہ | نکرہ — غیر معین,,
924,V|IMPF|VF:7|3MP|MOOD:IND,1,26:227:19,فعلِ مضارع — حال یا مستقبل کا کام,بابِ انفعال (انْفَعَلَ) — اکثر خود بخود ہو جانا | جمع مذکر غائب — وہ سب | مرفوع (عام حالت),,
925,V|PERF|VF:1|FAM:كَاد|3FS,1,28:10:7,فعلِ ماضی — گزرا ہوا کام,ثلاثی مجرد (فَعَلَ) | افعالِ مقاربہ — قریب ہونا | واحد مؤنث غائب — وہ (ایک عورت),,
926,V|IMPF|VF:1|2D|MOOD:IND,1,28:23:15,فعلِ مضارع — حال یا مستقبل کا کام,ثلاثی مجرد (فَعَلَ) | تثنیہ حاضر — تم دونوں | مرفوع (عام حالت),,
927,N|VN|VF:10|M|INDEF|GEN,1,28:25:5,مصدر,کام کا نام | مذکر | مجرور — حرفِ جر کے بعد یا مضاف الیہ | نکرہ — غیر معین,,
928,N|DEM|FD,1,28:27:8,اسمِ اشارہ (یہ / وہ),مؤنث، تثنیہ (دو),,
929,N|COND|ACC,1,28:28:5,اسمِ شرط,منصوب — عموماً مفعول، حال، یا إنّ کا اسم,,
931,V|IMPF|VF:5|PASS|1P|MOOD:JUS,1,28:57:6,فعلِ مضارع — حال یا مستقبل کا کام,مجہول — کام کرنے والے کا ذکر نہیں | بابِ تفعّل (تَفَعَّلَ) — اکثر خود پر اثر لینا | جمع متکلم — ہم | مجزوم — لَمْ، لائے نہی، لامِ امر یا شرط کی وجہ سے,,
933,V|IMPF|VF:2|PASS|2MP|MOOD:SUBJ,1,29:18:2,فعلِ مضارع — حال یا مستقبل کا کام,مجہول — کام کرنے والے کا ذکر نہیں | بابِ تفعیل (فَعَّلَ) — اکثر شدت یا کسی سے کام کروانا | جمع مذکر حاضر — تم سب | منصوب — أَنْ، لَنْ، کَيْ وغیرہ کی وجہ سے,,
935,N|ACT_PCPL|VF:1|GEN,1,29:29:8,اسمِ فاعل,کام کرنے والا | مجرور — حرفِ جر کے بعد یا مضاف الیہ,,
936,V|IMPF|VF:4|FAM:كَان|2MP|MOOD:IND,1,30:17:6,فعلِ مضارع — حال یا مستقبل کا کام,بابِ افعال (أَفْعَلَ) — اکثر کسی کو کچھ کروانا | کانَ اور اس کے اخوات (افعالِ ناقصہ) — اسم مرفوع، خبر منصوب | جمع مذکر حاضر — تم سب | مرفوع (عام حالت),,
945,N|ACT_PCPL|VF:2|F|INDEF|GEN,1,33:30:7,اسمِ فاعل,کام کرنے والا | مؤنث | مجرور — حرفِ جر کے بعد یا مضاف الیہ | نکرہ — غیر معین,,
946,V|PERF|VF:8|2FP,1,33:32:8,فعلِ ماضی — گزرا ہوا کام,بابِ افتعال (افْتَعَلَ) | جمع مؤنث حاضر — تم سب (عورتیں),,
947,V|IMPF|VF:1|2FP|MOOD:JUS,1,33:32:10,فعلِ مضارع — حال یا مستقبل کا کام,ثلاثی مجرد (فَعَلَ) | جمع مؤنث حاضر — تم سب (عورتیں) | مجزوم — لَمْ، لائے نہی، لامِ امر یا شرط کی وجہ سے,,
949,V|IMPF|VF:5|2FP|MOOD:JUS,1,33:33:5,فعلِ مضارع — حال یا مستقبل کا کام,بابِ تفعّل (تَفَعَّلَ) — اکثر خود پر اثر لینا | جمع مؤنث حاضر — تم سب (عورتیں) | مجزوم — لَمْ، لائے نہی، لامِ امر یا شرط کی وجہ سے,,
951,V|PERF|VF:3|3FP,1,33:50:26,فعلِ ماضی — گزرا ہوا کام,بابِ مفاعلہ (فاعَلَ) — اکثر دوسرے کے ساتھ مل کر کام | جمع مؤنث غائب — وہ سب (عورتیں),,
954,V|IMPV|VF:8|2FP,1,33:55:22,فعلِ امر — حکم,بابِ افتعال (افْتَعَلَ) | جمع مؤنث حاضر — تم سب (عورتیں),,
955,V|IMPF|VF:1|PASS|3FP|MOOD:SUBJ,1,33:59:15,فعلِ مضارع — حال یا مستقبل کا کام,مجہول — کام کرنے والے کا ذکر نہیں | ثلاثی مجرد (فَعَلَ) | جمع مؤنث غائب — وہ سب (عورتیں) | منصوب — أَنْ، لَنْ، کَيْ وغیرہ کی وجہ سے,,
956,V|IMPF|VF:4|PASS|3FP|MOOD:SUBJ,1,33:59:17,فعلِ مضارع — حال یا مستقبل کا کام,مجہول — کام کرنے والے کا ذکر نہیں | بابِ افعال (أَفْعَلَ) — اکثر کسی کو کچھ کروانا | جمع مؤنث غائب — وہ سب (عورتیں) | منصوب — أَنْ، لَنْ، کَيْ وغیرہ کی وجہ سے,,
957,N|PASS_PCPL|VF:1|MP|ACC,1,33:61:1,اسمِ مفعول,جس پر کام ہوا | مذکر، جمع | منصوب — عموماً مفعول، حال، یا إنّ کا اسم,,
959,V|IMPV|VF:2|2FS,1,34:10:7,فعلِ امر — حکم,بابِ تفعیل (فَعَّلَ) — اکثر شدت یا کسی سے کام کروانا | واحد مؤنث حاضر — تُو (ایک عورت),,
960,N|ACT_PCPL|VF:1|FS|INDEF|GEN,1,34:13:11,اسمِ فاعل,کام کرنے والا | مؤنث، واحد | مجرور — حرفِ جر کے بعد یا مضاف الیہ | نکرہ — غیر معین,,
961,N|T|P|ACC,1,34:18:15,ظرفِ زمان (وقت بتاتا ہے),منصوب — عموماً مفعول، حال، یا إنّ کا اسم,,
965,N|PASS_PCPL|VF:4|F|GEN,1,35:35:4,اسمِ مفعول,جس پر کام ہوا | مؤنث | مجرور — حرفِ جر کے بعد یا مضاف الیہ,,
967,N|PASS_PCPL|VF:10|M|INDEF|GEN,1,36:38:3,اسمِ مفعول,جس پر کام ہوا | مذکر | مجرور — حرفِ جر کے بعد یا مضاف الیہ | نکرہ — غیر معین,,
969,N|PASS_PCPL|VF:2|MP|ACC|ADJ,1,38:38:2,اسمِ مفعول,جس پر کام ہوا | صفت (نعت) — پہلے اسم کی خوبی بیان کرتا ہے | مذکر، جمع | منصوب — عموماً مفعول، حال، یا إنّ کا اسم,,
971,N|PASS_PCPL|VF:8|MP|GEN,1,38:47:4,اسمِ مفعول,جس پر کام ہوا | مذکر، جمع | مجرور — حرفِ جر کے بعد یا مضاف الیہ,,
974,N|PASS_PCPL|VF:1|FP|INDEF|NOM,1,39:67:12,اسمِ مفعول,جس پر کام ہوا | مؤنث، جمع | مرفوع — عموماً فاعل، مبتدا یا خبر | نکرہ — غیر معین,,
978,N|INDEF|NOM|ADJ,1,40:34:30,اسمِ صفت,صفت (نعت) — پہلے اسم کی خوبی بیان کرتا ہے | مرفوع — عموماً فاعل، مبتدا یا خبر | نکرہ — غیر معین,,
979,V|IMPF|VF:8|1S|MOOD:SUBJ,1,40:37:3,فعلِ مضارع — حال یا مستقبل کا کام,بابِ افتعال (افْتَعَلَ) | واحد متکلم — میں | منصوب — أَنْ، لَنْ، کَيْ وغیرہ کی وجہ سے,,
980,V|IMPF|VF:1|FAM:كَان|3MD|MOOD:SUBJ,1,41:29:14,فعلِ مضارع — حال یا مستقبل کا کام,ثلاثی مجرد (فَعَلَ) | کانَ اور اس کے اخوات (افعالِ ناقصہ) — اسم مرفوع، خبر منصوب | تثنیہ مذکر غائب — وہ دونوں | منصوب — أَنْ، لَنْ، کَيْ وغیرہ کی وجہ سے,,
983,N|1S|GEN,1,43:51:15,اسم,واحد متکلم — میں | مجرور — حرفِ جر کے بعد یا مضاف الیہ,,
984,N|VN|VF:1|F|INDEF|GEN,1,46:4:24,مصدر,کام کا نام | مؤنث | مجرور — حرفِ جر کے بعد یا مضاف الیہ | نکرہ — غیر معین,,
985,V|IMPF|VF:6|1P|MOOD:IND,1,46:16:8,فعلِ مضارع — حال یا مستقبل کا کام,بابِ تفاعل (تَفاعَلَ) — اکثر باہم ایک دوسرے سے | جمع متکلم — ہم | مرفوع (عام حالت),,
987,V|IMPF|VF:4|PASS|1S|MOOD:SUBJ,1,46:17:8,فعلِ مضارع — حال یا مستقبل کا کام,مجہول — کام کرنے والے کا ذکر نہیں | بابِ افعال (أَفْعَلَ) — اکثر کسی کو کچھ کروانا | واحد متکلم — میں | منصوب — أَنْ، لَنْ، کَيْ وغیرہ کی وجہ سے,,
988,V|IMPF|VF:10|3MD|MOOD:IND,1,46:17:15,فعلِ مضارع — حال یا مستقبل کا کام,بابِ استفعال (اسْتَفْعَلَ) — اکثر طلب کرنا | تثنیہ مذکر غائب — وہ دونوں | مرفوع (عام حالت),,
989,N|ACT_PCPL|VF:10|M|ACC,1,46:24:4,اسمِ فاعل,کام کرنے والا | مذکر | منصوب — عموماً مفعول، حال، یا إنّ کا اسم,,
990,N|PASS_PCPL|VF:5|M|ACC,1,47:19:13,اسمِ مفعول,جس پر کام ہوا | مذکر | منصوب — عموماً مفعول، حال، یا إنّ کا اسم,,
991,N|ACT_PCPL|VF:4|FP|INDEF|NOM,1,48:25:17,اسمِ فاعل,کام کرنے والا | مؤنث، جمع | مرفوع — عموماً فاعل، مبتدا یا خبر | نکرہ — غیر معین,,
992,V|IMPF|VF:4|FAM:كَان|2MP|MOOD:SUBJ,1,49:6:13,فعلِ مضارع — حال یا مستقبل کا کام,بابِ افعال (أَفْعَلَ) — اکثر کسی کو کچھ کروانا | کانَ اور اس کے اخوات (افعالِ ناقصہ) — اسم مرفوع، خبر منصوب | جمع مذکر حاضر — تم سب | منصوب — أَنْ، لَنْ، کَيْ وغیرہ کی وجہ سے,,
993,V|IMPF|VF:1|FAM:كَان|3FP|MOOD:SUBJ,1,49:11:20,فعلِ مضارع — حال یا مستقبل کا کام,ثلاثی مجرد (فَعَلَ) | کانَ اور اس کے اخوات (افعالِ ناقصہ) — اسم مرفوع، خبر منصوب | جمع مؤنث غائب — وہ سب (عورتیں) | منصوب — أَنْ، لَنْ، کَيْ وغیرہ کی وجہ سے,,
994,V|IMPF|VF:6|2MP|MOOD:SUBJ,1,49:13:11,فعلِ مضارع — حال یا مستقبل کا کام,بابِ تفاعل (تَفاعَلَ) — اکثر باہم ایک دوسرے سے | جمع مذکر حاضر — تم سب | منصوب — أَنْ، لَنْ، کَيْ وغیرہ کی وجہ سے,,
995,N|ACT_PCPL|VF:5|MD|NOM,1,50:17:3,اسمِ فاعل,کام کرنے والا | مذکر، تثنیہ (دو) | مرفوع — عموماً فاعل، مبتدا یا خبر,,
997,V|PERF|VF:8|2FS,1,50:30:5,فعلِ ماضی — گزرا ہوا کام,بابِ افتعال (افْتَعَلَ) | واحد مؤنث حاضر — تُو (ایک عورت),,
998,N|ACT_PCPL|VF:1|MS|INDEF|GEN|ADJ,1,50:32:6,اسمِ فاعل,کام کرنے والا | صفت (نعت) — پہلے اسم کی خوبی بیان کرتا ہے | مذکر، واحد | مجرور — حرفِ جر کے بعد یا مضاف الیہ | نکرہ — غیر معین,,
999,N|ACT_PCPL|VF:3|M|GEN,1,50:41:4,اسمِ فاعل,کام کرنے والا | مذکر | مجرور — حرفِ جر کے بعد یا مضاف الیہ,,
1001,N|ACT_PCPL|VF:1|MP|INDEF|GEN,1,51:45:4,اسمِ فاعل,کام کرنے والا | مذکر، جمع | مجرور — حرفِ جر کے بعد یا مضاف الیہ | نکرہ — غیر معین,,
1005,N|ACT_PCPL|VF:8|F|ACC,1,53:53:1,اسمِ فاعل,کام کرنے والا | مؤنث | منصوب — عموماً مفعول، حال، یا إنّ کا اسم,,
1006,N|ACT_PCPL|VF:8|M|INDEF|NOM|ADJ,1,54:7:8,اسمِ فاعل,کام کرنے والا | صفت (نعت) — پہلے اسم کی خوبی بیان کرتا ہے | مذکر | مرفوع — عموماً فاعل، مبتدا یا خبر | نکرہ — غیر معین,,
1008,N|ACT_PCPL|VF:8|M|GEN,1,54:31:8,اسمِ فاعل,کام کرنے والا | مذکر | مجرور — حرفِ جر کے بعد یا مضاف الیہ,,
1009,V|PERF|VF:2|FAM:كَان|3MS,1,54:38:2,فعلِ ماضی — گزرا ہوا کام,بابِ تفعیل (فَعَّلَ) — اکثر شدت یا کسی سے کام کروانا | کانَ اور اس کے اخوات (افعالِ ناقصہ) — اسم مرفوع، خبر منصوب | واحد مذکر غائب — وہ (ایک مرد),,
1011,N|PASS_PCPL|VF:4|FP|NOM|ADJ,1,55:24:3,اسمِ مفعول,جس پر کام ہوا | صفت (نعت) — پہلے اسم کی خوبی بیان کرتا ہے | مؤنث، جمع | مرفوع — عموماً فاعل، مبتدا یا خبر,,
1012,V|IMPF|VF:8|2D|MOOD:IND,1,55:35:8,فعلِ مضارع — حال یا مستقبل کا کام,بابِ افتعال (افْتَعَلَ) | تثنیہ حاضر — تم دونوں | مرفوع (عام حالت),,
1013,N|ACT_PCPL|VF:11|FD|NOM,1,55:64:1,اسمِ فاعل,کام کرنے والا | مؤنث، تثنیہ (دو) | مرفوع — عموماً فاعل، مبتدا یا خبر,,
1014,N|PASS_PCPL|VF:1|F|INDEF|GEN|ADJ,1,56:15:3,اسمِ مفعول,جس پر کام ہوا | صفت (نعت) — پہلے اسم کی خوبی بیان کرتا ہے | مؤنث | مجرور — حرفِ جر کے بعد یا مضاف الیہ | نکرہ — غیر معین,,
1017,N|VN|VF:6|M|INDEF|NOM,1,57:20:8,مصدر,کام کا نام | مذکر | مرفوع — عموماً فاعل، مبتدا یا خبر | نکرہ — غیر معین,,
1018,N|VN|VF:3|M|INDEF|NOM,1,57:20:10,مصدر,کام کا نام | مذکر | مرفوع — عموماً فاعل، مبتدا یا خبر | نکرہ — غیر معین,,
1019,N|VN|VF:1|F|GEN,1,57:27:31,مصدر,کام کا نام | مؤنث | مجرور — حرفِ جر کے بعد یا مضاف الیہ,,
1020,V|IMPF|VF:3|2MS|MOOD:IND,1,58:1:6,فعلِ مضارع — حال یا مستقبل کا کام,بابِ مفاعلہ (فاعَلَ) — اکثر دوسرے کے ساتھ مل کر کام | واحد مذکر حاضر — تُو (ایک مرد) | مرفوع (عام حالت),,
1022,N|ACT_PCPL|VF:3|MP|GEN|ADJ,1,59:8:2,اسمِ فاعل,کام کرنے والا | صفت (نعت) — پہلے اسم کی خوبی بیان کرتا ہے | مذکر، جمع | مجرور — حرفِ جر کے بعد یا مضاف الیہ,,
1024,N|ACT_PCPL|VF:1|MD|ACC,1,59:17:6,اسمِ فاعل,کام کرنے والا | مذکر، تثنیہ (دو) | منصوب — عموماً مفعول، حال، یا إنّ کا اسم,,
1025,N|ACT_PCPL|VF:5|M|NOM|ADJ,1,59:23:15,اسمِ فاعل,کام کرنے والا | صفت (نعت) — پہلے اسم کی خوبی بیان کرتا ہے | مذکر | مرفوع — عموماً فاعل، مبتدا یا خبر,,
1027,N|ACT_PCPL|VF:4|FP|INDEF|ACC,1,60:10:14,اسمِ فاعل,کام کرنے والا | مؤنث، جمع | منصوب — عموماً مفعول، حال، یا إنّ کا اسم | نکرہ — غیر معین,,
1028,V|IMPF|VF:3|3FP|MOOD:IND,1,60:12:6,فعلِ مضارع — حال یا مستقبل کا کام,بابِ مفاعلہ (فاعَلَ) — اکثر دوسرے کے ساتھ مل کر کام | جمع مؤنث غائب — وہ سب (عورتیں) | مرفوع (عام حالت),,
1029,V|IMPF|VF:5|1S|MOOD:SUBJ,1,63:10:18,فعلِ مضارع — حال یا مستقبل کا کام,بابِ تفعّل (تَفَعَّلَ) — اکثر خود پر اثر لینا | واحد متکلم — میں | منصوب — أَنْ، لَنْ، کَيْ وغیرہ کی وجہ سے,,
1030,V|IMPF|VF:3|PASS|2MP|MOOD:JUS,1,65:6:8,فعلِ مضارع — حال یا مستقبل کا کام,مجہول — کام کرنے والے کا ذکر نہیں | بابِ مفاعلہ (فاعَلَ) — اکثر دوسرے کے ساتھ مل کر کام | جمع مذکر حاضر — تم سب | مجزوم — لَمْ، لائے نہی، لامِ امر یا شرط کی وجہ سے,,
1031,N|VN|VF:1|FS|ACC,1,66:1:10,مصدر,کام کا نام | مؤنث، واحد | منصوب — عموماً مفعول، حال، یا إنّ کا اسم,,
1032,V|IMPF|VF:6|2FD|MOOD:JUS,1,66:4:9,فعلِ مضارع — حال یا مستقبل کا کام,بابِ تفاعل (تَفاعَلَ) — اکثر باہم ایک دوسرے سے | تثنیہ مؤنث حاضر — تم دونوں (عورتیں) | مجزوم — لَمْ، لائے نہی، لامِ امر یا شرط کی وجہ سے,,
1034,N|ACT_PCPL|VF:1|FP|INDEF|ACC|ADJ,1,66:5:12,اسمِ فاعل,کام کرنے والا | صفت (نعت) — پہلے اسم کی خوبی بیان کرتا ہے | مؤنث، جمع | منصوب — عموماً مفعول، حال، یا إنّ کا اسم | نکرہ — غیر معین,,
1035,N|ACT_PCPL|VF:1|MD|GEN|ADJ,1,66:10:15,اسمِ فاعل,کام کرنے والا | صفت (نعت) — پہلے اسم کی خوبی بیان کرتا ہے | مذکر، تثنیہ (دو) | مجرور — حرفِ جر کے بعد یا مضاف الیہ,,
1036,N|ACT_PCPL|VF:1|FP|INDEF|ACC,1,67:19:6,اسمِ فاعل,کام کرنے والا | مؤنث، جمع | منصوب — عموماً مفعول، حال، یا إنّ کا اسم | نکرہ — غیر معین,,
1037,N|ACT_PCPL|VF:8|M|INDEF|GEN|ADJ,1,68:12:3,اسمِ فاعل,کام کرنے والا | صفت (نعت) — پہلے اسم کی خوبی بیان کرتا ہے | مذکر | مجرور — حرفِ جر کے بعد یا مضاف الیہ | نکرہ — غیر معین,,
1038,V|PERF|VF:4|FAM:كَان|3FS,1,68:20:1,فعلِ ماضی — گزرا ہوا کام,بابِ افعال (أَفْعَلَ) — اکثر کسی کو کچھ کروانا | کانَ اور اس کے اخوات (افعالِ ناقصہ) — اسم مرفوع، خبر منصوب | واحد مؤنث غائب — وہ (ایک عورت),,
1039,N|ACT_PCPL|VF:8|FP|NOM,1,69:9:5,اسمِ فاعل,کام کرنے والا | مؤنث، جمع | مرفوع — عموماً فاعل، مبتدا یا خبر,,
1040,V|PERF|VF:1|PASS|3FD,1,69:14:4,فعلِ ماضی — گزرا ہوا کام,مجہول — کام کرنے والے کا ذکر نہیں | ثلاثی مجرد (فَعَلَ) | تثنیہ مؤنث غائب — وہ دونوں (عورتیں),,
1041,N|ACT_PCPL|VF:1|F|GEN|ADJ,1,69:24:8,اسمِ فاعل,کام کرنے والا | صفت (نعت) — پہلے اسم کی خوبی بیان کرتا ہے | مؤنث | مجرور — حرفِ جر کے بعد یا مضاف الیہ,,
1042,V|IMPF|VF:4|PASS|3FS|MOOD:JUS,1,69:25:9,فعلِ مضارع — حال یا مستقبل کا کام,مجہول — کام کرنے والے کا ذکر نہیں | بابِ افعال (أَفْعَلَ) — اکثر کسی کو کچھ کروانا | واحد مؤنث غائب — وہ (ایک عورت) | مجزوم — لَمْ، لائے نہی، لامِ امر یا شرط کی وجہ سے,,
1045,N|PN|ACT_PCPL|VF:4|MP|NOM,1,72:14:3,عَلَم (خاص نام),اسمِ فاعل — کام کرنے والا | مذکر، جمع | مرفوع — عموماً فاعل، مبتدا یا خبر,,
1046,N|ACT_PCPL|VF:7|M|INDEF|NOM,1,73:18:2,اسمِ فاعل,کام کرنے والا | مذکر | مرفوع — عموماً فاعل، مبتدا یا خبر | نکرہ — غیر معین,,
1047,N|VN|VF:2|F|GEN,1,74:49:4,مصدر,کام کا نام | مؤنث | مجرور — حرفِ جر کے بعد یا مضاف الیہ,,
1048,N|ACT_PCPL|VF:10|F|INDEF|NOM|ADJ,1,74:50:3,اسمِ فاعل,کام کرنے والا | صفت (نعت) — پہلے اسم کی خوبی بیان کرتا ہے | مؤنث | مرفوع — عموماً فاعل، مبتدا یا خبر | نکرہ — غیر معین,,
1052,N|PASS_PCPL|VF:8|M|NOM,1,79:44:3,اسمِ مفعول,جس پر کام ہوا | مذکر | مرفوع — عموماً فاعل، مبتدا یا خبر,,
1054,N|ACT_PCPL|VF:10|F|INDEF|NOM,1,80:39:2,اسمِ فاعل,کام کرنے والا | مؤنث | مرفوع — عموماً فاعل، مبتدا یا خبر | نکرہ — غیر معین,,
1055,N|PASS_PCPL|VF:4|M|INDEF|GEN|ADJ,1,81:21:1,اسمِ مفعول,جس پر کام ہوا | صفت (نعت) — پہلے اسم کی خوبی بیان کرتا ہے | مذکر | مجرور — حرفِ جر کے بعد یا مضاف الیہ | نکرہ — غیر معین,,
1056,N|COND|GEN,1,82:8:2,اسمِ شرط,مجرور — حرفِ جر کے بعد یا مضاف الیہ,,
1057,V|IMPF|VF:6|3MS|MOOD:JUS,1,83:26:5,فعلِ مضارع — حال یا مستقبل کا کام,بابِ تفاعل (تَفاعَلَ) — اکثر باہم ایک دوسرے سے | واحد مذکر غائب — وہ (ایک مرد) | مجزوم — لَمْ، لائے نہی، لامِ امر یا شرط کی وجہ سے,,
1058,N|VN|VF:1|INDEF|NOM,1,85:6:4,مصدر,کام کا نام | مرفوع — عموماً فاعل، مبتدا یا خبر | نکرہ — غیر معین,,
1059,N|ACT_PCPL|VF:1|FS|GEN,1,88:1:4,اسمِ فاعل,کام کرنے والا | مؤنث، واحد | مجرور — حرفِ جر کے بعد یا مضاف الیہ,,
1060,N|ACT_PCPL|VF:2|M|INDEF|GEN,1,88:22:3,اسمِ فاعل,کام کرنے والا | مذکر | مجرور — حرفِ جر کے بعد یا مضاف الیہ | نکرہ — غیر معین,,
1061,N|VN|VF:1|M|INDEF|ACC|ADJ,1,89:19:4,مصدر,کام کا نام | صفت (نعت) — پہلے اسم کی خوبی بیان کرتا ہے | مذکر | منصوب — عموماً مفعول، حال، یا إنّ کا اسم | نکرہ — غیر معین,,
1062,N|ACT_PCPL|VF:4|F|NOM|ADJ,1,89:27:3,اسمِ فاعل,کام کرنے والا | صفت (نعت) — پہلے اسم کی خوبی بیان کرتا ہے | مؤنث | مرفوع — عموماً فاعل، مبتدا یا خبر,,
1063,N|ACT_PCPL|VF:7|MP|ACC,1,98:1:9,اسمِ فاعل,کام کرنے والا | مذکر، جمع | منصوب — عموماً مفعول، حال، یا إنّ کا اسم,,
1064,N|PASS_PCPL|VF:4|F|NOM|ADJ,1,104:6:3,اسمِ مفعول,جس پر کام ہوا | صفت (نعت) — پہلے اسم کی خوبی بیان کرتا ہے | مؤنث | مرفوع — عموماً فاعل، مبتدا یا خبر,,
1065,N|PN|P|GEN,1,106:1:2,عَلَم (خاص نام),مجرور — حرفِ جر کے بعد یا مضاف الیہ,,
1066,N|ACT_PCPL|VF:1|FS|ACC,1,111:4:2,اسمِ فاعل,کام کرنے والا | مؤنث، واحد | منصوب — عموماً مفعول، حال، یا إنّ کا اسم,,
